ts,value
2025-11-04 21:10:00+00:00,0.0
2025-11-04 21:15:00+00:00,0.0
2025-11-04 21:20:00+00:00,0.011150084880360385
2025-11-04 21:25:00+00:00,0.01092179030702825
2025-11-04 21:30:00+00:00,0.01105768973367256
2025-11-04 21:35:00+00:00,0.007934838010553728
2025-11-04 21:40:00+00:00,0.0
2025-11-04 21:45:00+00:00,0.0
2025-11-04 21:50:00+00:00,0.007360670022797166
2025-11-04 21:55:00+00:00,0.011093194024604663
2025-11-04 22:00:00+00:00,0.011033176120958828
2025-11-04 22:05:00+00:00,0.018832750487745853
2025-11-04 22:10:00+00:00,0.0
2025-11-04 22:15:00+00:00,0.0
2025-11-04 22:20:00+00:00,0.0
2025-11-04 22:25:00+00:00,0.0
2025-11-04 22:30:00+00:00,0.0
2025-11-04 22:35:00+00:00,0.0
2025-11-04 22:40:00+00:00,0.0
2025-11-04 22:45:00+00:00,0.0
2025-11-04 22:50:00+00:00,0.0
2025-11-04 22:55:00+00:00,0.0
2025-11-04 23:00:00+00:00,0.0
2025-11-04 23:05:00+00:00,0.007652678406029416
2025-11-04 23:10:00+00:00,0.0
2025-11-04 23:15:00+00:00,0.014676818513033681
2025-11-04 23:20:00+00:00,0.014837325246710525
2025-11-04 23:25:00+00:00,0.01802466877719812
2025-11-04 23:30:00+00:00,0.015137695011339687
2025-11-04 23:35:00+00:00,0.01828626749808328
2025-11-04 23:40:00+00:00,0.0
2025-11-04 23:45:00+00:00,0.014821451588680867
2025-11-04 23:50:00+00:00,0.01448607612074467
2025-11-04 23:55:00+00:00,0.011328306532742683
2025-11-05 00:00:00+00:00,0.01464391507600483
2025-11-05 00:05:00+00:00,0.02526413934272632
2025-11-05 00:10:00+00:00,0.0
2025-11-05 00:15:00+00:00,0.0
2025-11-05 00:20:00+00:00,0.0
2025-11-05 00:25:00+00:00,0.0
2025-11-05 00:30:00+00:00,0.0
2025-11-05 00:35:00+00:00,0.0
2025-11-05 00:40:00+00:00,0.0
2025-11-05 00:45:00+00:00,0.0
2025-11-05 00:50:00+00:00,0.0
2025-11-05 00:55:00+00:00,0.0
2025-11-05 01:00:00+00:00,0.0
2025-11-05 01:05:00+00:00,0.015195153052346746
2025-11-05 01:10:00+00:00,0.014641960880212615
2025-11-05 01:15:00+00:00,0.014577346935606838
2025-11-05 01:20:00+00:00,0.015013477258514938
2025-11-05 01:25:00+00:00,0.0
2025-11-05 01:30:00+00:00,0.014504351532250118
2025-11-05 01:35:00+00:00,0.014555680124383222
2025-11-05 01:40:00+00:00,0.011234956875182034
2025-11-05 01:45:00+00:00,0.014533377530282002
2025-11-05 01:50:00+00:00,0.014937962147227504
2025-11-05 01:55:00+00:00,0.0
2025-11-05 02:00:00+00:00,0.0
2025-11-05 02:05:00+00:00,0.025632388131660324
2025-11-05 02:10:00+00:00,0.0
2025-11-05 02:15:00+00:00,0.0
2025-11-05 02:20:00+00:00,0.0
2025-11-05 02:25:00+00:00,0.0
2025-11-05 02:30:00+00:00,0.0
2025-11-05 02:35:00+00:00,0.0
2025-11-05 02:40:00+00:00,0.0
2025-11-05 02:45:00+00:00,0.0
2025-11-05 02:50:00+00:00,0.0
2025-11-05 02:55:00+00:00,0.0
2025-11-05 03:00:00+00:00,0.0
2025-11-05 03:05:00+00:00,0.01128099759419759
2025-11-05 03:10:00+00:00,0.0
2025-11-05 03:15:00+00:00,0.0
2025-11-05 03:20:00+00:00,0.011096523519147906
2025-11-05 03:25:00+00:00,0.014560123912075108
2025-11-05 03:30:00+00:00,0.010819455196982936
2025-11-05 03:35:00+00:00,0.014656737812778405
2025-11-05 03:40:00+00:00,0.0
2025-11-05 03:45:00+00:00,0.014508090939438133
2025-11-05 03:50:00+00:00,0.010917604178713078
2025-11-05 03:55:00+00:00,0.014436854814228257
2025-11-05 04:00:00+00:00,0.014466135125411183
2025-11-05 04:05:00+00:00,0.0
2025-11-05 04:10:00+00:00,0.0
2025-11-05 04:15:00+00:00,0.0
2025-11-05 04:20:00+00:00,0.0
2025-11-05 04:25:00+00:00,0.0
2025-11-05 04:30:00+00:00,0.0
2025-11-05 04:35:00+00:00,0.0
2025-11-05 04:40:00+00:00,0.0
2025-11-05 04:45:00+00:00,0.0
2025-11-05 04:50:00+00:00,0.0
2025-11-05 04:55:00+00:00,0.0
2025-11-05 05:00:00+00:00,0.0
2025-11-05 05:05:00+00:00,0.0
2025-11-05 05:10:00+00:00,0.0
2025-11-05 05:15:00+00:00,0.0
2025-11-05 05:20:00+00:00,0.0
2025-11-05 05:25:00+00:00,0.0
2025-11-05 05:30:00+00:00,0.0
2025-11-05 05:35:00+00:00,0.0
2025-11-05 05:40:00+00:00,0.0
2025-11-05 05:45:00+00:00,0.0
2025-11-05 05:50:00+00:00,0.0
2025-11-05 05:55:00+00:00,0.0
2025-11-05 06:00:00+00:00,0.0
2025-11-05 06:05:00+00:00,0.0
2025-11-05 06:10:00+00:00,0.0
2025-11-05 06:15:00+00:00,0.0
2025-11-05 06:20:00+00:00,0.0
2025-11-05 06:25:00+00:00,0.0
2025-11-05 06:30:00+00:00,0.0
2025-11-05 06:35:00+00:00,0.0
2025-11-05 06:40:00+00:00,0.0
2025-11-05 06:45:00+00:00,0.0
2025-11-05 06:50:00+00:00,0.0
2025-11-05 06:55:00+00:00,0.0
2025-11-05 07:00:00+00:00,0.0
2025-11-05 07:05:00+00:00,0.0
2025-11-05 07:10:00+00:00,0.0
2025-11-05 07:15:00+00:00,0.0
2025-11-05 07:20:00+00:00,0.0
2025-11-05 07:25:00+00:00,0.0
2025-11-05 07:30:00+00:00,0.0
2025-11-05 07:35:00+00:00,0.0
2025-11-05 07:40:00+00:00,0.0
2025-11-05 07:45:00+00:00,0.0
2025-11-05 07:50:00+00:00,0.0
2025-11-05 07:55:00+00:00,0.0
2025-11-05 08:00:00+00:00,0.0
2025-11-05 08:05:00+00:00,0.0
2025-11-05 08:10:00+00:00,0.0
2025-11-05 08:15:00+00:00,0.0
2025-11-05 08:20:00+00:00,0.0
2025-11-05 08:25:00+00:00,0.0
2025-11-05 08:30:00+00:00,0.0
2025-11-05 08:35:00+00:00,0.0
2025-11-05 08:40:00+00:00,0.0
2025-11-05 08:45:00+00:00,0.0
2025-11-05 08:50:00+00:00,0.0
2025-11-05 08:55:00+00:00,0.0
2025-11-05 09:00:00+00:00,0.0
2025-11-05 09:05:00+00:00,0.0
2025-11-05 09:10:00+00:00,0.0
2025-11-05 09:15:00+00:00,0.0
2025-11-05 09:20:00+00:00,0.0
2025-11-05 09:25:00+00:00,0.0
2025-11-05 09:30:00+00:00,0.0
2025-11-05 09:35:00+00:00,0.0
2025-11-05 09:40:00+00:00,0.0
2025-11-05 09:45:00+00:00,0.0
2025-11-05 09:50:00+00:00,0.0
2025-11-05 09:55:00+00:00,0.0
2025-11-05 10:00:00+00:00,0.0
2025-11-05 10:05:00+00:00,0.0
2025-11-05 10:10:00+00:00,0.0
2025-11-05 10:15:00+00:00,0.0
2025-11-05 10:20:00+00:00,0.0
2025-11-05 10:25:00+00:00,0.0
2025-11-05 10:30:00+00:00,0.0
2025-11-05 10:35:00+00:00,0.0
2025-11-05 10:40:00+00:00,0.0
2025-11-05 10:45:00+00:00,0.0
2025-11-05 10:50:00+00:00,0.0
2025-11-05 10:55:00+00:00,0.0
2025-11-05 11:00:00+00:00,0.0
2025-11-05 11:05:00+00:00,0.0
2025-11-05 11:10:00+00:00,0.0
2025-11-05 11:15:00+00:00,0.0
2025-11-05 11:20:00+00:00,0.0
2025-11-05 11:25:00+00:00,0.0
2025-11-05 11:30:00+00:00,0.0
2025-11-05 11:35:00+00:00,0.0
2025-11-05 11:40:00+00:00,0.0
2025-11-05 11:45:00+00:00,0.0
2025-11-05 11:50:00+00:00,0.0
2025-11-05 11:55:00+00:00,0.0
2025-11-05 12:00:00+00:00,0.0
2025-11-05 12:05:00+00:00,0.0
2025-11-05 12:10:00+00:00,0.0
2025-11-05 12:15:00+00:00,0.0
2025-11-05 12:20:00+00:00,0.0
2025-11-05 12:25:00+00:00,0.0
2025-11-05 12:30:00+00:00,0.0
2025-11-05 12:35:00+00:00,0.0
2025-11-05 12:40:00+00:00,0.0
2025-11-05 12:45:00+00:00,0.0
2025-11-05 12:50:00+00:00,0.0
2025-11-05 12:55:00+00:00,0.0
2025-11-05 13:00:00+00:00,0.0
2025-11-05 13:05:00+00:00,0.0
2025-11-05 13:10:00+00:00,0.0
2025-11-05 13:15:00+00:00,0.0
2025-11-05 13:20:00+00:00,0.0
2025-11-05 13:25:00+00:00,0.0
2025-11-05 13:30:00+00:00,0.0
2025-11-05 13:35:00+00:00,0.0
2025-11-05 13:40:00+00:00,0.0
2025-11-05 13:45:00+00:00,0.0
2025-11-05 13:50:00+00:00,0.0
2025-11-05 13:55:00+00:00,0.0
2025-11-05 14:00:00+00:00,0.0
2025-11-05 14:05:00+00:00,0.0
2025-11-05 14:10:00+00:00,0.0
2025-11-05 14:15:00+00:00,0.0
2025-11-05 14:20:00+00:00,0.0
2025-11-05 14:25:00+00:00,0.0
2025-11-05 14:30:00+00:00,0.0
2025-11-05 14:35:00+00:00,0.0
2025-11-05 14:40:00+00:00,0.0
2025-11-05 14:45:00+00:00,0.0
2025-11-05 14:50:00+00:00,0.0
2025-11-05 14:55:00+00:00,0.0
2025-11-05 15:00:00+00:00,0.0
2025-11-05 15:05:00+00:00,0.0
2025-11-05 15:10:00+00:00,0.0
2025-11-05 15:15:00+00:00,0.0
2025-11-05 15:20:00+00:00,0.0
2025-11-05 15:25:00+00:00,0.0
2025-11-05 15:30:00+00:00,0.0
2025-11-05 15:35:00+00:00,0.0
2025-11-05 15:40:00+00:00,0.0
2025-11-05 15:45:00+00:00,0.0
2025-11-05 15:50:00+00:00,0.0
2025-11-05 15:55:00+00:00,0.0
2025-11-05 16:00:00+00:00,0.0
2025-11-05 16:05:00+00:00,0.0
2025-11-05 16:10:00+00:00,0.0
2025-11-05 16:15:00+00:00,0.0
2025-11-05 16:20:00+00:00,0.0
2025-11-05 16:25:00+00:00,0.0
2025-11-05 16:30:00+00:00,0.0
2025-11-05 16:35:00+00:00,0.0
2025-11-05 16:40:00+00:00,0.0
2025-11-05 16:45:00+00:00,0.0
2025-11-05 16:50:00+00:00,0.0
2025-11-05 16:55:00+00:00,0.0
2025-11-05 17:00:00+00:00,0.0
2025-11-05 17:05:00+00:00,0.0
2025-11-05 17:10:00+00:00,0.0
2025-11-05 17:15:00+00:00,0.0
2025-11-05 17:20:00+00:00,0.0
2025-11-05 17:25:00+00:00,0.0
2025-11-05 17:30:00+00:00,0.0
2025-11-05 17:35:00+00:00,0.0
2025-11-05 17:40:00+00:00,0.0
2025-11-05 17:45:00+00:00,0.0
2025-11-05 17:50:00+00:00,0.0
2025-11-05 17:55:00+00:00,0.0
2025-11-05 18:00:00+00:00,0.0
2025-11-05 18:05:00+00:00,0.011083506701285379
2025-11-05 18:10:00+00:00,0.0
2025-11-05 18:15:00+00:00,0.0
2025-11-05 18:20:00+00:00,0.0
2025-11-05 18:25:00+00:00,0.0
2025-11-05 18:30:00+00:00,0.0
2025-11-05 18:35:00+00:00,0.0
2025-11-05 18:40:00+00:00,0.0
2025-11-05 18:45:00+00:00,0.0
2025-11-05 18:50:00+00:00,0.0
2025-11-05 18:55:00+00:00,0.0
2025-11-05 19:00:00+00:00,0.0
2025-11-05 19:05:00+00:00,0.011062425479554293
2025-11-05 19:10:00+00:00,0.0
2025-11-05 19:15:00+00:00,0.015403791896083896
2025-11-05 19:20:00+00:00,0.014380116211740592
2025-11-05 19:25:00+00:00,0.014440448660599556
2025-11-05 19:30:00+00:00,0.01818221995705052
2025-11-05 19:35:00+00:00,0.014603567959969503
2025-11-05 19:40:00+00:00,0.0
2025-11-05 19:45:00+00:00,0.014790026346842447
2025-11-05 19:50:00+00:00,0.011382623304400527
2025-11-05 19:55:00+00:00,0.011039345724540843
2025-11-05 20:00:00+00:00,0.01460624995984529
2025-11-05 20:05:00+00:00,0.022667406316389114
2025-11-05 20:10:00+00:00,0.0
2025-11-05 20:15:00+00:00,0.0
2025-11-05 20:20:00+00:00,0.0
2025-11-05 20:25:00+00:00,0.0
2025-11-05 20:30:00+00:00,0.0
2025-11-05 20:35:00+00:00,0.0
2025-11-05 20:40:00+00:00,0.0
2025-11-05 20:45:00+00:00,0.0
2025-11-05 20:50:00+00:00,0.0
2025-11-05 20:55:00+00:00,0.0
2025-11-05 21:00:00+00:00,0.0
2025-11-05 21:05:00+00:00,0.011428403017813699
2025-11-05 21:10:00+00:00,0.014392920544272974
2025-11-05 21:15:00+00:00,0.015085236231486
2025-11-05 21:20:00+00:00,0.014934983169823361
2025-11-05 21:25:00+00:00,0.018488552695826478
2025-11-05 21:30:00+00:00,0.01829517515082108
2025-11-05 21:35:00+00:00,0.02961196230168928
2025-11-05 21:40:00+00:00,0.0
2025-11-05 21:45:00+00:00,0.014924501954463489
2025-11-05 21:50:00+00:00,0.014570334919711998
2025-11-05 21:55:00+00:00,0.018712345759073892
2025-11-05 22:00:00+00:00,0.02213132674233955
2025-11-05 22:05:00+00:00,0.025580524143419766
2025-11-05 22:10:00+00:00,0.0
2025-11-05 22:15:00+00:00,0.0
2025-11-05 22:20:00+00:00,0.0
2025-11-05 22:25:00+00:00,0.0
2025-11-05 22:30:00+00:00,0.0
2025-11-05 22:35:00+00:00,0.0
2025-11-05 22:40:00+00:00,0.0
2025-11-05 22:45:00+00:00,0.0
2025-11-05 22:50:00+00:00,0.0
2025-11-05 22:55:00+00:00,0.0
2025-11-05 23:00:00+00:00,0.0
2025-11-05 23:05:00+00:00,0.018761249174151503
2025-11-05 23:10:00+00:00,0.018339468303479645
2025-11-05 23:15:00+00:00,0.018207923989546924
2025-11-05 23:20:00+00:00,0.018057168994033545
2025-11-05 23:25:00+00:00,0.0
2025-11-05 23:30:00+00:00,0.01439070283320912
2025-11-05 23:35:00+00:00,0.018767235571877997
2025-11-05 23:40:00+00:00,0.014831846638729697
2025-11-05 23:45:00+00:00,0.018694370671322468
2025-11-05 23:50:00+00:00,0.018629767601950124
2025-11-05 23:55:00+00:00,0.0
2025-11-06 00:00:00+00:00,0.015062064455266583
2025-11-06 00:05:00+00:00,0.02210357314661929
2025-11-06 00:10:00+00:00,0.0
2025-11-06 00:15:00+00:00,0.0
2025-11-06 00:20:00+00:00,0.0
2025-11-06 00:25:00+00:00,0.0
2025-11-06 00:30:00+00:00,0.0
2025-11-06 00:35:00+00:00,0.0
2025-11-06 00:40:00+00:00,0.0
2025-11-06 00:45:00+00:00,0.0
2025-11-06 00:50:00+00:00,0.0
2025-11-06 00:55:00+00:00,0.0
2025-11-06 01:00:00+00:00,0.0
2025-11-06 01:05:00+00:00,0.018365913524962307
2025-11-06 01:10:00+00:00,0.011153092300682736
2025-11-06 01:15:00+00:00,0.014727978957326786
2025-11-06 01:20:00+00:00,0.014434865483066491
2025-11-06 01:25:00+00:00,0.0
2025-11-06 01:30:00+00:00,0.014914897450229576
2025-11-06 01:35:00+00:00,0.014694828736154655
2025-11-06 01:40:00+00:00,0.018107820812024566
2025-11-06 01:45:00+00:00,0.01851944003188819
2025-11-06 01:50:00+00:00,0.018381805587233156
2025-11-06 01:55:00+00:00,0.0
2025-11-06 02:00:00+00:00,0.01860569318135579
2025-11-06 02:05:00+00:00,0.030881379780016444
2025-11-06 02:10:00+00:00,0.0
2025-11-06 02:15:00+00:00,0.0
2025-11-06 02:20:00+00:00,0.0
2025-11-06 02:25:00+00:00,0.0
2025-11-06 02:30:00+00:00,0.0
2025-11-06 02:35:00+00:00,0.0
2025-11-06 02:40:00+00:00,0.0
2025-11-06 02:45:00+00:00,0.0
2025-11-06 02:50:00+00:00,0.0
2025-11-06 02:55:00+00:00,0.0
2025-11-06 03:00:00+00:00,0.0
2025-11-06 03:05:00+00:00,0.010899548781545537
2025-11-06 03:10:00+00:00,0.0
2025-11-06 03:15:00+00:00,0.015102163114045794
2025-11-06 03:20:00+00:00,0.014712178079705488
2025-11-06 03:25:00+00:00,0.014569042440046342
2025-11-06 03:30:00+00:00,0.014807623311092977
2025-11-06 03:35:00+00:00,0.014737114989966675
2025-11-06 03:40:00+00:00,0.0
2025-11-06 03:45:00+00:00,0.014691944289625735
2025-11-06 03:50:00+00:00,0.01506828843501576
2025-11-06 03:55:00+00:00,0.018373989640620716
2025-11-06 04:00:00+00:00,0.011140172523364685
2025-11-06 04:05:00+00:00,0.0
2025-11-06 04:10:00+00:00,0.0
2025-11-06 04:15:00+00:00,0.0
2025-11-06 04:20:00+00:00,0.0
2025-11-06 04:25:00+00:00,0.0
2025-11-06 04:30:00+00:00,0.0
2025-11-06 04:35:00+00:00,0.0
2025-11-06 04:40:00+00:00,0.0
2025-11-06 04:45:00+00:00,0.0
2025-11-06 04:50:00+00:00,0.0
2025-11-06 04:55:00+00:00,0.0
2025-11-06 05:00:00+00:00,0.0
2025-11-06 05:05:00+00:00,0.0
2025-11-06 05:10:00+00:00,0.0
2025-11-06 05:15:00+00:00,0.0
2025-11-06 05:20:00+00:00,0.0
2025-11-06 05:25:00+00:00,0.0
2025-11-06 05:30:00+00:00,0.0
2025-11-06 05:35:00+00:00,0.0
2025-11-06 05:40:00+00:00,0.0
2025-11-06 05:45:00+00:00,0.0
2025-11-06 05:50:00+00:00,0.0
2025-11-06 05:55:00+00:00,0.0
2025-11-06 06:00:00+00:00,0.0
2025-11-06 06:05:00+00:00,0.0
2025-11-06 06:10:00+00:00,0.0
2025-11-06 06:15:00+00:00,0.0
2025-11-06 06:20:00+00:00,0.0
2025-11-06 06:25:00+00:00,0.0
2025-11-06 06:30:00+00:00,0.0
2025-11-06 06:35:00+00:00,0.0
2025-11-06 06:40:00+00:00,0.0
2025-11-06 06:45:00+00:00,0.0
2025-11-06 06:50:00+00:00,0.0
2025-11-06 06:55:00+00:00,0.0
2025-11-06 07:00:00+00:00,0.0
2025-11-06 07:05:00+00:00,0.0
2025-11-06 07:10:00+00:00,0.0
2025-11-06 07:15:00+00:00,0.0
2025-11-06 07:20:00+00:00,0.0
2025-11-06 07:25:00+00:00,0.0
2025-11-06 07:30:00+00:00,0.0
2025-11-06 07:35:00+00:00,0.0
2025-11-06 07:40:00+00:00,0.0
2025-11-06 07:45:00+00:00,0.0
2025-11-06 07:50:00+00:00,0.0
2025-11-06 07:55:00+00:00,0.0
2025-11-06 08:00:00+00:00,0.0
2025-11-06 08:05:00+00:00,0.0
2025-11-06 08:10:00+00:00,0.0
2025-11-06 08:15:00+00:00,0.0
2025-11-06 08:20:00+00:00,0.0
2025-11-06 08:25:00+00:00,0.0
2025-11-06 08:30:00+00:00,0.0
2025-11-06 08:35:00+00:00,0.0
2025-11-06 08:40:00+00:00,0.0
2025-11-06 08:45:00+00:00,0.0
2025-11-06 08:50:00+00:00,0.0
2025-11-06 08:55:00+00:00,0.0
2025-11-06 09:00:00+00:00,0.0
2025-11-06 09:05:00+00:00,0.0
2025-11-06 09:10:00+00:00,0.0
2025-11-06 09:15:00+00:00,0.0
2025-11-06 09:20:00+00:00,0.0
2025-11-06 09:25:00+00:00,0.0
2025-11-06 09:30:00+00:00,0.0
2025-11-06 09:35:00+00:00,0.0
2025-11-06 09:40:00+00:00,0.0
2025-11-06 09:45:00+00:00,0.0
2025-11-06 09:50:00+00:00,0.0
2025-11-06 09:55:00+00:00,0.0
2025-11-06 10:00:00+00:00,0.0
2025-11-06 10:05:00+00:00,0.0
2025-11-06 10:10:00+00:00,0.0
2025-11-06 10:15:00+00:00,0.0
2025-11-06 10:20:00+00:00,0.0
2025-11-06 10:25:00+00:00,0.0
2025-11-06 10:30:00+00:00,0.0
2025-11-06 10:35:00+00:00,0.0
2025-11-06 10:40:00+00:00,0.0
2025-11-06 10:45:00+00:00,0.0
2025-11-06 10:50:00+00:00,0.0
2025-11-06 10:55:00+00:00,0.0
2025-11-06 11:00:00+00:00,0.0
2025-11-06 11:05:00+00:00,0.0
2025-11-06 11:10:00+00:00,0.0
2025-11-06 11:15:00+00:00,0.0
2025-11-06 11:20:00+00:00,0.0
2025-11-06 11:25:00+00:00,0.0
2025-11-06 11:30:00+00:00,0.0
2025-11-06 11:35:00+00:00,0.0
2025-11-06 11:40:00+00:00,0.0
2025-11-06 11:45:00+00:00,0.0
2025-11-06 11:50:00+00:00,0.0
2025-11-06 11:55:00+00:00,0.0
2025-11-06 12:00:00+00:00,0.0
2025-11-06 12:05:00+00:00,0.0
2025-11-06 12:10:00+00:00,0.0
2025-11-06 12:15:00+00:00,0.0
2025-11-06 12:20:00+00:00,0.0
2025-11-06 12:25:00+00:00,0.0
2025-11-06 12:30:00+00:00,0.0
2025-11-06 12:35:00+00:00,0.0
2025-11-06 12:40:00+00:00,0.0
2025-11-06 12:45:00+00:00,0.0
2025-11-06 12:50:00+00:00,0.0
2025-11-06 12:55:00+00:00,0.0
2025-11-06 13:00:00+00:00,0.0
2025-11-06 13:05:00+00:00,0.0
2025-11-06 13:10:00+00:00,0.0
2025-11-06 13:15:00+00:00,0.0
2025-11-06 13:20:00+00:00,0.0
2025-11-06 13:25:00+00:00,0.0
2025-11-06 13:30:00+00:00,0.0
2025-11-06 13:35:00+00:00,0.0
2025-11-06 13:40:00+00:00,0.0
2025-11-06 13:45:00+00:00,0.0
2025-11-06 13:50:00+00:00,0.0
2025-11-06 13:55:00+00:00,0.0
2025-11-06 14:00:00+00:00,0.0
2025-11-06 14:05:00+00:00,0.0
2025-11-06 14:10:00+00:00,0.0
2025-11-06 14:15:00+00:00,0.0
2025-11-06 14:20:00+00:00,0.0
2025-11-06 14:25:00+00:00,0.0
2025-11-06 14:30:00+00:00,0.0
2025-11-06 14:35:00+00:00,0.0
2025-11-06 14:40:00+00:00,0.0
2025-11-06 14:45:00+00:00,0.0
2025-11-06 14:50:00+00:00,0.0
2025-11-06 14:55:00+00:00,0.0
2025-11-06 15:00:00+00:00,0.0
2025-11-06 15:05:00+00:00,0.0
2025-11-06 15:10:00+00:00,0.0
2025-11-06 15:15:00+00:00,0.0
2025-11-06 15:20:00+00:00,0.0
2025-11-06 15:25:00+00:00,0.0
2025-11-06 15:30:00+00:00,0.0
2025-11-06 15:35:00+00:00,0.0
2025-11-06 15:40:00+00:00,0.0
2025-11-06 15:45:00+00:00,0.0
2025-11-06 15:50:00+00:00,0.0
2025-11-06 15:55:00+00:00,0.0
2025-11-06 16:00:00+00:00,0.0
2025-11-06 16:05:00+00:00,0.0
2025-11-06 16:10:00+00:00,0.0
2025-11-06 16:15:00+00:00,0.0
2025-11-06 16:20:00+00:00,0.0
2025-11-06 16:25:00+00:00,0.0
2025-11-06 16:30:00+00:00,0.0
2025-11-06 16:35:00+00:00,0.0
2025-11-06 16:40:00+00:00,0.0
2025-11-06 16:45:00+00:00,0.0
2025-11-06 16:50:00+00:00,0.0
2025-11-06 16:55:00+00:00,0.0
2025-11-06 17:00:00+00:00,0.0
2025-11-06 17:05:00+00:00,0.0
2025-11-06 17:10:00+00:00,0.0
2025-11-06 17:15:00+00:00,0.0
2025-11-06 17:20:00+00:00,0.0
2025-11-06 17:25:00+00:00,0.0
2025-11-06 17:30:00+00:00,0.0
2025-11-06 17:35:00+00:00,0.0
2025-11-06 17:40:00+00:00,0.0
2025-11-06 17:45:00+00:00,0.0
2025-11-06 17:50:00+00:00,0.0
2025-11-06 17:55:00+00:00,0.0
2025-11-06 18:00:00+00:00,0.0
2025-11-06 18:05:00+00:00,0.04872846687049196
2025-11-06 18:10:00+00:00,0.0
2025-11-06 18:15:00+00:00,0.0
2025-11-06 18:20:00+00:00,0.0
2025-11-06 18:25:00+00:00,0.0
2025-11-06 18:30:00+00:00,0.0
2025-11-06 18:35:00+00:00,0.0
2025-11-06 18:40:00+00:00,0.0
2025-11-06 18:45:00+00:00,0.0
2025-11-06 18:50:00+00:00,0.0
2025-11-06 18:55:00+00:00,0.0
2025-11-06 19:00:00+00:00,0.0
2025-11-06 19:05:00+00:00,0.014719517189159726
2025-11-06 19:10:00+00:00,0.0
2025-11-06 19:15:00+00:00,0.021984528658682837
2025-11-06 19:20:00+00:00,0.0225763295826159
2025-11-06 19:25:00+00:00,0.022432394195021244
2025-11-06 19:30:00+00:00,0.022458795079013754
2025-11-06 19:35:00+00:00,0.02636798724793551
2025-11-06 19:40:00+00:00,0.0
2025-11-06 19:45:00+00:00,0.022255147130865797
2025-11-06 19:50:00+00:00,0.02620458686560915
2025-11-06 19:55:00+00:00,0.018689527846219245
2025-11-06 20:00:00+00:00,0.025510826445462407
2025-11-06 20:05:00+00:00,0.014812659380728737
2025-11-06 20:10:00+00:00,0.0
2025-11-06 20:15:00+00:00,0.0
2025-11-06 20:20:00+00:00,0.0
2025-11-06 20:25:00+00:00,0.0
2025-11-06 20:30:00+00:00,0.0
2025-11-06 20:35:00+00:00,0.0
2025-11-06 20:40:00+00:00,0.0
2025-11-06 20:45:00+00:00,0.0
2025-11-06 20:50:00+00:00,0.0
2025-11-06 20:55:00+00:00,0.0
2025-11-06 21:00:00+00:00,0.0
2025-11-06 21:05:00+00:00,0.023114920499032
2025-11-06 21:10:00+00:00,0.018478525730601526
2025-11-06 21:15:00+00:00,0.01864682498731111
2025-11-06 21:20:00+00:00,0.018809674915514493
2025-11-06 21:25:00+00:00,0.0
2025-11-06 21:30:00+00:00,0.018491688945837186
2025-11-06 21:35:00+00:00,0.021999939701013396
2025-11-06 21:40:00+00:00,0.01834537439179002
2025-11-06 21:45:00+00:00,0.02225221834684673
2025-11-06 21:50:00+00:00,0.03706458075004711
2025-11-06 21:55:00+00:00,0.0
2025-11-06 22:00:00+00:00,0.022153610095643157
2025-11-06 22:05:00+00:00,0.04450544056139494
2025-11-06 22:10:00+00:00,0.0
2025-11-06 22:15:00+00:00,0.0
2025-11-06 22:20:00+00:00,0.0
2025-11-06 22:25:00+00:00,0.0
2025-11-06 22:30:00+00:00,0.0
2025-11-06 22:35:00+00:00,0.0
2025-11-06 22:40:00+00:00,0.0
2025-11-06 22:45:00+00:00,0.0
2025-11-06 22:50:00+00:00,0.0
2025-11-06 22:55:00+00:00,0.0
2025-11-06 23:00:00+00:00,0.0
2025-11-06 23:05:00+00:00,0.014742182012189896
2025-11-06 23:10:00+00:00,0.014703881113152753
2025-11-06 23:15:00+00:00,0.022226821330555695
2025-11-06 23:20:00+00:00,0.0217984023847078
2025-11-06 23:25:00+00:00,0.02612731665895696
2025-11-06 23:30:00+00:00,0.02674621029904014
2025-11-06 23:35:00+00:00,0.03753882625646758
2025-11-06 23:40:00+00:00,0.0
2025-11-06 23:45:00+00:00,0.01859940729643169
2025-11-06 23:50:00+00:00,0.022892069398311145
2025-11-06 23:55:00+00:00,0.018728106481987132
2025-11-07 00:00:00+00:00,0.01876871962296335
2025-11-07 00:05:00+00:00,0.014865263721399138
2025-11-07 00:10:00+00:00,0.0
2025-11-07 00:15:00+00:00,0.0
2025-11-07 00:20:00+00:00,0.0
2025-11-07 00:25:00+00:00,0.0
2025-11-07 00:30:00+00:00,0.0
2025-11-07 00:35:00+00:00,0.0
2025-11-07 00:40:00+00:00,0.0
2025-11-07 00:45:00+00:00,0.0
2025-11-07 00:50:00+00:00,0.0
2025-11-07 00:55:00+00:00,0.0
2025-11-07 01:00:00+00:00,0.0
2025-11-07 01:05:00+00:00,0.010888434292977315
2025-11-07 01:10:00+00:00,0.0
2025-11-07 01:15:00+00:00,0.014900229269998113
2025-11-07 01:20:00+00:00,0.014875866237439606
2025-11-07 01:25:00+00:00,0.015180064920793499
2025-11-07 01:30:00+00:00,0.018957779700295965
2025-11-07 01:35:00+00:00,0.018349647521972653
2025-11-07 01:40:00+00:00,0.0
2025-11-07 01:45:00+00:00,0.014898116128486499
2025-11-07 01:50:00+00:00,0.01834147436576977
2025-11-07 01:55:00+00:00,0.01871250888757538
2025-11-07 02:00:00+00:00,0.018787081199779843
2025-11-07 02:05:00+00:00,0.02267877428155196
2025-11-07 02:10:00+00:00,0.0
2025-11-07 02:15:00+00:00,0.0
2025-11-07 02:20:00+00:00,0.0
2025-11-07 02:25:00+00:00,0.0
2025-11-07 02:30:00+00:00,0.0
2025-11-07 02:35:00+00:00,0.0
2025-11-07 02:40:00+00:00,0.0
2025-11-07 02:45:00+00:00,0.0
2025-11-07 02:50:00+00:00,0.0
2025-11-07 02:55:00+00:00,0.0
2025-11-07 03:00:00+00:00,0.0
2025-11-07 03:05:00+00:00,0.014700697179426224
2025-11-07 03:10:00+00:00,0.02221674751817134
2025-11-07 03:15:00+00:00,0.0219730067671391
2025-11-07 03:20:00+00:00,0.022221746779324713
2025-11-07 03:25:00+00:00,0.0
2025-11-07 03:30:00+00:00,0.025897751356426035
2025-11-07 03:35:00+00:00,0.025453137514884008
2025-11-07 03:40:00+00:00,0.03786128947609349
2025-11-07 03:45:00+00:00,0.02658522756476151
2025-11-07 03:50:00+00:00,0.023361590870639732
2025-11-07 03:55:00+00:00,0.0
2025-11-07 04:00:00+00:00,0.0255659772638689
2025-11-07 04:05:00+00:00,0.0
2025-11-07 04:10:00+00:00,0.0
2025-11-07 04:15:00+00:00,0.0
2025-11-07 04:20:00+00:00,0.0
2025-11-07 04:25:00+00:00,0.0
2025-11-07 04:30:00+00:00,0.0
2025-11-07 04:35:00+00:00,0.0
2025-11-07 04:40:00+00:00,0.0
2025-11-07 04:45:00+00:00,0.0
2025-11-07 04:50:00+00:00,0.0
2025-11-07 04:55:00+00:00,0.0
2025-11-07 05:00:00+00:00,0.0
2025-11-07 05:05:00+00:00,0.0
2025-11-07 05:10:00+00:00,0.0
2025-11-07 05:15:00+00:00,0.0
2025-11-07 05:20:00+00:00,0.0
2025-11-07 05:25:00+00:00,0.0
2025-11-07 05:30:00+00:00,0.0
2025-11-07 05:35:00+00:00,0.0
2025-11-07 05:40:00+00:00,0.0
2025-11-07 05:45:00+00:00,0.0
2025-11-07 05:50:00+00:00,0.0
2025-11-07 05:55:00+00:00,0.0
2025-11-07 06:00:00+00:00,0.0
2025-11-07 06:05:00+00:00,0.0
2025-11-07 06:10:00+00:00,0.0
2025-11-07 06:15:00+00:00,0.0
2025-11-07 06:20:00+00:00,0.0
2025-11-07 06:25:00+00:00,0.0
2025-11-07 06:30:00+00:00,0.0
2025-11-07 06:35:00+00:00,0.0
2025-11-07 06:40:00+00:00,0.0
2025-11-07 06:45:00+00:00,0.0
2025-11-07 06:50:00+00:00,0.0
2025-11-07 06:55:00+00:00,0.0
2025-11-07 07:00:00+00:00,0.0
2025-11-07 07:05:00+00:00,0.0
2025-11-07 07:10:00+00:00,0.0
2025-11-07 07:15:00+00:00,0.0
2025-11-07 07:20:00+00:00,0.0
2025-11-07 07:25:00+00:00,0.0
2025-11-07 07:30:00+00:00,0.0
2025-11-07 07:35:00+00:00,0.0
2025-11-07 07:40:00+00:00,0.0
2025-11-07 07:45:00+00:00,0.0
2025-11-07 07:50:00+00:00,0.0
2025-11-07 07:55:00+00:00,0.0
2025-11-07 08:00:00+00:00,0.0
2025-11-07 08:05:00+00:00,0.0
2025-11-07 08:10:00+00:00,0.0
2025-11-07 08:15:00+00:00,0.0
2025-11-07 08:20:00+00:00,0.0
2025-11-07 08:25:00+00:00,0.0
2025-11-07 08:30:00+00:00,0.0
2025-11-07 08:35:00+00:00,0.0
2025-11-07 08:40:00+00:00,0.0
2025-11-07 08:45:00+00:00,0.0
2025-11-07 08:50:00+00:00,0.0
2025-11-07 08:55:00+00:00,0.0
2025-11-07 09:00:00+00:00,0.0
2025-11-07 09:05:00+00:00,0.0
2025-11-07 09:10:00+00:00,0.0
2025-11-07 09:15:00+00:00,0.0
2025-11-07 09:20:00+00:00,0.0
2025-11-07 09:25:00+00:00,0.0
2025-11-07 09:30:00+00:00,0.0
2025-11-07 09:35:00+00:00,0.0
2025-11-07 09:40:00+00:00,0.0
2025-11-07 09:45:00+00:00,0.0
2025-11-07 09:50:00+00:00,0.0
2025-11-07 09:55:00+00:00,0.0
2025-11-07 10:00:00+00:00,0.0
2025-11-07 10:05:00+00:00,0.0
2025-11-07 10:10:00+00:00,0.0
2025-11-07 10:15:00+00:00,0.0
2025-11-07 10:20:00+00:00,0.0
2025-11-07 10:25:00+00:00,0.0
2025-11-07 10:30:00+00:00,0.0
2025-11-07 10:35:00+00:00,0.0
2025-11-07 10:40:00+00:00,0.0
2025-11-07 10:45:00+00:00,0.0
2025-11-07 10:50:00+00:00,0.0
2025-11-07 10:55:00+00:00,0.0
2025-11-07 11:00:00+00:00,0.0
2025-11-07 11:05:00+00:00,0.0
2025-11-07 11:10:00+00:00,0.0
2025-11-07 11:15:00+00:00,0.0
2025-11-07 11:20:00+00:00,0.0
2025-11-07 11:25:00+00:00,0.0
2025-11-07 11:30:00+00:00,0.0
2025-11-07 11:35:00+00:00,0.0
2025-11-07 11:40:00+00:00,0.0
2025-11-07 11:45:00+00:00,0.0
2025-11-07 11:50:00+00:00,0.0
2025-11-07 11:55:00+00:00,0.0
2025-11-07 12:00:00+00:00,0.0
2025-11-07 12:05:00+00:00,0.0
2025-11-07 12:10:00+00:00,0.0
2025-11-07 12:15:00+00:00,0.0
2025-11-07 12:20:00+00:00,0.0
2025-11-07 12:25:00+00:00,0.0
2025-11-07 12:30:00+00:00,0.0
2025-11-07 12:35:00+00:00,0.0
2025-11-07 12:40:00+00:00,0.0
2025-11-07 12:45:00+00:00,0.0
2025-11-07 12:50:00+00:00,0.0
2025-11-07 12:55:00+00:00,0.0
2025-11-07 13:00:00+00:00,0.0
2025-11-07 13:05:00+00:00,0.0
2025-11-07 13:10:00+00:00,0.0
2025-11-07 13:15:00+00:00,0.0
2025-11-07 13:20:00+00:00,0.0
2025-11-07 13:25:00+00:00,0.0
2025-11-07 13:30:00+00:00,0.0
2025-11-07 13:35:00+00:00,0.0
2025-11-07 13:40:00+00:00,0.0
2025-11-07 13:45:00+00:00,0.0
2025-11-07 13:50:00+00:00,0.0
2025-11-07 13:55:00+00:00,0.0
2025-11-07 14:00:00+00:00,0.0
2025-11-07 14:05:00+00:00,0.0
2025-11-07 14:10:00+00:00,0.0
2025-11-07 14:15:00+00:00,0.0
2025-11-07 14:20:00+00:00,0.0
2025-11-07 14:25:00+00:00,0.0
2025-11-07 14:30:00+00:00,0.0
2025-11-07 14:35:00+00:00,0.0
2025-11-07 14:40:00+00:00,0.0
2025-11-07 14:45:00+00:00,0.0
2025-11-07 14:50:00+00:00,0.0
2025-11-07 14:55:00+00:00,0.0
2025-11-07 15:00:00+00:00,0.0
2025-11-07 15:05:00+00:00,0.0
2025-11-07 15:10:00+00:00,0.0
2025-11-07 15:15:00+00:00,0.0
2025-11-07 15:20:00+00:00,0.0
2025-11-07 15:25:00+00:00,0.0
2025-11-07 15:30:00+00:00,0.0
2025-11-07 15:35:00+00:00,0.0
2025-11-07 15:40:00+00:00,0.0
2025-11-07 15:45:00+00:00,0.0
2025-11-07 15:50:00+00:00,0.0
2025-11-07 15:55:00+00:00,0.0
2025-11-07 16:00:00+00:00,0.0
2025-11-07 16:05:00+00:00,0.0
2025-11-07 16:10:00+00:00,0.0
2025-11-07 16:15:00+00:00,0.0
2025-11-07 16:20:00+00:00,0.0
2025-11-07 16:25:00+00:00,0.0
2025-11-07 16:30:00+00:00,0.0
2025-11-07 16:35:00+00:00,0.0
2025-11-07 16:40:00+00:00,0.0
2025-11-07 16:45:00+00:00,0.0
2025-11-07 16:50:00+00:00,0.0
2025-11-07 16:55:00+00:00,0.0
2025-11-07 17:00:00+00:00,0.0
2025-11-07 17:05:00+00:00,0.0
2025-11-07 17:10:00+00:00,0.0
2025-11-07 17:15:00+00:00,0.0
2025-11-07 17:20:00+00:00,0.0
2025-11-07 17:25:00+00:00,0.0
2025-11-07 17:30:00+00:00,0.0
2025-11-07 17:35:00+00:00,0.0
2025-11-07 17:40:00+00:00,0.0
2025-11-07 17:45:00+00:00,0.0
2025-11-07 17:50:00+00:00,0.0
2025-11-07 17:55:00+00:00,0.0
2025-11-07 18:00:00+00:00,0.0
2025-11-07 18:05:00+00:00,0.04493619349964877
2025-11-07 18:10:00+00:00,0.0
2025-11-07 18:15:00+00:00,0.0
2025-11-07 18:20:00+00:00,0.0
2025-11-07 18:25:00+00:00,0.0
2025-11-07 18:30:00+00:00,0.0
2025-11-07 18:35:00+00:00,0.0
2025-11-07 18:40:00+00:00,0.0
2025-11-07 18:45:00+00:00,0.0
2025-11-07 18:50:00+00:00,0.0
2025-11-07 18:55:00+00:00,0.0
2025-11-07 19:00:00+00:00,0.0
2025-11-07 19:05:00+00:00,0.029420755620588334
2025-11-07 19:10:00+00:00,0.014881795749329683
2025-11-07 19:15:00+00:00,0.025820533852828172
2025-11-07 19:20:00+00:00,0.02295249721460175
2025-11-07 19:25:00+00:00,0.023249464704279313
2025-11-07 19:30:00+00:00,0.022052237862034845
2025-11-07 19:35:00+00:00,0.026096843418322108
2025-11-07 19:40:00+00:00,0.0
2025-11-07 19:45:00+00:00,0.026875563671714377
2025-11-07 19:50:00+00:00,0.02231666247049967
2025-11-07 19:55:00+00:00,0.02300301434700949
2025-11-07 20:00:00+00:00,0.022096029917399087
2025-11-07 20:05:00+00:00,0.00757391661928411
2025-11-07 20:10:00+00:00,0.0
2025-11-07 20:15:00+00:00,0.0
2025-11-07 20:20:00+00:00,0.0
2025-11-07 20:25:00+00:00,0.0
2025-11-07 20:30:00+00:00,0.0
2025-11-07 20:35:00+00:00,0.0
2025-11-07 20:40:00+00:00,0.0
2025-11-07 20:45:00+00:00,0.0
2025-11-07 20:50:00+00:00,0.0
2025-11-07 20:55:00+00:00,0.0
2025-11-07 21:00:00+00:00,0.0
2025-11-07 21:05:00+00:00,0.00807728934706303
2025-11-07 21:10:00+00:00,0.0
2025-11-07 21:15:00+00:00,0.026235005730076838
2025-11-07 21:20:00+00:00,0.026129669892160513
2025-11-07 21:25:00+00:00,0.03713982565361156
2025-11-07 21:30:00+00:00,0.026566919527555764
2025-11-07 21:35:00+00:00,0.030199697561431347
2025-11-07 21:40:00+00:00,0.0
2025-11-07 21:45:00+00:00,0.02385213918853224
2025-11-07 21:50:00+00:00,0.026746605990225807
2025-11-07 21:55:00+00:00,0.018638751381321955
2025-11-07 22:00:00+00:00,0.029915442383080196
2025-11-07 22:05:00+00:00,0.03758684292174222
2025-11-07 22:10:00+00:00,0.0
2025-11-07 22:15:00+00:00,0.0
2025-11-07 22:20:00+00:00,0.0
2025-11-07 22:25:00+00:00,0.0
2025-11-07 22:30:00+00:00,0.0
2025-11-07 22:35:00+00:00,0.0
2025-11-07 22:40:00+00:00,0.0
2025-11-07 22:45:00+00:00,0.0
2025-11-07 22:50:00+00:00,0.0
2025-11-07 22:55:00+00:00,0.0
2025-11-07 23:00:00+00:00,0.0
2025-11-07 23:05:00+00:00,0.03761923522279973
2025-11-07 23:10:00+00:00,0.02191999000415467
2025-11-07 23:15:00+00:00,0.025586139946653128
2025-11-07 23:20:00+00:00,0.025552688565170553
2025-11-07 23:25:00+00:00,0.0
2025-11-07 23:30:00+00:00,0.022246618438185303
2025-11-07 23:35:00+00:00,0.02672204302068342
2025-11-07 23:40:00+00:00,0.026344291787398486
2025-11-07 23:45:00+00:00,0.02641639374850089
2025-11-07 23:50:00+00:00,0.02622628295630739
2025-11-07 23:55:00+00:00,0.0
2025-11-08 00:00:00+00:00,0.029959973954317858
2025-11-08 00:05:00+00:00,0.02921115390041418
2025-11-08 00:10:00+00:00,0.0
2025-11-08 00:15:00+00:00,0.0
2025-11-08 00:20:00+00:00,0.0
2025-11-08 00:25:00+00:00,0.0
2025-11-08 00:30:00+00:00,0.0
2025-11-08 00:35:00+00:00,0.0
2025-11-08 00:40:00+00:00,0.0
2025-11-08 00:45:00+00:00,0.0
2025-11-08 00:50:00+00:00,0.0
2025-11-08 00:55:00+00:00,0.0
2025-11-08 01:00:00+00:00,0.0
2025-11-08 01:05:00+00:00,0.007670237725241141
2025-11-08 01:10:00+00:00,0.0
2025-11-08 01:15:00+00:00,0.02579679823758309
2025-11-08 01:20:00+00:00,0.02273578643798828
2025-11-08 01:25:00+00:00,0.03034718413101999
2025-11-08 01:30:00+00:00,0.022084787435698926
2025-11-08 01:35:00+00:00,0.01859313228674102
2025-11-08 01:40:00+00:00,0.0
2025-11-08 01:45:00+00:00,0.022730276877419988
2025-11-08 01:50:00+00:00,0.02239617632146467
2025-11-08 01:55:00+00:00,0.019052989022773605
2025-11-08 02:00:00+00:00,0.01840236981709798
2025-11-08 02:05:00+00:00,0.026171295266402394
2025-11-08 02:10:00+00:00,0.0
2025-11-08 02:15:00+00:00,0.0
2025-11-08 02:20:00+00:00,0.0
2025-11-08 02:25:00+00:00,0.0
2025-11-08 02:30:00+00:00,0.0
2025-11-08 02:35:00+00:00,0.0
2025-11-08 02:40:00+00:00,0.0
2025-11-08 02:45:00+00:00,0.0
2025-11-08 02:50:00+00:00,0.0
2025-11-08 02:55:00+00:00,0.0
2025-11-08 03:00:00+00:00,0.0
2025-11-08 03:05:00+00:00,0.01811304176062868
2025-11-08 03:10:00+00:00,0.0
2025-11-08 03:15:00+00:00,0.021889470752916834
2025-11-08 03:20:00+00:00,0.01827987369738127
2025-11-08 03:25:00+00:00,0.03297825696175558
2025-11-08 03:30:00+00:00,0.022106954507660447
2025-11-08 03:35:00+00:00,0.025470235054953053
2025-11-08 03:40:00+00:00,0.0
2025-11-08 03:45:00+00:00,0.02897033105816757
2025-11-08 03:50:00+00:00,0.025701125462849934
2025-11-08 03:55:00+00:00,0.02239828026085569
2025-11-08 04:00:00+00:00,0.021940563436140093
2025-11-08 04:05:00+00:00,0.03312532692624811
2025-11-08 04:10:00+00:00,0.0
2025-11-08 04:15:00+00:00,0.0
2025-11-08 04:20:00+00:00,0.0
2025-11-08 04:25:00+00:00,0.0
2025-11-08 04:30:00+00:00,0.0
2025-11-08 04:35:00+00:00,0.0
2025-11-08 04:40:00+00:00,0.0
2025-11-08 04:45:00+00:00,0.0
2025-11-08 04:50:00+00:00,0.0
2025-11-08 04:55:00+00:00,0.0
2025-11-08 05:00:00+00:00,0.0
2025-11-08 05:05:00+00:00,0.011659720906040123
2025-11-08 05:10:00+00:00,0.0
2025-11-08 05:15:00+00:00,0.026084617146274497
2025-11-08 05:20:00+00:00,0.022078396144666168
2025-11-08 05:25:00+00:00,0.018697639933803623
2025-11-08 05:30:00+00:00,0.022222725550333656
2025-11-08 05:35:00+00:00,0.025582735998588693
2025-11-08 05:40:00+00:00,0.0
2025-11-08 05:45:00+00:00,0.025811464744701716
2025-11-08 05:50:00+00:00,0.018473526469448154
2025-11-08 05:55:00+00:00,0.02946368100350363
2025-11-08 06:00:00+00:00,0.018292964132208572
2025-11-08 06:05:00+00:00,0.021674150333069915
2025-11-08 06:10:00+00:00,0.0
2025-11-08 06:15:00+00:00,0.0
2025-11-08 06:20:00+00:00,0.0
2025-11-08 06:25:00+00:00,0.0
2025-11-08 06:30:00+00:00,0.0
2025-11-08 06:35:00+00:00,0.0
2025-11-08 06:40:00+00:00,0.0
2025-11-08 06:45:00+00:00,0.0
2025-11-08 06:50:00+00:00,0.0
2025-11-08 06:55:00+00:00,0.0
2025-11-08 07:00:00+00:00,0.0
2025-11-08 07:05:00+00:00,0.023315777694969845
2025-11-08 07:10:00+00:00,0.022340792940374003
2025-11-08 07:15:00+00:00,0.0189108179326643
2025-11-08 07:20:00+00:00,0.018357369774266292
2025-11-08 07:25:00+00:00,0.0
2025-11-08 07:30:00+00:00,0.017959254248100413
2025-11-08 07:35:00+00:00,0.025935076830679908
2025-11-08 07:40:00+00:00,0.014567580139427853
2025-11-08 07:45:00+00:00,0.014895786318862646
2025-11-08 07:50:00+00:00,0.018028582188121058
2025-11-08 07:55:00+00:00,0.0
2025-11-08 08:00:00+00:00,0.02229532107972262
2025-11-08 08:05:00+00:00,0.048246930774889486
2025-11-08 08:10:00+00:00,0.0
2025-11-08 08:15:00+00:00,0.0
2025-11-08 08:20:00+00:00,0.0
2025-11-08 08:25:00+00:00,0.0
2025-11-08 08:30:00+00:00,0.0
2025-11-08 08:35:00+00:00,0.0
2025-11-08 08:40:00+00:00,0.0
2025-11-08 08:45:00+00:00,0.0
2025-11-08 08:50:00+00:00,0.0
2025-11-08 08:55:00+00:00,0.0
2025-11-08 09:00:00+00:00,0.0
2025-11-08 09:05:00+00:00,0.01474078245330275
2025-11-08 09:10:00+00:00,0.014967895808972809
2025-11-08 09:15:00+00:00,0.023008803317421358
2025-11-08 09:20:00+00:00,0.02225997824417917
2025-11-08 09:25:00+00:00,0.03306509653727213
2025-11-08 09:30:00+00:00,0.029796208833393293
2025-11-08 09:35:00+00:00,0.021867862500642474
2025-11-08 09:40:00+00:00,0.0
2025-11-08 09:45:00+00:00,0.02240903670327705
2025-11-08 09:50:00+00:00,0.022526507628591434
2025-11-08 09:55:00+00:00,0.02200139614573696
2025-11-08 10:00:00+00:00,0.021968358859681243
2025-11-08 10:05:00+00:00,0.022543308191132126
2025-11-08 10:10:00+00:00,0.0
2025-11-08 10:15:00+00:00,0.0
2025-11-08 10:20:00+00:00,0.0
2025-11-08 10:25:00+00:00,0.0
2025-11-08 10:30:00+00:00,0.0
2025-11-08 10:35:00+00:00,0.0
2025-11-08 10:40:00+00:00,0.0
2025-11-08 10:45:00+00:00,0.0
2025-11-08 10:50:00+00:00,0.0
2025-11-08 10:55:00+00:00,0.0
2025-11-08 11:00:00+00:00,0.0
2025-11-08 11:05:00+00:00,0.007849329396298056
2025-11-08 11:10:00+00:00,0.011185121536254882
2025-11-08 11:15:00+00:00,0.021926875700030407
2025-11-08 11:20:00+00:00,0.022194758632726835
2025-11-08 11:25:00+00:00,0.02267927705195912
2025-11-08 11:30:00+00:00,0.018637033930996007
2025-11-08 11:35:00+00:00,0.022464360688862046
2025-11-08 11:40:00+00:00,0.0
2025-11-08 11:45:00+00:00,0.015064252050299392
2025-11-08 11:50:00+00:00,0.026871595884624278
2025-11-08 11:55:00+00:00,0.007437608116551448
2025-11-08 12:00:00+00:00,0.007512392077529639
2025-11-08 12:05:00+00:00,0.022279111962569386
2025-11-08 12:10:00+00:00,0.0
2025-11-08 12:15:00+00:00,0.0
2025-11-08 12:20:00+00:00,0.0
2025-11-08 12:25:00+00:00,0.0
2025-11-08 12:30:00+00:00,0.0
2025-11-08 12:35:00+00:00,0.0
2025-11-08 12:40:00+00:00,0.0
2025-11-08 12:45:00+00:00,0.0
2025-11-08 12:50:00+00:00,0.0
2025-11-08 12:55:00+00:00,0.0
2025-11-08 13:00:00+00:00,0.0
2025-11-08 13:05:00+00:00,0.014433113733927408
2025-11-08 13:10:00+00:00,0.0
2025-11-08 13:15:00+00:00,0.02594508790133292
2025-11-08 13:20:00+00:00,0.018988284730074696
2025-11-08 13:25:00+00:00,0.011349552556088095
2025-11-08 13:30:00+00:00,0.025808465689943546
2025-11-08 13:35:00+00:00,0.025754501945094054
2025-11-08 13:40:00+00:00,0.0
2025-11-08 13:45:00+00:00,0.026374666314376027
2025-11-08 13:50:00+00:00,0.026417195169549237
2025-11-08 13:55:00+00:00,0.026058526624713026
2025-11-08 14:00:00+00:00,0.018295613506384062
2025-11-08 14:05:00+00:00,0.02590449149148506
2025-11-08 14:10:00+00:00,0.0
2025-11-08 14:15:00+00:00,0.0
2025-11-08 14:20:00+00:00,0.0
2025-11-08 14:25:00+00:00,0.0
2025-11-08 14:30:00+00:00,0.0
2025-11-08 14:35:00+00:00,0.0
2025-11-08 14:40:00+00:00,0.0
2025-11-08 14:45:00+00:00,0.0
2025-11-08 14:50:00+00:00,0.0
2025-11-08 14:55:00+00:00,0.0
2025-11-08 15:00:00+00:00,0.0
2025-11-08 15:05:00+00:00,0.029166355467679206
2025-11-08 15:10:00+00:00,0.022210651531554104
2025-11-08 15:15:00+00:00,0.037290078715274205
2025-11-08 15:20:00+00:00,0.018858079742967035
2025-11-08 15:25:00+00:00,0.0
2025-11-08 15:30:00+00:00,0.02240382662990637
2025-11-08 15:35:00+00:00,0.025321328012566816
2025-11-08 15:40:00+00:00,0.007599201537015145
2025-11-08 15:45:00+00:00,0.025888632054914505
2025-11-08 15:50:00+00:00,0.022522456185859543
2025-11-08 15:55:00+00:00,0.0
2025-11-08 16:00:00+00:00,0.03408511730662563
2025-11-08 16:05:00+00:00,0.019309045557390176
2025-11-08 16:10:00+00:00,0.0
2025-11-08 16:15:00+00:00,0.0
2025-11-08 16:20:00+00:00,0.0
2025-11-08 16:25:00+00:00,0.0
2025-11-08 16:30:00+00:00,0.0
2025-11-08 16:35:00+00:00,0.0
2025-11-08 16:40:00+00:00,0.0
2025-11-08 16:45:00+00:00,0.0
2025-11-08 16:50:00+00:00,0.0
2025-11-08 16:55:00+00:00,0.0
2025-11-08 17:00:00+00:00,0.0
2025-11-08 17:05:00+00:00,0.015955140297872976
2025-11-08 17:10:00+00:00,0.011304719824539986
2025-11-08 17:15:00+00:00,0.022416448593139647
2025-11-08 17:20:00+00:00,0.02174506522061532
2025-11-08 17:25:00+00:00,0.022634945417705332
2025-11-08 17:30:00+00:00,0.007613779369153474
2025-11-08 17:35:00+00:00,0.007432876553451805
2025-11-08 17:40:00+00:00,0.0
2025-11-08 17:45:00+00:00,0.018870960202133445
2025-11-08 17:50:00+00:00,0.021672038864671134
2025-11-08 17:55:00+00:00,0.014961232637104234
2025-11-08 18:00:00+00:00,0.011287229102954528
2025-11-08 18:05:00+00:00,0.03262540666680586
2025-11-08 18:10:00+00:00,0.0
2025-11-08 18:15:00+00:00,0.0
2025-11-08 18:20:00+00:00,0.0
2025-11-08 18:25:00+00:00,0.0
2025-11-08 18:30:00+00:00,0.0
2025-11-08 18:35:00+00:00,0.0
2025-11-08 18:40:00+00:00,0.0
2025-11-08 18:45:00+00:00,0.0
2025-11-08 18:50:00+00:00,0.0
2025-11-08 18:55:00+00:00,0.0
2025-11-08 19:00:00+00:00,0.0
2025-11-08 19:05:00+00:00,0.011314420532761958
2025-11-08 19:10:00+00:00,0.011132108119496126
2025-11-08 19:15:00+00:00,0.021945126851399738
2025-11-08 19:20:00+00:00,0.019018293681897613
2025-11-08 19:25:00+00:00,0.030165972626000116
2025-11-08 19:30:00+00:00,0.018428784085993178
2025-11-08 19:35:00+00:00,0.02221403874849018
2025-11-08 19:40:00+00:00,0.0
2025-11-08 19:45:00+00:00,0.022731349342747738
2025-11-08 19:50:00+00:00,0.018445265920538648
2025-11-08 19:55:00+00:00,0.0188256958074737
2025-11-08 20:00:00+00:00,0.029270720063594345
2025-11-08 20:05:00+00:00,0.007835706911588969
2025-11-08 20:10:00+00:00,0.0
2025-11-08 20:15:00+00:00,0.0
2025-11-08 20:20:00+00:00,0.0
2025-11-08 20:25:00+00:00,0.0
2025-11-08 20:30:00+00:00,0.0
2025-11-08 20:35:00+00:00,0.0
2025-11-08 20:40:00+00:00,0.0
2025-11-08 20:45:00+00:00,0.0
2025-11-08 20:50:00+00:00,0.0
2025-11-08 20:55:00+00:00,0.0
2025-11-08 21:00:00+00:00,0.0
2025-11-08 21:05:00+00:00,0.014882504312615645
2025-11-08 21:10:00+00:00,0.0
2025-11-08 21:15:00+00:00,0.018460115633512797
2025-11-08 21:20:00+00:00,0.01131414865192614
2025-11-08 21:25:00+00:00,0.025538306487234014
2025-11-08 21:30:00+00:00,0.022757512644717565
2025-11-08 21:35:00+00:00,0.022393331193087392
2025-11-08 21:40:00+00:00,0.0
2025-11-08 21:45:00+00:00,0.021597633027193835
2025-11-08 21:50:00+00:00,0.018876448848791288
2025-11-08 21:55:00+00:00,0.026047853837933455
2025-11-08 22:00:00+00:00,0.025475219258090903
2025-11-08 22:05:00+00:00,0.033151345503957645
2025-11-08 22:10:00+00:00,0.0
2025-11-08 22:15:00+00:00,0.0
2025-11-08 22:20:00+00:00,0.0
2025-11-08 22:25:00+00:00,0.0
2025-11-08 22:30:00+00:00,0.0
2025-11-08 22:35:00+00:00,0.0
2025-11-08 22:40:00+00:00,0.0
2025-11-08 22:45:00+00:00,0.0
2025-11-08 22:50:00+00:00,0.0
2025-11-08 22:55:00+00:00,0.0
2025-11-08 23:00:00+00:00,0.0
2025-11-08 23:05:00+00:00,0.01484995306583873
2025-11-08 23:10:00+00:00,0.014601633004974898
2025-11-08 23:15:00+00:00,0.011423603693644204
2025-11-08 23:20:00+00:00,0.018137373840599727
2025-11-08 23:25:00+00:00,0.022007534796731513
2025-11-08 23:30:00+00:00,0.025173064282065942
2025-11-08 23:35:00+00:00,0.025787131828174253
2025-11-08 23:40:00+00:00,0.0
2025-11-08 23:45:00+00:00,0.025768838012427613
2025-11-08 23:50:00+00:00,0.022255032522636546
2025-11-08 23:55:00+00:00,0.038302771250406896
2025-11-09 00:00:00+00:00,0.022195974149202043
2025-11-09 00:05:00+00:00,0.011396131180880361
2025-11-09 00:10:00+00:00,0.0
2025-11-09 00:15:00+00:00,0.0
2025-11-09 00:20:00+00:00,0.0
2025-11-09 00:25:00+00:00,0.0
2025-11-09 00:30:00+00:00,0.0
2025-11-09 00:35:00+00:00,0.0
2025-11-09 00:40:00+00:00,0.0
2025-11-09 00:45:00+00:00,0.0
2025-11-09 00:50:00+00:00,0.0
2025-11-09 00:55:00+00:00,0.0
2025-11-09 01:00:00+00:00,0.0
2025-11-09 01:05:00+00:00,0.007841269175211588
2025-11-09 01:10:00+00:00,0.0
2025-11-09 01:15:00+00:00,0.022446298599243162
2025-11-09 01:20:00+00:00,0.02196017315513209
2025-11-09 01:25:00+00:00,0.01906588119372987
2025-11-09 01:30:00+00:00,0.008217266149688185
2025-11-09 01:35:00+00:00,0.02311396431504634
2025-11-09 01:40:00+00:00,0.0
2025-11-09 01:45:00+00:00,0.022691509179901655
2025-11-09 01:50:00+00:00,0.018511107929965905
2025-11-09 01:55:00+00:00,0.03019879575361285
2025-11-09 02:00:00+00:00,0.02228541625173468
2025-11-09 02:05:00+00:00,0.02233503659566243
2025-11-09 02:10:00+00:00,0.0
2025-11-09 02:15:00+00:00,0.0
2025-11-09 02:20:00+00:00,0.0
2025-11-09 02:25:00+00:00,0.0
2025-11-09 02:30:00+00:00,0.0
2025-11-09 02:35:00+00:00,0.0
2025-11-09 02:40:00+00:00,0.0
2025-11-09 02:45:00+00:00,0.0
2025-11-09 02:50:00+00:00,0.0
2025-11-09 02:55:00+00:00,0.0
2025-11-09 03:00:00+00:00,0.0
2025-11-09 03:05:00+00:00,0.019313930210314297
2025-11-09 03:10:00+00:00,0.01850550383852239
2025-11-09 03:15:00+00:00,0.01881940908599318
2025-11-09 03:20:00+00:00,0.010971908402024652
2025-11-09 03:25:00+00:00,0.0
2025-11-09 03:30:00+00:00,0.00756613999082331
2025-11-09 03:35:00+00:00,0.011617554279795862
2025-11-09 03:40:00+00:00,0.010942265025356359
2025-11-09 03:45:00+00:00,0.01112220245495177
2025-11-09 03:50:00+00:00,0.011264083259984065
2025-11-09 03:55:00+00:00,0.0
2025-11-09 04:00:00+00:00,0.007415610028986344
2025-11-09 04:05:00+00:00,0.019091606976693133
2025-11-09 04:10:00+00:00,0.0
2025-11-09 04:15:00+00:00,0.0
2025-11-09 04:20:00+00:00,0.0
2025-11-09 04:25:00+00:00,0.0
2025-11-09 04:30:00+00:00,0.0
2025-11-09 04:35:00+00:00,0.0
2025-11-09 04:40:00+00:00,0.0
2025-11-09 04:45:00+00:00,0.0
2025-11-09 04:50:00+00:00,0.0
2025-11-09 04:55:00+00:00,0.0
2025-11-09 05:00:00+00:00,0.0
2025-11-09 05:05:00+00:00,0.03323346188193873
2025-11-09 05:10:00+00:00,0.0
2025-11-09 05:15:00+00:00,0.011049148492645797
2025-11-09 05:20:00+00:00,0.02595504041303668
2025-11-09 05:25:00+00:00,0.0075973008808336755
2025-11-09 05:30:00+00:00,0.0076221591547915805
2025-11-09 05:35:00+00:00,0.022213505025495562
2025-11-09 05:40:00+00:00,0.0
2025-11-09 05:45:00+00:00,0.0075788531387061394
2025-11-09 05:50:00+00:00,0.007420394295140316
2025-11-09 05:55:00+00:00,0.012226392511735882
2025-11-09 06:00:00+00:00,0.01500513009857713
2025-11-09 06:05:00+00:00,0.025863040120978103
2025-11-09 06:10:00+00:00,0.0
2025-11-09 06:15:00+00:00,0.0
2025-11-09 06:20:00+00:00,0.0
2025-11-09 06:25:00+00:00,0.0
2025-11-09 06:30:00+00:00,0.0
2025-11-09 06:35:00+00:00,0.0
2025-11-09 06:40:00+00:00,0.0
2025-11-09 06:45:00+00:00,0.0
2025-11-09 06:50:00+00:00,0.0
2025-11-09 06:55:00+00:00,0.0
2025-11-09 07:00:00+00:00,0.0
2025-11-09 07:05:00+00:00,0.014586172605815685
2025-11-09 07:10:00+00:00,0.02283323856822231
2025-11-09 07:15:00+00:00,0.02238516974867436
2025-11-09 07:20:00+00:00,0.011540434653298895
2025-11-09 07:25:00+00:00,0.0
2025-11-09 07:30:00+00:00,0.025661631634360863
2025-11-09 07:35:00+00:00,0.011021062784027634
2025-11-09 07:40:00+00:00,0.026092000593218884
2025-11-09 07:45:00+00:00,0.022078480636864375
2025-11-09 07:50:00+00:00,0.007563786757619756
2025-11-09 07:55:00+00:00,0.0
2025-11-09 08:00:00+00:00,0.021947139606141204
2025-11-09 08:05:00+00:00,0.02216763329087642
2025-11-09 08:10:00+00:00,0.0
2025-11-09 08:15:00+00:00,0.0
2025-11-09 08:20:00+00:00,0.0
2025-11-09 08:25:00+00:00,0.0
2025-11-09 08:30:00+00:00,0.0
2025-11-09 08:35:00+00:00,0.0
2025-11-09 08:40:00+00:00,0.0
2025-11-09 08:45:00+00:00,0.0
2025-11-09 08:50:00+00:00,0.0
2025-11-09 08:55:00+00:00,0.0
2025-11-09 09:00:00+00:00,0.0
2025-11-09 09:05:00+00:00,0.0266756534576416
2025-11-09 09:10:00+00:00,0.0
2025-11-09 09:15:00+00:00,0.011859798431396482
2025-11-09 09:20:00+00:00,0.011147607836806982
2025-11-09 09:25:00+00:00,0.0076724044063635035
2025-11-09 09:30:00+00:00,0.018017945373267456
2025-11-09 09:35:00+00:00,0.015182029991819146
2025-11-09 09:40:00+00:00,0.0
2025-11-09 09:45:00+00:00,0.021774659240454956
2025-11-09 09:50:00+00:00,0.0330726238719204
2025-11-09 09:55:00+00:00,0.011397831063521534
2025-11-09 10:00:00+00:00,0.010877625147501626
2025-11-09 10:05:00+00:00,0.021922817564847173
2025-11-09 10:10:00+00:00,0.0
2025-11-09 10:15:00+00:00,0.0
2025-11-09 10:20:00+00:00,0.0
2025-11-09 10:25:00+00:00,0.0
2025-11-09 10:30:00+00:00,0.0
2025-11-09 10:35:00+00:00,0.0
2025-11-09 10:40:00+00:00,0.0
2025-11-09 10:45:00+00:00,0.0
2025-11-09 10:50:00+00:00,0.0
2025-11-09 10:55:00+00:00,0.0
2025-11-09 11:00:00+00:00,0.0
2025-11-09 11:05:00+00:00,0.01532103053310461
2025-11-09 11:10:00+00:00,0.007702560592115971
2025-11-09 11:15:00+00:00,0.007848186660231205
2025-11-09 11:20:00+00:00,0.007809081830476459
2025-11-09 11:25:00+00:00,0.0
2025-11-09 11:30:00+00:00,0.011178848199677047
2025-11-09 11:35:00+00:00,0.036592767949689894
2025-11-09 11:40:00+00:00,0.007390120991489343
2025-11-09 11:45:00+00:00,0.0074117258975380336
2025-11-09 11:50:00+00:00,0.011445733957123337
2025-11-09 11:55:00+00:00,0.0
2025-11-09 12:00:00+00:00,0.011356852347390691
2025-11-09 12:05:00+00:00,0.02259378851505748
2025-11-09 12:10:00+00:00,0.0
2025-11-09 12:15:00+00:00,0.0
2025-11-09 12:20:00+00:00,0.0
2025-11-09 12:25:00+00:00,0.0
2025-11-09 12:30:00+00:00,0.0
2025-11-09 12:35:00+00:00,0.0
2025-11-09 12:40:00+00:00,0.0
2025-11-09 12:45:00+00:00,0.0
2025-11-09 12:50:00+00:00,0.0
2025-11-09 12:55:00+00:00,0.0
2025-11-09 13:00:00+00:00,0.0
2025-11-09 13:05:00+00:00,0.008137581641213934
2025-11-09 13:10:00+00:00,0.0
2025-11-09 13:15:00+00:00,0.01853493807608621
2025-11-09 13:20:00+00:00,0.01189089072378058
2025-11-09 13:25:00+00:00,0.00742482302481668
2025-11-09 13:30:00+00:00,0.0072446956969144044
2025-11-09 13:35:00+00:00,0.011083113519768964
2025-11-09 13:40:00+00:00,0.0
2025-11-09 13:45:00+00:00,0.011521075901232266
2025-11-09 13:50:00+00:00,0.011195844516419527
2025-11-09 13:55:00+00:00,0.011266104380289712
2025-11-09 14:00:00+00:00,0.010800169225324664
2025-11-09 14:05:00+00:00,0.014689644596032928
2025-11-09 14:10:00+00:00,0.0
2025-11-09 14:15:00+00:00,0.0
2025-11-09 14:20:00+00:00,0.0
2025-11-09 14:25:00+00:00,0.0
2025-11-09 14:30:00+00:00,0.0
2025-11-09 14:35:00+00:00,0.0
2025-11-09 14:40:00+00:00,0.0
2025-11-09 14:45:00+00:00,0.0
2025-11-09 14:50:00+00:00,0.0
2025-11-09 14:55:00+00:00,0.0
2025-11-09 15:00:00+00:00,0.0
2025-11-09 15:05:00+00:00,0.014704437423170657
2025-11-09 15:10:00+00:00,0.008070468066031473
2025-11-09 15:15:00+00:00,0.007425060606839363
2025-11-09 15:20:00+00:00,0.026366439618562394
2025-11-09 15:25:00+00:00,0.0
2025-11-09 15:30:00+00:00,0.011243415297123423
2025-11-09 15:35:00+00:00,0.015180724127250803
2025-11-09 15:40:00+00:00,0.007742696059377569
2025-11-09 15:45:00+00:00,0.010956566793876781
2025-11-09 15:50:00+00:00,0.008197039052059775
2025-11-09 15:55:00+00:00,0.0
2025-11-09 16:00:00+00:00,0.007573194671095462
2025-11-09 16:05:00+00:00,0.018887756581892044
2025-11-09 16:10:00+00:00,0.0
2025-11-09 16:15:00+00:00,0.0
2025-11-09 16:20:00+00:00,0.0
2025-11-09 16:25:00+00:00,0.0
2025-11-09 16:30:00+00:00,0.0
2025-11-09 16:35:00+00:00,0.0
2025-11-09 16:40:00+00:00,0.0
2025-11-09 16:45:00+00:00,0.0
2025-11-09 16:50:00+00:00,0.0
2025-11-09 16:55:00+00:00,0.0
2025-11-09 17:00:00+00:00,0.0
2025-11-09 17:05:00+00:00,0.011400727221840306
2025-11-09 17:10:00+00:00,0.0076006295388205
2025-11-09 17:15:00+00:00,0.0074407217795388735
2025-11-09 17:20:00+00:00,0.007623233293232164
2025-11-09 17:25:00+00:00,0.03068744341532389
2025-11-09 17:30:00+00:00,0.0076948073872348715
2025-11-09 17:35:00+00:00,0.007594564504790724
2025-11-09 17:40:00+00:00,0.0
2025-11-09 17:45:00+00:00,0.007443172889843321
2025-11-09 17:50:00+00:00,0.007684722699617084
2025-11-09 17:55:00+00:00,0.007704270513434158
2025-11-09 18:00:00+00:00,0.011450863721077901
2025-11-09 18:05:00+00:00,0.010998203043352093
2025-11-09 18:10:00+00:00,0.0
2025-11-09 18:15:00+00:00,0.0
2025-11-09 18:20:00+00:00,0.0
2025-11-09 18:25:00+00:00,0.0
2025-11-09 18:30:00+00:00,0.0
2025-11-09 18:35:00+00:00,0.0
2025-11-09 18:40:00+00:00,0.0
2025-11-09 18:45:00+00:00,0.0
2025-11-09 18:50:00+00:00,0.0
2025-11-09 18:55:00+00:00,0.0
2025-11-09 19:00:00+00:00,0.0
2025-11-09 19:05:00+00:00,0.014823991373965614
2025-11-09 19:10:00+00:00,0.01102983658773857
2025-11-09 19:15:00+00:00,0.007810258028800026
2025-11-09 19:20:00+00:00,0.010994085512663187
2025-11-09 19:25:00+00:00,0.014768256639179429
2025-11-09 19:30:00+00:00,0.014627924300076667
2025-11-09 19:35:00+00:00,0.011556561787923176
2025-11-09 19:40:00+00:00,0.0
2025-11-09 19:45:00+00:00,0.02348757794028834
2025-11-09 19:50:00+00:00,0.011970267379493043
2025-11-09 19:55:00+00:00,0.01105445058722245
2025-11-09 20:00:00+00:00,0.011618720439442416
2025-11-09 20:05:00+00:00,0.0112914712805497
2025-11-09 20:10:00+00:00,0.0
2025-11-09 20:15:00+00:00,0.0
2025-11-09 20:20:00+00:00,0.0
2025-11-09 20:25:00+00:00,0.0
2025-11-09 20:30:00+00:00,0.0
2025-11-09 20:35:00+00:00,0.0
2025-11-09 20:40:00+00:00,0.0
2025-11-09 20:45:00+00:00,0.0
2025-11-09 20:50:00+00:00,0.0
2025-11-09 20:55:00+00:00,0.0
2025-11-09 21:00:00+00:00,0.0
2025-11-09 21:05:00+00:00,0.007588005902474386
2025-11-09 21:10:00+00:00,0.008034100448876095
2025-11-09 21:15:00+00:00,0.007578577075088233
2025-11-09 21:20:00+00:00,0.007829008604350842
2025-11-09 21:25:00+00:00,0.007290301406592653
2025-11-09 21:30:00+00:00,0.007679638109709086
2025-11-09 21:35:00+00:00,0.008355259477046496
2025-11-09 21:40:00+00:00,0.0
2025-11-09 21:45:00+00:00,0.007685491494965134
2025-11-09 21:50:00+00:00,0.007678018536484032
2025-11-09 21:55:00+00:00,0.007511931134943375
2025-11-09 22:00:00+00:00,0.011398245995504814
2025-11-09 22:05:00+00:00,0.01085065958792703
2025-11-09 22:10:00+00:00,0.0
2025-11-09 22:15:00+00:00,0.0
2025-11-09 22:20:00+00:00,0.0
2025-11-09 22:25:00+00:00,0.0
2025-11-09 22:30:00+00:00,0.0
2025-11-09 22:35:00+00:00,0.0
2025-11-09 22:40:00+00:00,0.0
2025-11-09 22:45:00+00:00,0.0
2025-11-09 22:50:00+00:00,0.0
2025-11-09 22:55:00+00:00,0.0
2025-11-09 23:00:00+00:00,0.0
2025-11-09 23:05:00+00:00,0.007429945259763483
2025-11-09 23:10:00+00:00,0.008349911371866862
2025-11-09 23:15:00+00:00,0.007372684646071048
2025-11-09 23:20:00+00:00,0.007638564026146604
2025-11-09 23:25:00+00:00,0.010825973644591213
2025-11-09 23:30:00+00:00,0.011336545776902582
2025-11-09 23:35:00+00:00,0.007841082623130395
2025-11-09 23:40:00+00:00,0.0
2025-11-09 23:45:00+00:00,0.010887581005431057
2025-11-09 23:50:00+00:00,0.01126042834499426
2025-11-09 23:55:00+00:00,0.011397620251304223
2025-11-10 00:00:00+00:00,0.015093510611015453
2025-11-10 00:05:00+00:00,0.010885124039231683
2025-11-10 00:10:00+00:00,0.0
2025-11-10 00:15:00+00:00,0.0
2025-11-10 00:20:00+00:00,0.0
2025-11-10 00:25:00+00:00,0.0
2025-11-10 00:30:00+00:00,0.0
2025-11-10 00:35:00+00:00,0.0
2025-11-10 00:40:00+00:00,0.0
2025-11-10 00:45:00+00:00,0.0
2025-11-10 00:50:00+00:00,0.0
2025-11-10 00:55:00+00:00,0.0
2025-11-10 01:00:00+00:00,0.0
2025-11-10 01:05:00+00:00,0.007847975011457476
2025-11-10 01:10:00+00:00,0.007268371080097398
2025-11-10 01:15:00+00:00,0.007773096519604063
2025-11-10 01:20:00+00:00,0.007691116500319096
2025-11-10 01:25:00+00:00,0.007491581063521535
2025-11-10 01:30:00+00:00,0.007575601443909762
2025-11-10 01:35:00+00:00,0.0074991259658545775
2025-11-10 01:40:00+00:00,0.0
2025-11-10 01:45:00+00:00,0.007426713642321134
2025-11-10 01:50:00+00:00,0.008159735328272768
2025-11-10 01:55:00+00:00,0.011013530430040861
2025-11-10 02:00:00+00:00,0.007631513528656541
2025-11-10 02:05:00+00:00,0.011464308855826394
2025-11-10 02:10:00+00:00,0.0
2025-11-10 02:15:00+00:00,0.0
2025-11-10 02:20:00+00:00,0.0
2025-11-10 02:25:00+00:00,0.0
2025-11-10 02:30:00+00:00,0.0
2025-11-10 02:35:00+00:00,0.0
2025-11-10 02:40:00+00:00,0.0
2025-11-10 02:45:00+00:00,0.0
2025-11-10 02:50:00+00:00,0.0
2025-11-10 02:55:00+00:00,0.0
2025-11-10 03:00:00+00:00,0.0
2025-11-10 03:05:00+00:00,0.01092389424641927
2025-11-10 03:10:00+00:00,0.019048674064770076
2025-11-10 03:15:00+00:00,0.007762462214419716
2025-11-10 03:20:00+00:00,0.007633078725714432
2025-11-10 03:25:00+00:00,0.007546699256227727
2025-11-10 03:30:00+00:00,0.0072867460418165764
2025-11-10 03:35:00+00:00,0.007581204698796857
2025-11-10 03:40:00+00:00,0.0
2025-11-10 03:45:00+00:00,0.007558566645572059
2025-11-10 03:50:00+00:00,0.007383753960592704
2025-11-10 03:55:00+00:00,0.007716662423652514
2025-11-10 04:00:00+00:00,0.011304333335474917
2025-11-10 04:05:00+00:00,0.0
2025-11-10 04:10:00+00:00,0.0
2025-11-10 04:15:00+00:00,0.0
2025-11-10 04:20:00+00:00,0.0
2025-11-10 04:25:00+00:00,0.0
2025-11-10 04:30:00+00:00,0.0
2025-11-10 04:35:00+00:00,0.0
2025-11-10 04:40:00+00:00,0.0
2025-11-10 04:45:00+00:00,0.0
2025-11-10 04:50:00+00:00,0.0
2025-11-10 04:55:00+00:00,0.0
2025-11-10 05:00:00+00:00,0.0
2025-11-10 05:05:00+00:00,0.0
2025-11-10 05:10:00+00:00,0.0
2025-11-10 05:15:00+00:00,0.0
2025-11-10 05:20:00+00:00,0.0
2025-11-10 05:25:00+00:00,0.0
2025-11-10 05:30:00+00:00,0.0
2025-11-10 05:35:00+00:00,0.0
2025-11-10 05:40:00+00:00,0.0
2025-11-10 05:45:00+00:00,0.0
2025-11-10 05:50:00+00:00,0.0
2025-11-10 05:55:00+00:00,0.0
2025-11-10 06:00:00+00:00,0.0
2025-11-10 06:05:00+00:00,0.0
2025-11-10 06:10:00+00:00,0.0
2025-11-10 06:15:00+00:00,0.0
2025-11-10 06:20:00+00:00,0.0
2025-11-10 06:25:00+00:00,0.0
2025-11-10 06:30:00+00:00,0.0
2025-11-10 06:35:00+00:00,0.0
2025-11-10 06:40:00+00:00,0.0
2025-11-10 06:45:00+00:00,0.0
2025-11-10 06:50:00+00:00,0.0
2025-11-10 06:55:00+00:00,0.0
2025-11-10 07:00:00+00:00,0.0
2025-11-10 07:05:00+00:00,0.0
2025-11-10 07:10:00+00:00,0.0
2025-11-10 07:15:00+00:00,0.0
2025-11-10 07:20:00+00:00,0.0
2025-11-10 07:25:00+00:00,0.0
2025-11-10 07:30:00+00:00,0.0
2025-11-10 07:35:00+00:00,0.0
2025-11-10 07:40:00+00:00,0.0
2025-11-10 07:45:00+00:00,0.0
2025-11-10 07:50:00+00:00,0.0
2025-11-10 07:55:00+00:00,0.0
2025-11-10 08:00:00+00:00,0.0
2025-11-10 08:05:00+00:00,0.0
2025-11-10 08:10:00+00:00,0.0
2025-11-10 08:15:00+00:00,0.0
2025-11-10 08:20:00+00:00,0.0
2025-11-10 08:25:00+00:00,0.0
2025-11-10 08:30:00+00:00,0.0
2025-11-10 08:35:00+00:00,0.0
2025-11-10 08:40:00+00:00,0.0
2025-11-10 08:45:00+00:00,0.0
2025-11-10 08:50:00+00:00,0.0
2025-11-10 08:55:00+00:00,0.0
2025-11-10 09:00:00+00:00,0.0
2025-11-10 09:05:00+00:00,0.0
2025-11-10 09:10:00+00:00,0.0
2025-11-10 09:15:00+00:00,0.0
2025-11-10 09:20:00+00:00,0.0
2025-11-10 09:25:00+00:00,0.0
2025-11-10 09:30:00+00:00,0.0
2025-11-10 09:35:00+00:00,0.0
2025-11-10 09:40:00+00:00,0.0
2025-11-10 09:45:00+00:00,0.0
2025-11-10 09:50:00+00:00,0.0
2025-11-10 09:55:00+00:00,0.0
2025-11-10 10:00:00+00:00,0.0
2025-11-10 10:05:00+00:00,0.0
2025-11-10 10:10:00+00:00,0.0
2025-11-10 10:15:00+00:00,0.0
2025-11-10 10:20:00+00:00,0.0
2025-11-10 10:25:00+00:00,0.0
2025-11-10 10:30:00+00:00,0.0
2025-11-10 10:35:00+00:00,0.0
2025-11-10 10:40:00+00:00,0.0
2025-11-10 10:45:00+00:00,0.0
2025-11-10 10:50:00+00:00,0.0
2025-11-10 10:55:00+00:00,0.0
2025-11-10 11:00:00+00:00,0.0
2025-11-10 11:05:00+00:00,0.0
2025-11-10 11:10:00+00:00,0.0
2025-11-10 11:15:00+00:00,0.0
2025-11-10 11:20:00+00:00,0.0
2025-11-10 11:25:00+00:00,0.0
2025-11-10 11:30:00+00:00,0.0
2025-11-10 11:35:00+00:00,0.0
2025-11-10 11:40:00+00:00,0.0
2025-11-10 11:45:00+00:00,0.0
2025-11-10 11:50:00+00:00,0.0
2025-11-10 11:55:00+00:00,0.0
2025-11-10 12:00:00+00:00,0.0
2025-11-10 12:05:00+00:00,0.0
2025-11-10 12:10:00+00:00,0.0
2025-11-10 12:15:00+00:00,0.0
2025-11-10 12:20:00+00:00,0.0
2025-11-10 12:25:00+00:00,0.0
2025-11-10 12:30:00+00:00,0.0
2025-11-10 12:35:00+00:00,0.0
2025-11-10 12:40:00+00:00,0.0
2025-11-10 12:45:00+00:00,0.0
2025-11-10 12:50:00+00:00,0.0
2025-11-10 12:55:00+00:00,0.0
2025-11-10 13:00:00+00:00,0.0
2025-11-10 13:05:00+00:00,0.0
2025-11-10 13:10:00+00:00,0.0
2025-11-10 13:15:00+00:00,0.0
2025-11-10 13:20:00+00:00,0.0
2025-11-10 13:25:00+00:00,0.0
2025-11-10 13:30:00+00:00,0.0
2025-11-10 13:35:00+00:00,0.0
2025-11-10 13:40:00+00:00,0.0
2025-11-10 13:45:00+00:00,0.0
2025-11-10 13:50:00+00:00,0.0
2025-11-10 13:55:00+00:00,0.0
2025-11-10 14:00:00+00:00,0.0
2025-11-10 14:05:00+00:00,0.0
2025-11-10 14:10:00+00:00,0.0
2025-11-10 14:15:00+00:00,0.0
2025-11-10 14:20:00+00:00,0.0
2025-11-10 14:25:00+00:00,0.0
2025-11-10 14:30:00+00:00,0.0
2025-11-10 14:35:00+00:00,0.0
2025-11-10 14:40:00+00:00,0.0
2025-11-10 14:45:00+00:00,0.0
2025-11-10 14:50:00+00:00,0.0
2025-11-10 14:55:00+00:00,0.0
2025-11-10 15:00:00+00:00,0.0
2025-11-10 15:05:00+00:00,0.0
2025-11-10 15:10:00+00:00,0.0
2025-11-10 15:15:00+00:00,0.0
2025-11-10 15:20:00+00:00,0.0
2025-11-10 15:25:00+00:00,0.0
2025-11-10 15:30:00+00:00,0.0
2025-11-10 15:35:00+00:00,0.0
2025-11-10 15:40:00+00:00,0.0
2025-11-10 15:45:00+00:00,0.0
2025-11-10 15:50:00+00:00,0.0
2025-11-10 15:55:00+00:00,0.0
2025-11-10 16:00:00+00:00,0.0
2025-11-10 16:05:00+00:00,0.0
2025-11-10 16:10:00+00:00,0.0
2025-11-10 16:15:00+00:00,0.0
2025-11-10 16:20:00+00:00,0.0
2025-11-10 16:25:00+00:00,0.0
2025-11-10 16:30:00+00:00,0.0
2025-11-10 16:35:00+00:00,0.0
2025-11-10 16:40:00+00:00,0.0
2025-11-10 16:45:00+00:00,0.0
2025-11-10 16:50:00+00:00,0.0
2025-11-10 16:55:00+00:00,0.0
2025-11-10 17:00:00+00:00,0.0
2025-11-10 17:05:00+00:00,0.0
2025-11-10 17:10:00+00:00,0.0
2025-11-10 17:15:00+00:00,0.0
2025-11-10 17:20:00+00:00,0.0
2025-11-10 17:25:00+00:00,0.0
2025-11-10 17:30:00+00:00,0.0
2025-11-10 17:35:00+00:00,0.0
2025-11-10 17:40:00+00:00,0.0
2025-11-10 17:45:00+00:00,0.0
2025-11-10 17:50:00+00:00,0.0
2025-11-10 17:55:00+00:00,0.0
2025-11-10 18:00:00+00:00,0.0
2025-11-10 18:05:00+00:00,0.022781308492024737
2025-11-10 18:10:00+00:00,0.0
2025-11-10 18:15:00+00:00,0.0
2025-11-10 18:20:00+00:00,0.0
2025-11-10 18:25:00+00:00,0.0
2025-11-10 18:30:00+00:00,0.0
2025-11-10 18:35:00+00:00,0.0
2025-11-10 18:40:00+00:00,0.0
2025-11-10 18:45:00+00:00,0.0
2025-11-10 18:50:00+00:00,0.0
2025-11-10 18:55:00+00:00,0.0
2025-11-10 19:00:00+00:00,0.0
2025-11-10 19:05:00+00:00,0.014583372651484973
2025-11-10 19:10:00+00:00,0.011768407152410138
2025-11-10 19:15:00+00:00,0.010906083123725756
2025-11-10 19:20:00+00:00,0.011564658817492033
2025-11-10 19:25:00+00:00,0.007279253005981445
2025-11-10 19:30:00+00:00,0.007373637483831037
2025-11-10 19:35:00+00:00,0.008047557295414438
2025-11-10 19:40:00+00:00,0.0
2025-11-10 19:45:00+00:00,0.011099995228282191
2025-11-10 19:50:00+00:00,0.007541767756144205
2025-11-10 19:55:00+00:00,0.007341285337481581
2025-11-10 20:00:00+00:00,0.007306246171917831
2025-11-10 20:05:00+00:00,0.010932450545461552
2025-11-10 20:10:00+00:00,0.0
2025-11-10 20:15:00+00:00,0.0
2025-11-10 20:20:00+00:00,0.0
2025-11-10 20:25:00+00:00,0.0
2025-11-10 20:30:00+00:00,0.0
2025-11-10 20:35:00+00:00,0.0
2025-11-10 20:40:00+00:00,0.0
2025-11-10 20:45:00+00:00,0.0
2025-11-10 20:50:00+00:00,0.0
2025-11-10 20:55:00+00:00,0.0
2025-11-10 21:00:00+00:00,0.0
2025-11-10 21:05:00+00:00,0.01138688054001122
2025-11-10 21:10:00+00:00,0.007561011899981582
2025-11-10 21:15:00+00:00,0.007349884300901178
2025-11-10 21:20:00+00:00,0.011196901923731753
2025-11-10 21:25:00+00:00,0.008442813471743934
2025-11-10 21:30:00+00:00,0.007245619255199766
2025-11-10 21:35:00+00:00,0.010897403014333623
2025-11-10 21:40:00+00:00,0.0
2025-11-10 21:45:00+00:00,0.0076572267632735395
2025-11-10 21:50:00+00:00,0.010829468777305201
2025-11-10 21:55:00+00:00,0.011036641974198189
2025-11-10 22:00:00+00:00,0.010998249890511494
2025-11-10 22:05:00+00:00,0.007556169074878358
2025-11-10 22:10:00+00:00,0.0
2025-11-10 22:15:00+00:00,0.0
2025-11-10 22:20:00+00:00,0.0
2025-11-10 22:25:00+00:00,0.0
2025-11-10 22:30:00+00:00,0.0
2025-11-10 22:35:00+00:00,0.0
2025-11-10 22:40:00+00:00,0.0
2025-11-10 22:45:00+00:00,0.0
2025-11-10 22:50:00+00:00,0.0
2025-11-10 22:55:00+00:00,0.0
2025-11-10 23:00:00+00:00,0.0
2025-11-10 23:05:00+00:00,0.011216259002685545
2025-11-10 23:10:00+00:00,0.007758230075501559
2025-11-10 23:15:00+00:00,0.007609290407415021
2025-11-10 23:20:00+00:00,0.011433790441144976
2025-11-10 23:25:00+00:00,0.011326034445511666
2025-11-10 23:30:00+00:00,0.007546698419671309
2025-11-10 23:35:00+00:00,0.010913705825805663
2025-11-10 23:40:00+00:00,0.0
2025-11-10 23:45:00+00:00,0.01496083192658006
2025-11-10 23:50:00+00:00,0.011559786712914182
2025-11-10 23:55:00+00:00,0.026358711510373833
2025-11-11 00:00:00+00:00,0.011815392343621504
2025-11-11 00:05:00+00:00,0.011140311391730056
2025-11-11 00:10:00+00:00,0.0
2025-11-11 00:15:00+00:00,0.0
2025-11-11 00:20:00+00:00,0.0
2025-11-11 00:25:00+00:00,0.0
2025-11-11 00:30:00+00:00,0.0
2025-11-11 00:35:00+00:00,0.0
2025-11-11 00:40:00+00:00,0.0
2025-11-11 00:45:00+00:00,0.0
2025-11-11 00:50:00+00:00,0.0
2025-11-11 00:55:00+00:00,0.0
2025-11-11 01:00:00+00:00,0.0
2025-11-11 01:05:00+00:00,0.011196658485814144
2025-11-11 01:10:00+00:00,0.007410634191412674
2025-11-11 01:15:00+00:00,0.01082541733457331
2025-11-11 01:20:00+00:00,0.007979923382140042
2025-11-11 01:25:00+00:00,0.00774647645783006
2025-11-11 01:30:00+00:00,0.011136008145516378
2025-11-11 01:35:00+00:00,0.011067054146214535
2025-11-11 01:40:00+00:00,0.0
2025-11-11 01:45:00+00:00,0.01179243388928865
2025-11-11 01:50:00+00:00,0.01089545216476708
2025-11-11 01:55:00+00:00,0.012216194889001677
2025-11-11 02:00:00+00:00,0.011369293614437705
2025-11-11 02:05:00+00:00,0.010893135740045915
2025-11-11 02:10:00+00:00,0.0
2025-11-11 02:15:00+00:00,0.0
2025-11-11 02:20:00+00:00,0.0
2025-11-11 02:25:00+00:00,0.0
2025-11-11 02:30:00+00:00,0.0
2025-11-11 02:35:00+00:00,0.0
2025-11-11 02:40:00+00:00,0.0
2025-11-11 02:45:00+00:00,0.0
2025-11-11 02:50:00+00:00,0.0
2025-11-11 02:55:00+00:00,0.0
2025-11-11 03:00:00+00:00,0.0
2025-11-11 03:05:00+00:00,0.011637424167833829
2025-11-11 03:10:00+00:00,0.01113079974525853
2025-11-11 03:15:00+00:00,0.007508480339719537
2025-11-11 03:20:00+00:00,0.011362099229243763
2025-11-11 03:25:00+00:00,0.007740272555434912
2025-11-11 03:30:00+00:00,0.007412415220026384
2025-11-11 03:35:00+00:00,0.008024638995789644
2025-11-11 03:40:00+00:00,0.0
2025-11-11 03:45:00+00:00,0.007718996416058456
2025-11-11 03:50:00+00:00,0.007782581396270216
2025-11-11 03:55:00+00:00,0.007953868832504539
2025-11-11 04:00:00+00:00,0.007658003924185769
2025-11-11 04:05:00+00:00,0.0
2025-11-11 04:10:00+00:00,0.0
2025-11-11 04:15:00+00:00,0.0
2025-11-11 04:20:00+00:00,0.0
2025-11-11 04:25:00+00:00,0.0
2025-11-11 04:30:00+00:00,0.0
2025-11-11 04:35:00+00:00,0.0
2025-11-11 04:40:00+00:00,0.0
2025-11-11 04:45:00+00:00,0.0
2025-11-11 04:50:00+00:00,0.0
2025-11-11 04:55:00+00:00,0.0
2025-11-11 05:00:00+00:00,0.0
2025-11-11 05:05:00+00:00,0.0
2025-11-11 05:10:00+00:00,0.0
2025-11-11 05:15:00+00:00,0.0
2025-11-11 05:20:00+00:00,0.0
2025-11-11 05:25:00+00:00,0.0
2025-11-11 05:30:00+00:00,0.0
2025-11-11 05:35:00+00:00,0.0
2025-11-11 05:40:00+00:00,0.0
2025-11-11 05:45:00+00:00,0.0
2025-11-11 05:50:00+00:00,0.0
2025-11-11 05:55:00+00:00,0.0
2025-11-11 06:00:00+00:00,0.0
2025-11-11 06:05:00+00:00,0.0
2025-11-11 06:10:00+00:00,0.0
2025-11-11 06:15:00+00:00,0.0
2025-11-11 06:20:00+00:00,0.0
2025-11-11 06:25:00+00:00,0.0
2025-11-11 06:30:00+00:00,0.0
2025-11-11 06:35:00+00:00,0.0
2025-11-11 06:40:00+00:00,0.0
2025-11-11 06:45:00+00:00,0.0
2025-11-11 06:50:00+00:00,0.0
2025-11-11 06:55:00+00:00,0.0
2025-11-11 07:00:00+00:00,0.0
2025-11-11 07:05:00+00:00,0.0
2025-11-11 07:10:00+00:00,0.0
2025-11-11 07:15:00+00:00,0.0
2025-11-11 07:20:00+00:00,0.0
2025-11-11 07:25:00+00:00,0.0
2025-11-11 07:30:00+00:00,0.0
2025-11-11 07:35:00+00:00,0.0
2025-11-11 07:40:00+00:00,0.0
2025-11-11 07:45:00+00:00,0.0
2025-11-11 07:50:00+00:00,0.0
2025-11-11 07:55:00+00:00,0.0
2025-11-11 08:00:00+00:00,0.0
2025-11-11 08:05:00+00:00,0.0
2025-11-11 08:10:00+00:00,0.0
2025-11-11 08:15:00+00:00,0.0
2025-11-11 08:20:00+00:00,0.0
2025-11-11 08:25:00+00:00,0.0
2025-11-11 08:30:00+00:00,0.0
2025-11-11 08:35:00+00:00,0.0
2025-11-11 08:40:00+00:00,0.0
2025-11-11 08:45:00+00:00,0.0
2025-11-11 08:50:00+00:00,0.0
2025-11-11 08:55:00+00:00,0.0
2025-11-11 09:00:00+00:00,0.0
2025-11-11 09:05:00+00:00,0.0
2025-11-11 09:10:00+00:00,0.0
2025-11-11 09:15:00+00:00,0.0
2025-11-11 09:20:00+00:00,0.0
2025-11-11 09:25:00+00:00,0.0
2025-11-11 09:30:00+00:00,0.0
2025-11-11 09:35:00+00:00,0.0
2025-11-11 09:40:00+00:00,0.0
2025-11-11 09:45:00+00:00,0.0
2025-11-11 09:50:00+00:00,0.0
2025-11-11 09:55:00+00:00,0.0
2025-11-11 10:00:00+00:00,0.0
2025-11-11 10:05:00+00:00,0.0
2025-11-11 10:10:00+00:00,0.0
2025-11-11 10:15:00+00:00,0.0
2025-11-11 10:20:00+00:00,0.0
2025-11-11 10:25:00+00:00,0.0
2025-11-11 10:30:00+00:00,0.0
2025-11-11 10:35:00+00:00,0.0
2025-11-11 10:40:00+00:00,0.0
2025-11-11 10:45:00+00:00,0.0
2025-11-11 10:50:00+00:00,0.0
2025-11-11 10:55:00+00:00,0.0
2025-11-11 11:00:00+00:00,0.0
2025-11-11 11:05:00+00:00,0.0
2025-11-11 11:10:00+00:00,0.0
2025-11-11 11:15:00+00:00,0.0
2025-11-11 11:20:00+00:00,0.0
2025-11-11 11:25:00+00:00,0.0
2025-11-11 11:30:00+00:00,0.0
2025-11-11 11:35:00+00:00,0.0
2025-11-11 11:40:00+00:00,0.0
2025-11-11 11:45:00+00:00,0.0
2025-11-11 11:50:00+00:00,0.0
2025-11-11 11:55:00+00:00,0.0
2025-11-11 12:00:00+00:00,0.0
2025-11-11 12:05:00+00:00,0.0
2025-11-11 12:10:00+00:00,0.0
2025-11-11 12:15:00+00:00,0.0
2025-11-11 12:20:00+00:00,0.0
2025-11-11 12:25:00+00:00,0.0
2025-11-11 12:30:00+00:00,0.0
2025-11-11 12:35:00+00:00,0.0
2025-11-11 12:40:00+00:00,0.0
2025-11-11 12:45:00+00:00,0.0
2025-11-11 12:50:00+00:00,0.0
2025-11-11 12:55:00+00:00,0.0
2025-11-11 13:00:00+00:00,0.0
2025-11-11 13:05:00+00:00,0.0
2025-11-11 13:10:00+00:00,0.0
2025-11-11 13:15:00+00:00,0.0
2025-11-11 13:20:00+00:00,0.0
2025-11-11 13:25:00+00:00,0.0
2025-11-11 13:30:00+00:00,0.0
2025-11-11 13:35:00+00:00,0.0
2025-11-11 13:40:00+00:00,0.0
2025-11-11 13:45:00+00:00,0.0
2025-11-11 13:50:00+00:00,0.0
2025-11-11 13:55:00+00:00,0.0
2025-11-11 14:00:00+00:00,0.0
2025-11-11 14:05:00+00:00,0.0
2025-11-11 14:10:00+00:00,0.0
2025-11-11 14:15:00+00:00,0.0
2025-11-11 14:20:00+00:00,0.0
2025-11-11 14:25:00+00:00,0.0
2025-11-11 14:30:00+00:00,0.0
2025-11-11 14:35:00+00:00,0.0
2025-11-11 14:40:00+00:00,0.0
2025-11-11 14:45:00+00:00,0.0
2025-11-11 14:50:00+00:00,0.0
2025-11-11 14:55:00+00:00,0.0
2025-11-11 15:00:00+00:00,0.0
2025-11-11 15:05:00+00:00,0.0
2025-11-11 15:10:00+00:00,0.0
2025-11-11 15:15:00+00:00,0.0
2025-11-11 15:20:00+00:00,0.0
2025-11-11 15:25:00+00:00,0.0
2025-11-11 15:30:00+00:00,0.0
2025-11-11 15:35:00+00:00,0.0
2025-11-11 15:40:00+00:00,0.0
2025-11-11 15:45:00+00:00,0.0
2025-11-11 15:50:00+00:00,0.0
2025-11-11 15:55:00+00:00,0.0
2025-11-11 16:00:00+00:00,0.0
2025-11-11 16:05:00+00:00,0.0
2025-11-11 16:10:00+00:00,0.0
2025-11-11 16:15:00+00:00,0.0
2025-11-11 16:20:00+00:00,0.0
2025-11-11 16:25:00+00:00,0.0
2025-11-11 16:30:00+00:00,0.0
2025-11-11 16:35:00+00:00,0.0
2025-11-11 16:40:00+00:00,0.0
2025-11-11 16:45:00+00:00,0.0
2025-11-11 16:50:00+00:00,0.0
2025-11-11 16:55:00+00:00,0.0
2025-11-11 17:00:00+00:00,0.0
2025-11-11 17:05:00+00:00,0.0
2025-11-11 17:10:00+00:00,0.0
2025-11-11 17:15:00+00:00,0.0
2025-11-11 17:20:00+00:00,0.0
2025-11-11 17:25:00+00:00,0.0
2025-11-11 17:30:00+00:00,0.0
2025-11-11 17:35:00+00:00,0.0
2025-11-11 17:40:00+00:00,0.0
2025-11-11 17:45:00+00:00,0.0
2025-11-11 17:50:00+00:00,0.0
2025-11-11 17:55:00+00:00,0.0
2025-11-11 18:00:00+00:00,0.0
2025-11-11 18:05:00+00:00,0.019240354236803554
2025-11-11 18:10:00+00:00,0.0
2025-11-11 18:15:00+00:00,0.0
2025-11-11 18:20:00+00:00,0.0
2025-11-11 18:25:00+00:00,0.0
2025-11-11 18:30:00+00:00,0.0
2025-11-11 18:35:00+00:00,0.0
2025-11-11 18:40:00+00:00,0.0
2025-11-11 18:45:00+00:00,0.0
2025-11-11 18:50:00+00:00,0.0
2025-11-11 18:55:00+00:00,0.0
2025-11-11 19:00:00+00:00,0.0
2025-11-11 19:05:00+00:00,0.026076752679389817
2025-11-11 19:10:00+00:00,0.018341668446858722
2025-11-11 19:15:00+00:00,0.011074007603160121
2025-11-11 19:20:00+00:00,0.0111273539693732
2025-11-11 19:25:00+00:00,0.0
2025-11-11 19:30:00+00:00,0.007956862867924205
2025-11-11 19:35:00+00:00,0.011016678391841419
2025-11-11 19:40:00+00:00,0.011003048378124571
2025-11-11 19:45:00+00:00,0.011260919403611567
2025-11-11 19:50:00+00:00,0.014861628883763361
2025-11-11 19:55:00+00:00,0.0
2025-11-11 20:00:00+00:00,0.01456645329793294
2025-11-11 20:05:00+00:00,0.01095559889810127
2025-11-11 20:10:00+00:00,0.0
2025-11-11 20:15:00+00:00,0.0
2025-11-11 20:20:00+00:00,0.0
2025-11-11 20:25:00+00:00,0.0
2025-11-11 20:30:00+00:00,0.0
2025-11-11 20:35:00+00:00,0.0
2025-11-11 20:40:00+00:00,0.0
2025-11-11 20:45:00+00:00,0.0
2025-11-11 20:50:00+00:00,0.0
2025-11-11 20:55:00+00:00,0.0
2025-11-11 21:00:00+00:00,0.0
2025-11-11 21:05:00+00:00,0.007310003146790621
2025-11-11 21:10:00+00:00,0.007493425670423005
2025-11-11 21:15:00+00:00,0.007904890127349318
2025-11-11 21:20:00+00:00,0.011290498365435683
2025-11-11 21:25:00+00:00,0.010828648115459241
2025-11-11 21:30:00+00:00,0.007467613722148694
2025-11-11 21:35:00+00:00,0.007999807491637112
2025-11-11 21:40:00+00:00,0.0
2025-11-11 21:45:00+00:00,0.007852509147242495
2025-11-11 21:50:00+00:00,0.0073228559995952396
2025-11-11 21:55:00+00:00,0.0074146638836777
2025-11-11 22:00:00+00:00,0.007396096513982404
2025-11-11 22:05:00+00:00,0.007257956789250958
2025-11-11 22:10:00+00:00,0.0
2025-11-11 22:15:00+00:00,0.0
2025-11-11 22:20:00+00:00,0.0
2025-11-11 22:25:00+00:00,0.0
2025-11-11 22:30:00+00:00,0.0
2025-11-11 22:35:00+00:00,0.0
2025-11-11 22:40:00+00:00,0.0
2025-11-11 22:45:00+00:00,0.0
2025-11-11 22:50:00+00:00,0.0
2025-11-11 22:55:00+00:00,0.0
2025-11-11 23:00:00+00:00,0.0
2025-11-11 23:05:00+00:00,0.022301666360152392
2025-11-11 23:10:00+00:00,0.007494587647287468
2025-11-11 23:15:00+00:00,0.0077250304975007705
2025-11-11 23:20:00+00:00,0.0076082380194413025
2025-11-11 23:25:00+00:00,0.0
2025-11-11 23:30:00+00:00,0.007665353072317022
2025-11-11 23:35:00+00:00,0.008415509106820089
2025-11-11 23:40:00+00:00,0.007686868466828998
2025-11-11 23:45:00+00:00,0.007520187946788051
2025-11-11 23:50:00+00:00,0.007315391406678316
2025-11-11 23:55:00+00:00,0.0
2025-11-12 00:00:00+00:00,0.011241389994035686
2025-11-12 00:05:00+00:00,0.0221554346251906
2025-11-12 00:10:00+00:00,0.0
2025-11-12 00:15:00+00:00,0.0
2025-11-12 00:20:00+00:00,0.0
2025-11-12 00:25:00+00:00,0.0
2025-11-12 00:30:00+00:00,0.0
2025-11-12 00:35:00+00:00,0.0
2025-11-12 00:40:00+00:00,0.0
2025-11-12 00:45:00+00:00,0.0
2025-11-12 00:50:00+00:00,0.0
2025-11-12 00:55:00+00:00,0.0
2025-11-12 01:00:00+00:00,0.0
2025-11-12 01:05:00+00:00,0.015069962384407979
2025-11-12 01:10:00+00:00,0.011021524563170315
2025-11-12 01:15:00+00:00,0.011587871584975927
2025-11-12 01:20:00+00:00,0.011217226061904638
2025-11-12 01:25:00+00:00,0.01082611000328733
2025-11-12 01:30:00+00:00,0.014918369159363861
2025-11-12 01:35:00+00:00,0.015501500849138225
2025-11-12 01:40:00+00:00,0.0
2025-11-12 01:45:00+00:00,0.011217796593381646
2025-11-12 01:50:00+00:00,0.01135239517479612
2025-11-12 01:55:00+00:00,0.01115232601500394
2025-11-12 02:00:00+00:00,0.0074430306752522775
2025-11-12 02:05:00+00:00,0.01183848548353764
2025-11-12 02:10:00+00:00,0.0
2025-11-12 02:15:00+00:00,0.0
2025-11-12 02:20:00+00:00,0.0
2025-11-12 02:25:00+00:00,0.0
2025-11-12 02:30:00+00:00,0.0
2025-11-12 02:35:00+00:00,0.0
2025-11-12 02:40:00+00:00,0.0
2025-11-12 02:45:00+00:00,0.0
2025-11-12 02:50:00+00:00,0.0
2025-11-12 02:55:00+00:00,0.0
2025-11-12 03:00:00+00:00,0.0
2025-11-12 03:05:00+00:00,0.02295405906543397
2025-11-12 03:10:00+00:00,0.007853437724866364
2025-11-12 03:15:00+00:00,0.007402872620967396
2025-11-12 03:20:00+00:00,0.007487148151063082
2025-11-12 03:25:00+00:00,0.0
2025-11-12 03:30:00+00:00,0.007621536756816662
2025-11-12 03:35:00+00:00,0.007671234900491279
2025-11-12 03:40:00+00:00,0.007476111462241724
2025-11-12 03:45:00+00:00,0.007494174388417025
2025-11-12 03:50:00+00:00,0.007520684861300283
2025-11-12 03:55:00+00:00,0.0
2025-11-12 04:00:00+00:00,0.011566337786222758
2025-11-12 04:05:00+00:00,0.0
2025-11-12 04:10:00+00:00,0.0
2025-11-12 04:15:00+00:00,0.0
2025-11-12 04:20:00+00:00,0.0
2025-11-12 04:25:00+00:00,0.0
2025-11-12 04:30:00+00:00,0.0
2025-11-12 04:35:00+00:00,0.0
2025-11-12 04:40:00+00:00,0.0
2025-11-12 04:45:00+00:00,0.0
2025-11-12 04:50:00+00:00,0.0
2025-11-12 04:55:00+00:00,0.0
2025-11-12 05:00:00+00:00,0.0
2025-11-12 05:05:00+00:00,0.0
2025-11-12 05:10:00+00:00,0.0
2025-11-12 05:15:00+00:00,0.0
2025-11-12 05:20:00+00:00,0.0
2025-11-12 05:25:00+00:00,0.0
2025-11-12 05:30:00+00:00,0.0
2025-11-12 05:35:00+00:00,0.0
2025-11-12 05:40:00+00:00,0.0
2025-11-12 05:45:00+00:00,0.0
2025-11-12 05:50:00+00:00,0.0
2025-11-12 05:55:00+00:00,0.0
2025-11-12 06:00:00+00:00,0.0
2025-11-12 06:05:00+00:00,0.0
2025-11-12 06:10:00+00:00,0.0
2025-11-12 06:15:00+00:00,0.0
2025-11-12 06:20:00+00:00,0.0
2025-11-12 06:25:00+00:00,0.0
2025-11-12 06:30:00+00:00,0.0
2025-11-12 06:35:00+00:00,0.0
2025-11-12 06:40:00+00:00,0.0
2025-11-12 06:45:00+00:00,0.0
2025-11-12 06:50:00+00:00,0.0
2025-11-12 06:55:00+00:00,0.0
2025-11-12 07:00:00+00:00,0.0
2025-11-12 07:05:00+00:00,0.0
2025-11-12 07:10:00+00:00,0.0
2025-11-12 07:15:00+00:00,0.0
2025-11-12 07:20:00+00:00,0.0
2025-11-12 07:25:00+00:00,0.0
2025-11-12 07:30:00+00:00,0.0
2025-11-12 07:35:00+00:00,0.0
2025-11-12 07:40:00+00:00,0.0
2025-11-12 07:45:00+00:00,0.0
2025-11-12 07:50:00+00:00,0.0
2025-11-12 07:55:00+00:00,0.0
2025-11-12 08:00:00+00:00,0.0
2025-11-12 08:05:00+00:00,0.0
2025-11-12 08:10:00+00:00,0.0
2025-11-12 08:15:00+00:00,0.0
2025-11-12 08:20:00+00:00,0.0
2025-11-12 08:25:00+00:00,0.0
2025-11-12 08:30:00+00:00,0.0
2025-11-12 08:35:00+00:00,0.0
2025-11-12 08:40:00+00:00,0.0
2025-11-12 08:45:00+00:00,0.0
2025-11-12 08:50:00+00:00,0.0
2025-11-12 08:55:00+00:00,0.0
2025-11-12 09:00:00+00:00,0.0
2025-11-12 09:05:00+00:00,0.0
2025-11-12 09:10:00+00:00,0.0
2025-11-12 09:15:00+00:00,0.0
2025-11-12 09:20:00+00:00,0.0
2025-11-12 09:25:00+00:00,0.0
2025-11-12 09:30:00+00:00,0.0
2025-11-12 09:35:00+00:00,0.0
2025-11-12 09:40:00+00:00,0.0
2025-11-12 09:45:00+00:00,0.0
2025-11-12 09:50:00+00:00,0.0
2025-11-12 09:55:00+00:00,0.0
2025-11-12 10:00:00+00:00,0.0
2025-11-12 10:05:00+00:00,0.0
2025-11-12 10:10:00+00:00,0.0
2025-11-12 10:15:00+00:00,0.0
2025-11-12 10:20:00+00:00,0.0
2025-11-12 10:25:00+00:00,0.0
2025-11-12 10:30:00+00:00,0.0
2025-11-12 10:35:00+00:00,0.0
2025-11-12 10:40:00+00:00,0.0
2025-11-12 10:45:00+00:00,0.0
2025-11-12 10:50:00+00:00,0.0
2025-11-12 10:55:00+00:00,0.0
2025-11-12 11:00:00+00:00,0.0
2025-11-12 11:05:00+00:00,0.0
2025-11-12 11:10:00+00:00,0.0
2025-11-12 11:15:00+00:00,0.0
2025-11-12 11:20:00+00:00,0.0
2025-11-12 11:25:00+00:00,0.0
2025-11-12 11:30:00+00:00,0.0
2025-11-12 11:35:00+00:00,0.0
2025-11-12 11:40:00+00:00,0.0
2025-11-12 11:45:00+00:00,0.0
2025-11-12 11:50:00+00:00,0.0
2025-11-12 11:55:00+00:00,0.0
2025-11-12 12:00:00+00:00,0.0
2025-11-12 12:05:00+00:00,0.0
2025-11-12 12:10:00+00:00,0.0
2025-11-12 12:15:00+00:00,0.0
2025-11-12 12:20:00+00:00,0.0
2025-11-12 12:25:00+00:00,0.0
2025-11-12 12:30:00+00:00,0.0
2025-11-12 12:35:00+00:00,0.0
2025-11-12 12:40:00+00:00,0.0
2025-11-12 12:45:00+00:00,0.0
2025-11-12 12:50:00+00:00,0.0
2025-11-12 12:55:00+00:00,0.0
2025-11-12 13:00:00+00:00,0.0
2025-11-12 13:05:00+00:00,0.0
2025-11-12 13:10:00+00:00,0.0
2025-11-12 13:15:00+00:00,0.0
2025-11-12 13:20:00+00:00,0.0
2025-11-12 13:25:00+00:00,0.0
2025-11-12 13:30:00+00:00,0.0
2025-11-12 13:35:00+00:00,0.0
2025-11-12 13:40:00+00:00,0.0
2025-11-12 13:45:00+00:00,0.0
2025-11-12 13:50:00+00:00,0.0
2025-11-12 13:55:00+00:00,0.0
2025-11-12 14:00:00+00:00,0.0
2025-11-12 14:05:00+00:00,0.0
2025-11-12 14:10:00+00:00,0.0
2025-11-12 14:15:00+00:00,0.0
2025-11-12 14:20:00+00:00,0.0
2025-11-12 14:25:00+00:00,0.0
2025-11-12 14:30:00+00:00,0.0
2025-11-12 14:35:00+00:00,0.0
2025-11-12 14:40:00+00:00,0.0
2025-11-12 14:45:00+00:00,0.0
2025-11-12 14:50:00+00:00,0.0
2025-11-12 14:55:00+00:00,0.0
2025-11-12 15:00:00+00:00,0.0
2025-11-12 15:05:00+00:00,0.0
2025-11-12 15:10:00+00:00,0.0
2025-11-12 15:15:00+00:00,0.0
2025-11-12 15:20:00+00:00,0.0
2025-11-12 15:25:00+00:00,0.0
2025-11-12 15:30:00+00:00,0.0
2025-11-12 15:35:00+00:00,0.0
2025-11-12 15:40:00+00:00,0.0
2025-11-12 15:45:00+00:00,0.0
2025-11-12 15:50:00+00:00,0.0
2025-11-12 15:55:00+00:00,0.0
2025-11-12 16:00:00+00:00,0.0
2025-11-12 16:05:00+00:00,0.0
2025-11-12 16:10:00+00:00,0.0
2025-11-12 16:15:00+00:00,0.0
2025-11-12 16:20:00+00:00,0.0
2025-11-12 16:25:00+00:00,0.0
2025-11-12 16:30:00+00:00,0.0
2025-11-12 16:35:00+00:00,0.0
2025-11-12 16:40:00+00:00,0.0
2025-11-12 16:45:00+00:00,0.0
2025-11-12 16:50:00+00:00,0.0
2025-11-12 16:55:00+00:00,0.0
2025-11-12 17:00:00+00:00,0.0
2025-11-12 17:05:00+00:00,0.0
2025-11-12 17:10:00+00:00,0.0
2025-11-12 17:15:00+00:00,0.0
2025-11-12 17:20:00+00:00,0.0
2025-11-12 17:25:00+00:00,0.0
2025-11-12 17:30:00+00:00,0.0
2025-11-12 17:35:00+00:00,0.0
2025-11-12 17:40:00+00:00,0.0
2025-11-12 17:45:00+00:00,0.0
2025-11-12 17:50:00+00:00,0.0
2025-11-12 17:55:00+00:00,0.0
2025-11-12 18:00:00+00:00,0.0
2025-11-12 18:05:00+00:00,0.015737342834472656
2025-11-12 18:10:00+00:00,0.0
2025-11-12 18:15:00+00:00,0.0
2025-11-12 18:20:00+00:00,0.0
2025-11-12 18:25:00+00:00,0.0
2025-11-12 18:30:00+00:00,0.0
2025-11-12 18:35:00+00:00,0.0
2025-11-12 18:40:00+00:00,0.0
2025-11-12 18:45:00+00:00,0.0
2025-11-12 18:50:00+00:00,0.0
2025-11-12 18:55:00+00:00,0.0
2025-11-12 19:00:00+00:00,0.0
2025-11-12 19:05:00+00:00,0.007388589256688167
2025-11-12 19:10:00+00:00,0.0073152199126126465
2025-11-12 19:15:00+00:00,0.007423654355500873
2025-11-12 19:20:00+00:00,0.007777230781421326
2025-11-12 19:25:00+00:00,0.007729584710639819
2025-11-12 19:30:00+00:00,0.007333972997832716
2025-11-12 19:35:00+00:00,0.007780245730751438
2025-11-12 19:40:00+00:00,0.0
2025-11-12 19:45:00+00:00,0.00743585051151744
2025-11-12 19:50:00+00:00,0.007293240229288736
2025-11-12 19:55:00+00:00,0.007499444693849797
2025-11-12 20:00:00+00:00,0.007670809929830985
2025-11-12 20:05:00+00:00,0.011097851970739531
2025-11-12 20:10:00+00:00,0.0
2025-11-12 20:15:00+00:00,0.0
2025-11-12 20:20:00+00:00,0.0
2025-11-12 20:25:00+00:00,0.0
2025-11-12 20:30:00+00:00,0.0
2025-11-12 20:35:00+00:00,0.0
2025-11-12 20:40:00+00:00,0.0
2025-11-12 20:45:00+00:00,0.0
2025-11-12 20:50:00+00:00,0.0
2025-11-12 20:55:00+00:00,0.0
2025-11-12 21:00:00+00:00,0.0
2025-11-12 21:05:00+00:00,0.007223127599348101
2025-11-12 21:10:00+00:00,0.011492238964950828
2025-11-12 21:15:00+00:00,0.007492865177623012
2025-11-12 21:20:00+00:00,0.010916101723386529
2025-11-12 21:25:00+00:00,0.01605350845738461
2025-11-12 21:30:00+00:00,0.007495624977245665
2025-11-12 21:35:00+00:00,0.007885432661625376
2025-11-12 21:40:00+00:00,0.0
2025-11-12 21:45:00+00:00,0.007718042741742049
2025-11-12 21:50:00+00:00,0.011057391083031368
2025-11-12 21:55:00+00:00,0.011051304298534726
2025-11-12 22:00:00+00:00,0.011324478450574372
2025-11-12 22:05:00+00:00,0.015380180091188663
2025-11-12 22:10:00+00:00,0.0
2025-11-12 22:15:00+00:00,0.0
2025-11-12 22:20:00+00:00,0.0
2025-11-12 22:25:00+00:00,0.0
2025-11-12 22:30:00+00:00,0.0
2025-11-12 22:35:00+00:00,0.0
2025-11-12 22:40:00+00:00,0.0
2025-11-12 22:45:00+00:00,0.0
2025-11-12 22:50:00+00:00,0.0
2025-11-12 22:55:00+00:00,0.0
2025-11-12 23:00:00+00:00,0.0
2025-11-12 23:05:00+00:00,0.010852525108738948
2025-11-12 23:10:00+00:00,0.007956882945278234
2025-11-12 23:15:00+00:00,0.007265987730862801
2025-11-12 23:20:00+00:00,0.0076042627033434404
2025-11-12 23:25:00+00:00,0.010922048802961382
2025-11-12 23:30:00+00:00,0.0073749676085354985
2025-11-12 23:35:00+00:00,0.007636397345024242
2025-11-12 23:40:00+00:00,0.0
2025-11-12 23:45:00+00:00,0.007405557130512438
2025-11-12 23:50:00+00:00,0.0072432183382803925
2025-11-12 23:55:00+00:00,0.011013912736323841
2025-11-13 00:00:00+00:00,0.007280954561735453
2025-11-13 00:05:00+00:00,0.012563945536027873
2025-11-13 00:10:00+00:00,0.0
2025-11-13 00:15:00+00:00,0.0
2025-11-13 00:20:00+00:00,0.0
2025-11-13 00:25:00+00:00,0.0
2025-11-13 00:30:00+00:00,0.0
2025-11-13 00:35:00+00:00,0.0
2025-11-13 00:40:00+00:00,0.0
2025-11-13 00:45:00+00:00,0.0
2025-11-13 00:50:00+00:00,0.0
2025-11-13 00:55:00+00:00,0.0
2025-11-13 01:00:00+00:00,0.0
2025-11-13 01:05:00+00:00,0.011279402281108655
2025-11-13 01:10:00+00:00,0.007224104697244208
2025-11-13 01:15:00+00:00,0.007697786364639013
2025-11-13 01:20:00+00:00,0.00782958331860994
2025-11-13 01:25:00+00:00,0.007769059298331276
2025-11-13 01:30:00+00:00,0.007368499354312294
2025-11-13 01:35:00+00:00,0.0072517587427507356
2025-11-13 01:40:00+00:00,0.0
2025-11-13 01:45:00+00:00,0.00740258400900322
2025-11-13 01:50:00+00:00,0.00726263732240911
2025-11-13 01:55:00+00:00,0.007810858676308079
2025-11-13 02:00:00+00:00,0.0072326049470064924
2025-11-13 02:05:00+00:00,0.014551154354162382
2025-11-13 02:10:00+00:00,0.0
2025-11-13 02:15:00+00:00,0.0
2025-11-13 02:20:00+00:00,0.0
2025-11-13 02:25:00+00:00,0.0
2025-11-13 02:30:00+00:00,0.0
2025-11-13 02:35:00+00:00,0.0
2025-11-13 02:40:00+00:00,0.0
2025-11-13 02:45:00+00:00,0.0
2025-11-13 02:50:00+00:00,0.0
2025-11-13 02:55:00+00:00,0.0
2025-11-13 03:00:00+00:00,0.0
2025-11-13 03:05:00+00:00,0.007325701964528936
2025-11-13 03:10:00+00:00,0.014599068959554035
2025-11-13 03:15:00+00:00,0.01471522900096157
2025-11-13 03:20:00+00:00,0.010996068987930029
2025-11-13 03:25:00+00:00,0.01109714340745357
2025-11-13 03:30:00+00:00,0.01083661213255765
2025-11-13 03:35:00+00:00,0.010823629613508258
2025-11-13 03:40:00+00:00,0.0
2025-11-13 03:45:00+00:00,0.011386350163242272
2025-11-13 03:50:00+00:00,0.010997642550552099
2025-11-13 03:55:00+00:00,0.008006104251794648
2025-11-13 04:00:00+00:00,0.010992281060469776
2025-11-13 04:05:00+00:00,0.0
2025-11-13 04:10:00+00:00,0.0
2025-11-13 04:15:00+00:00,0.0
2025-11-13 04:20:00+00:00,0.0
2025-11-13 04:25:00+00:00,0.0
2025-11-13 04:30:00+00:00,0.0
2025-11-13 04:35:00+00:00,0.0
2025-11-13 04:40:00+00:00,0.0
2025-11-13 04:45:00+00:00,0.0
2025-11-13 04:50:00+00:00,0.0
2025-11-13 04:55:00+00:00,0.0
2025-11-13 05:00:00+00:00,0.0
2025-11-13 05:05:00+00:00,0.0
2025-11-13 05:10:00+00:00,0.0
2025-11-13 05:15:00+00:00,0.0
2025-11-13 05:20:00+00:00,0.0
2025-11-13 05:25:00+00:00,0.0
2025-11-13 05:30:00+00:00,0.0
2025-11-13 05:35:00+00:00,0.0
2025-11-13 05:40:00+00:00,0.0
2025-11-13 05:45:00+00:00,0.0
2025-11-13 05:50:00+00:00,0.0
2025-11-13 05:55:00+00:00,0.0
2025-11-13 06:00:00+00:00,0.0
2025-11-13 06:05:00+00:00,0.0
2025-11-13 06:10:00+00:00,0.0
2025-11-13 06:15:00+00:00,0.0
2025-11-13 06:20:00+00:00,0.0
2025-11-13 06:25:00+00:00,0.0
2025-11-13 06:30:00+00:00,0.0
2025-11-13 06:35:00+00:00,0.0
2025-11-13 06:40:00+00:00,0.0
2025-11-13 06:45:00+00:00,0.0
2025-11-13 06:50:00+00:00,0.0
2025-11-13 06:55:00+00:00,0.0
2025-11-13 07:00:00+00:00,0.0
2025-11-13 07:05:00+00:00,0.0
2025-11-13 07:10:00+00:00,0.0
2025-11-13 07:15:00+00:00,0.0
2025-11-13 07:20:00+00:00,0.0
2025-11-13 07:25:00+00:00,0.0
2025-11-13 07:30:00+00:00,0.0
2025-11-13 07:35:00+00:00,0.0
2025-11-13 07:40:00+00:00,0.0
2025-11-13 07:45:00+00:00,0.0
2025-11-13 07:50:00+00:00,0.0
2025-11-13 07:55:00+00:00,0.0
2025-11-13 08:00:00+00:00,0.0
2025-11-13 08:05:00+00:00,0.0
2025-11-13 08:10:00+00:00,0.0
2025-11-13 08:15:00+00:00,0.0
2025-11-13 08:20:00+00:00,0.0
2025-11-13 08:25:00+00:00,0.0
2025-11-13 08:30:00+00:00,0.0
2025-11-13 08:35:00+00:00,0.0
2025-11-13 08:40:00+00:00,0.0
2025-11-13 08:45:00+00:00,0.0
2025-11-13 08:50:00+00:00,0.0
2025-11-13 08:55:00+00:00,0.0
2025-11-13 09:00:00+00:00,0.0
2025-11-13 09:05:00+00:00,0.0
2025-11-13 09:10:00+00:00,0.0
2025-11-13 09:15:00+00:00,0.0
2025-11-13 09:20:00+00:00,0.0
2025-11-13 09:25:00+00:00,0.0
2025-11-13 09:30:00+00:00,0.0
2025-11-13 09:35:00+00:00,0.0
2025-11-13 09:40:00+00:00,0.0
2025-11-13 09:45:00+00:00,0.0
2025-11-13 09:50:00+00:00,0.0
2025-11-13 09:55:00+00:00,0.0
2025-11-13 10:00:00+00:00,0.0
2025-11-13 10:05:00+00:00,0.0
2025-11-13 10:10:00+00:00,0.0
2025-11-13 10:15:00+00:00,0.0
2025-11-13 10:20:00+00:00,0.0
2025-11-13 10:25:00+00:00,0.0
2025-11-13 10:30:00+00:00,0.0
2025-11-13 10:35:00+00:00,0.0
2025-11-13 10:40:00+00:00,0.0
2025-11-13 10:45:00+00:00,0.0
2025-11-13 10:50:00+00:00,0.0
2025-11-13 10:55:00+00:00,0.0
2025-11-13 11:00:00+00:00,0.0
2025-11-13 11:05:00+00:00,0.0
2025-11-13 11:10:00+00:00,0.0
2025-11-13 11:15:00+00:00,0.0
2025-11-13 11:20:00+00:00,0.0
2025-11-13 11:25:00+00:00,0.0
2025-11-13 11:30:00+00:00,0.0
2025-11-13 11:35:00+00:00,0.0
2025-11-13 11:40:00+00:00,0.0
2025-11-13 11:45:00+00:00,0.0
2025-11-13 11:50:00+00:00,0.0
2025-11-13 11:55:00+00:00,0.0
2025-11-13 12:00:00+00:00,0.0
2025-11-13 12:05:00+00:00,0.0
2025-11-13 12:10:00+00:00,0.0
2025-11-13 12:15:00+00:00,0.0
2025-11-13 12:20:00+00:00,0.0
2025-11-13 12:25:00+00:00,0.0
2025-11-13 12:30:00+00:00,0.0
2025-11-13 12:35:00+00:00,0.0
2025-11-13 12:40:00+00:00,0.0
2025-11-13 12:45:00+00:00,0.0
2025-11-13 12:50:00+00:00,0.0
2025-11-13 12:55:00+00:00,0.0
2025-11-13 13:00:00+00:00,0.0
2025-11-13 13:05:00+00:00,0.0
2025-11-13 13:10:00+00:00,0.0
2025-11-13 13:15:00+00:00,0.0
2025-11-13 13:20:00+00:00,0.0
2025-11-13 13:25:00+00:00,0.0
2025-11-13 13:30:00+00:00,0.0
2025-11-13 13:35:00+00:00,0.0
2025-11-13 13:40:00+00:00,0.0
2025-11-13 13:45:00+00:00,0.0
2025-11-13 13:50:00+00:00,0.0
2025-11-13 13:55:00+00:00,0.0
2025-11-13 14:00:00+00:00,0.0
2025-11-13 14:05:00+00:00,0.0
2025-11-13 14:10:00+00:00,0.0
2025-11-13 14:15:00+00:00,0.0
2025-11-13 14:20:00+00:00,0.0
2025-11-13 14:25:00+00:00,0.0
2025-11-13 14:30:00+00:00,0.0
2025-11-13 14:35:00+00:00,0.0
2025-11-13 14:40:00+00:00,0.0
2025-11-13 14:45:00+00:00,0.0
2025-11-13 14:50:00+00:00,0.0
2025-11-13 14:55:00+00:00,0.0
2025-11-13 15:00:00+00:00,0.0
2025-11-13 15:05:00+00:00,0.0
2025-11-13 15:10:00+00:00,0.0
2025-11-13 15:15:00+00:00,0.0
2025-11-13 15:20:00+00:00,0.0
2025-11-13 15:25:00+00:00,0.0
2025-11-13 15:30:00+00:00,0.0
2025-11-13 15:35:00+00:00,0.0
2025-11-13 15:40:00+00:00,0.0
2025-11-13 15:45:00+00:00,0.0
2025-11-13 15:50:00+00:00,0.0
2025-11-13 15:55:00+00:00,0.0
2025-11-13 16:00:00+00:00,0.0
2025-11-13 16:05:00+00:00,0.0
2025-11-13 16:10:00+00:00,0.0
2025-11-13 16:15:00+00:00,0.0
2025-11-13 16:20:00+00:00,0.0
2025-11-13 16:25:00+00:00,0.0
2025-11-13 16:30:00+00:00,0.0
2025-11-13 16:35:00+00:00,0.0
2025-11-13 16:40:00+00:00,0.0
2025-11-13 16:45:00+00:00,0.0
2025-11-13 16:50:00+00:00,0.0
2025-11-13 16:55:00+00:00,0.0
2025-11-13 17:00:00+00:00,0.0
2025-11-13 17:05:00+00:00,0.0
2025-11-13 17:10:00+00:00,0.0
2025-11-13 17:15:00+00:00,0.0
2025-11-13 17:20:00+00:00,0.0
2025-11-13 17:25:00+00:00,0.0
2025-11-13 17:30:00+00:00,0.0
2025-11-13 17:35:00+00:00,0.0
2025-11-13 17:40:00+00:00,0.0
2025-11-13 17:45:00+00:00,0.0
2025-11-13 17:50:00+00:00,0.0
2025-11-13 17:55:00+00:00,0.0
2025-11-13 18:00:00+00:00,0.0
2025-11-13 18:05:00+00:00,0.014838027117545142
2025-11-13 18:10:00+00:00,0.0
2025-11-13 18:15:00+00:00,0.0
2025-11-13 18:20:00+00:00,0.0
2025-11-13 18:25:00+00:00,0.0
2025-11-13 18:30:00+00:00,0.0
2025-11-13 18:35:00+00:00,0.0
2025-11-13 18:40:00+00:00,0.0
2025-11-13 18:45:00+00:00,0.0
2025-11-13 18:50:00+00:00,0.0
2025-11-13 18:55:00+00:00,0.0
2025-11-13 19:00:00+00:00,0.0
2025-11-13 19:05:00+00:00,0.010958241579825417
2025-11-13 19:10:00+00:00,0.010978540621305766
2025-11-13 19:15:00+00:00,0.007594031618352521
2025-11-13 19:20:00+00:00,0.012125960567541288
2025-11-13 19:25:00+00:00,0.0144281362232409
2025-11-13 19:30:00+00:00,0.010892328463102641
2025-11-13 19:35:00+00:00,0.008607326474106102
2025-11-13 19:40:00+00:00,0.0
2025-11-13 19:45:00+00:00,0.010969133544386478
2025-11-13 19:50:00+00:00,0.011019468307495115
2025-11-13 19:55:00+00:00,0.01863255417137815
2025-11-13 20:00:00+00:00,0.011181937602528353
2025-11-13 20:05:00+00:00,0.015333939435189228
2025-11-13 20:10:00+00:00,0.0
2025-11-13 20:15:00+00:00,0.0
2025-11-13 20:20:00+00:00,0.0
2025-11-13 20:25:00+00:00,0.0
2025-11-13 20:30:00+00:00,0.0
2025-11-13 20:35:00+00:00,0.0
2025-11-13 20:40:00+00:00,0.0
2025-11-13 20:45:00+00:00,0.0
2025-11-13 20:50:00+00:00,0.0
2025-11-13 20:55:00+00:00,0.0
2025-11-13 21:00:00+00:00,0.0
2025-11-13 21:05:00+00:00,0.018574412663777667
2025-11-13 21:10:00+00:00,0.010981149004216779
2025-11-13 21:15:00+00:00,0.007671627245451274
2025-11-13 21:20:00+00:00,0.007462141806619208
2025-11-13 21:25:00+00:00,0.0
2025-11-13 21:30:00+00:00,0.007837498815436111
2025-11-13 21:35:00+00:00,0.011003082676937705
2025-11-13 21:40:00+00:00,0.007244706572147837
2025-11-13 21:45:00+00:00,0.007648670464231256
2025-11-13 21:50:00+00:00,0.007448576207746538
2025-11-13 21:55:00+00:00,0.0
2025-11-13 22:00:00+00:00,0.007526763280232746
2025-11-13 22:05:00+00:00,0.014802393996924684
2025-11-13 22:10:00+00:00,0.0
2025-11-13 22:15:00+00:00,0.0
2025-11-13 22:20:00+00:00,0.0
2025-11-13 22:25:00+00:00,0.0
2025-11-13 22:30:00+00:00,0.0
2025-11-13 22:35:00+00:00,0.0
2025-11-13 22:40:00+00:00,0.0
2025-11-13 22:45:00+00:00,0.0
2025-11-13 22:50:00+00:00,0.0
2025-11-13 22:55:00+00:00,0.0
2025-11-13 23:00:00+00:00,0.0
2025-11-13 23:05:00+00:00,0.007505357474611516
2025-11-13 23:10:00+00:00,0.007433453777380156
2025-11-13 23:15:00+00:00,0.007197647763971696
2025-11-13 23:20:00+00:00,0.007705640792846679
2025-11-13 23:25:00+00:00,0.007572831605610094
2025-11-13 23:30:00+00:00,0.007406113440530341
2025-11-13 23:35:00+00:00,0.00737386335406387
2025-11-13 23:40:00+00:00,0.0
2025-11-13 23:45:00+00:00,0.007443305902313767
2025-11-13 23:50:00+00:00,0.007360223301670007
2025-11-13 23:55:00+00:00,0.0072673555006060675
2025-11-14 00:00:00+00:00,0.007427544342844109
2025-11-14 00:05:00+00:00,0.007353597774840237
2025-11-14 00:10:00+00:00,0.0
2025-11-14 00:15:00+00:00,0.0
2025-11-14 00:20:00+00:00,0.0
2025-11-14 00:25:00+00:00,0.0
2025-11-14 00:30:00+00:00,0.0
2025-11-14 00:35:00+00:00,0.0
2025-11-14 00:40:00+00:00,0.0
2025-11-14 00:45:00+00:00,0.0
2025-11-14 00:50:00+00:00,0.0
2025-11-14 00:55:00+00:00,0.0
2025-11-14 01:00:00+00:00,0.0
2025-11-14 01:05:00+00:00,0.0075157592171116875
2025-11-14 01:10:00+00:00,0.011083544346324184
2025-11-14 01:15:00+00:00,0.007663234911466899
2025-11-14 01:20:00+00:00,0.011308655822486207
2025-11-14 01:25:00+00:00,0.011329153127837598
2025-11-14 01:30:00+00:00,0.011279303567451342
2025-11-14 01:35:00+00:00,0.010947333720692416
2025-11-14 01:40:00+00:00,0.0
2025-11-14 01:45:00+00:00,0.014401568027964808
2025-11-14 01:50:00+00:00,0.015335319753278764
2025-11-14 01:55:00+00:00,0.010941749706602931
2025-11-14 02:00:00+00:00,0.007554277620817485
2025-11-14 02:05:00+00:00,0.007807601125616776
2025-11-14 02:10:00+00:00,0.0
2025-11-14 02:15:00+00:00,0.0
2025-11-14 02:20:00+00:00,0.0
2025-11-14 02:25:00+00:00,0.0
2025-11-14 02:30:00+00:00,0.0
2025-11-14 02:35:00+00:00,0.0
2025-11-14 02:40:00+00:00,0.0
2025-11-14 02:45:00+00:00,0.0
2025-11-14 02:50:00+00:00,0.0
2025-11-14 02:55:00+00:00,0.0
2025-11-14 03:00:00+00:00,0.0
2025-11-14 03:05:00+00:00,0.011860274431998268
2025-11-14 03:10:00+00:00,0.008270990639402155
2025-11-14 03:15:00+00:00,0.00740957594754403
2025-11-14 03:20:00+00:00,0.011413062246222244
2025-11-14 03:25:00+00:00,0.011104647318522134
2025-11-14 03:30:00+00:00,0.014428756111546565
2025-11-14 03:35:00+00:00,0.011473045014498525
2025-11-14 03:40:00+00:00,0.0
2025-11-14 03:45:00+00:00,0.019093737685889525
2025-11-14 03:50:00+00:00,0.007252169491951925
2025-11-14 03:55:00+00:00,0.010815250664426568
2025-11-14 04:00:00+00:00,0.007438975886294715
2025-11-14 04:05:00+00:00,0.0
2025-11-14 04:10:00+00:00,0.0
2025-11-14 04:15:00+00:00,0.0
2025-11-14 04:20:00+00:00,0.0
2025-11-14 04:25:00+00:00,0.0
2025-11-14 04:30:00+00:00,0.0
2025-11-14 04:35:00+00:00,0.0
2025-11-14 04:40:00+00:00,0.0
2025-11-14 04:45:00+00:00,0.0
2025-11-14 04:50:00+00:00,0.0
2025-11-14 04:55:00+00:00,0.0
2025-11-14 05:00:00+00:00,0.0
2025-11-14 05:05:00+00:00,0.0
2025-11-14 05:10:00+00:00,0.0
2025-11-14 05:15:00+00:00,0.0
2025-11-14 05:20:00+00:00,0.0
2025-11-14 05:25:00+00:00,0.0
2025-11-14 05:30:00+00:00,0.0
2025-11-14 05:35:00+00:00,0.0
2025-11-14 05:40:00+00:00,0.0
2025-11-14 05:45:00+00:00,0.0
2025-11-14 05:50:00+00:00,0.0
2025-11-14 05:55:00+00:00,0.0
2025-11-14 06:00:00+00:00,0.0
2025-11-14 06:05:00+00:00,0.0
2025-11-14 06:10:00+00:00,0.0
2025-11-14 06:15:00+00:00,0.0
2025-11-14 06:20:00+00:00,0.0
2025-11-14 06:25:00+00:00,0.0
2025-11-14 06:30:00+00:00,0.0
2025-11-14 06:35:00+00:00,0.0
2025-11-14 06:40:00+00:00,0.0
2025-11-14 06:45:00+00:00,0.0
2025-11-14 06:50:00+00:00,0.0
2025-11-14 06:55:00+00:00,0.0
2025-11-14 07:00:00+00:00,0.0
2025-11-14 07:05:00+00:00,0.0
2025-11-14 07:10:00+00:00,0.0
2025-11-14 07:15:00+00:00,0.0
2025-11-14 07:20:00+00:00,0.0
2025-11-14 07:25:00+00:00,0.0
2025-11-14 07:30:00+00:00,0.0
2025-11-14 07:35:00+00:00,0.0
2025-11-14 07:40:00+00:00,0.0
2025-11-14 07:45:00+00:00,0.0
2025-11-14 07:50:00+00:00,0.0
2025-11-14 07:55:00+00:00,0.0
2025-11-14 08:00:00+00:00,0.0
2025-11-14 08:05:00+00:00,0.0
2025-11-14 08:10:00+00:00,0.0
2025-11-14 08:15:00+00:00,0.0
2025-11-14 08:20:00+00:00,0.0
2025-11-14 08:25:00+00:00,0.0
2025-11-14 08:30:00+00:00,0.0
2025-11-14 08:35:00+00:00,0.0
2025-11-14 08:40:00+00:00,0.0
2025-11-14 08:45:00+00:00,0.0
2025-11-14 08:50:00+00:00,0.0
2025-11-14 08:55:00+00:00,0.0
2025-11-14 09:00:00+00:00,0.0
2025-11-14 09:05:00+00:00,0.0
2025-11-14 09:10:00+00:00,0.0
2025-11-14 09:15:00+00:00,0.0
2025-11-14 09:20:00+00:00,0.0
2025-11-14 09:25:00+00:00,0.0
2025-11-14 09:30:00+00:00,0.0
2025-11-14 09:35:00+00:00,0.0
2025-11-14 09:40:00+00:00,0.0
2025-11-14 09:45:00+00:00,0.0
2025-11-14 09:50:00+00:00,0.0
2025-11-14 09:55:00+00:00,0.0
2025-11-14 10:00:00+00:00,0.0
2025-11-14 10:05:00+00:00,0.0
2025-11-14 10:10:00+00:00,0.0
2025-11-14 10:15:00+00:00,0.0
2025-11-14 10:20:00+00:00,0.0
2025-11-14 10:25:00+00:00,0.0
2025-11-14 10:30:00+00:00,0.0
2025-11-14 10:35:00+00:00,0.0
2025-11-14 10:40:00+00:00,0.0
2025-11-14 10:45:00+00:00,0.0
2025-11-14 10:50:00+00:00,0.0
2025-11-14 10:55:00+00:00,0.0
2025-11-14 11:00:00+00:00,0.0
2025-11-14 11:05:00+00:00,0.0
2025-11-14 11:10:00+00:00,0.0
2025-11-14 11:15:00+00:00,0.0
2025-11-14 11:20:00+00:00,0.0
2025-11-14 11:25:00+00:00,0.0
2025-11-14 11:30:00+00:00,0.0
2025-11-14 11:35:00+00:00,0.0
2025-11-14 11:40:00+00:00,0.0
2025-11-14 11:45:00+00:00,0.0
2025-11-14 11:50:00+00:00,0.0
2025-11-14 11:55:00+00:00,0.0
2025-11-14 12:00:00+00:00,0.0
2025-11-14 12:05:00+00:00,0.0
2025-11-14 12:10:00+00:00,0.0
2025-11-14 12:15:00+00:00,0.0
2025-11-14 12:20:00+00:00,0.0
2025-11-14 12:25:00+00:00,0.0
2025-11-14 12:30:00+00:00,0.0
2025-11-14 12:35:00+00:00,0.0
2025-11-14 12:40:00+00:00,0.0
2025-11-14 12:45:00+00:00,0.0
2025-11-14 12:50:00+00:00,0.0
2025-11-14 12:55:00+00:00,0.0
2025-11-14 13:00:00+00:00,0.0
2025-11-14 13:05:00+00:00,0.0
2025-11-14 13:10:00+00:00,0.0
2025-11-14 13:15:00+00:00,0.0
2025-11-14 13:20:00+00:00,0.0
2025-11-14 13:25:00+00:00,0.0
2025-11-14 13:30:00+00:00,0.0
2025-11-14 13:35:00+00:00,0.0
2025-11-14 13:40:00+00:00,0.0
2025-11-14 13:45:00+00:00,0.0
2025-11-14 13:50:00+00:00,0.0
2025-11-14 13:55:00+00:00,0.0
2025-11-14 14:00:00+00:00,0.0
2025-11-14 14:05:00+00:00,0.0
2025-11-14 14:10:00+00:00,0.0
2025-11-14 14:15:00+00:00,0.0
2025-11-14 14:20:00+00:00,0.0
2025-11-14 14:25:00+00:00,0.0
2025-11-14 14:30:00+00:00,0.0
2025-11-14 14:35:00+00:00,0.0
2025-11-14 14:40:00+00:00,0.0
2025-11-14 14:45:00+00:00,0.0
2025-11-14 14:50:00+00:00,0.0
2025-11-14 14:55:00+00:00,0.0
2025-11-14 15:00:00+00:00,0.0
2025-11-14 15:05:00+00:00,0.0
2025-11-14 15:10:00+00:00,0.0
2025-11-14 15:15:00+00:00,0.0
2025-11-14 15:20:00+00:00,0.0
2025-11-14 15:25:00+00:00,0.0
2025-11-14 15:30:00+00:00,0.0
2025-11-14 15:35:00+00:00,0.0
2025-11-14 15:40:00+00:00,0.0
2025-11-14 15:45:00+00:00,0.0
2025-11-14 15:50:00+00:00,0.0
2025-11-14 15:55:00+00:00,0.0
2025-11-14 16:00:00+00:00,0.0
2025-11-14 16:05:00+00:00,0.0
2025-11-14 16:10:00+00:00,0.0
2025-11-14 16:15:00+00:00,0.0
2025-11-14 16:20:00+00:00,0.0
2025-11-14 16:25:00+00:00,0.0
2025-11-14 16:30:00+00:00,0.0
2025-11-14 16:35:00+00:00,0.0
2025-11-14 16:40:00+00:00,0.0
2025-11-14 16:45:00+00:00,0.0
2025-11-14 16:50:00+00:00,0.0
2025-11-14 16:55:00+00:00,0.0
2025-11-14 17:00:00+00:00,0.0
2025-11-14 17:05:00+00:00,0.0
2025-11-14 17:10:00+00:00,0.0
2025-11-14 17:15:00+00:00,0.0
2025-11-14 17:20:00+00:00,0.0
2025-11-14 17:25:00+00:00,0.0
2025-11-14 17:30:00+00:00,0.0
2025-11-14 17:35:00+00:00,0.0
2025-11-14 17:40:00+00:00,0.0
2025-11-14 17:45:00+00:00,0.0
2025-11-14 17:50:00+00:00,0.0
2025-11-14 17:55:00+00:00,0.0
2025-11-14 18:00:00+00:00,0.0
2025-11-14 18:05:00+00:00,0.01835925955521433
2025-11-14 18:10:00+00:00,0.0
2025-11-14 18:15:00+00:00,0.0
2025-11-14 18:20:00+00:00,0.0
2025-11-14 18:25:00+00:00,0.0
2025-11-14 18:30:00+00:00,0.0
2025-11-14 18:35:00+00:00,0.0
2025-11-14 18:40:00+00:00,0.0
2025-11-14 18:45:00+00:00,0.0
2025-11-14 18:50:00+00:00,0.0
2025-11-14 18:55:00+00:00,0.0
2025-11-14 19:00:00+00:00,0.0
2025-11-14 19:05:00+00:00,0.015362896835594844
2025-11-14 19:10:00+00:00,0.007465290604976185
2025-11-14 19:15:00+00:00,0.007466640807034676
2025-11-14 19:20:00+00:00,0.011203906410618832
2025-11-14 19:25:00+00:00,0.011370423802158287
2025-11-14 19:30:00+00:00,0.011210279297410395
2025-11-14 19:35:00+00:00,0.011206677085474917
2025-11-14 19:40:00+00:00,0.0
2025-11-14 19:45:00+00:00,0.007483718269749691
2025-11-14 19:50:00+00:00,0.007618222320288942
2025-11-14 19:55:00+00:00,0.0072218610529314
2025-11-14 20:00:00+00:00,0.00766865663361131
2025-11-14 20:05:00+00:00,0.015047234819646465
2025-11-14 20:10:00+00:00,0.0
2025-11-14 20:15:00+00:00,0.0
2025-11-14 20:20:00+00:00,0.0
2025-11-14 20:25:00+00:00,0.0
2025-11-14 20:30:00+00:00,0.0
2025-11-14 20:35:00+00:00,0.0
2025-11-14 20:40:00+00:00,0.0
2025-11-14 20:45:00+00:00,0.0
2025-11-14 20:50:00+00:00,0.0
2025-11-14 20:55:00+00:00,0.0
2025-11-14 21:00:00+00:00,0.0
2025-11-14 21:05:00+00:00,0.029850528622154447
2025-11-14 21:10:00+00:00,0.01136312401085569
2025-11-14 21:15:00+00:00,0.0115970536282188
2025-11-14 21:20:00+00:00,0.010964060666268332
2025-11-14 21:25:00+00:00,0.0
2025-11-14 21:30:00+00:00,0.011334326392725894
2025-11-14 21:35:00+00:00,0.011229849698250752
2025-11-14 21:40:00+00:00,0.01487977713869329
2025-11-14 21:45:00+00:00,0.011349578489337049
2025-11-14 21:50:00+00:00,0.01119426593445895
2025-11-14 21:55:00+00:00,0.0
2025-11-14 22:00:00+00:00,0.011050517935501901
2025-11-14 22:05:00+00:00,0.01115828564292506
2025-11-14 22:10:00+00:00,0.0
2025-11-14 22:15:00+00:00,0.0
2025-11-14 22:20:00+00:00,0.0
2025-11-14 22:25:00+00:00,0.0
2025-11-14 22:30:00+00:00,0.0
2025-11-14 22:35:00+00:00,0.0
2025-11-14 22:40:00+00:00,0.0
2025-11-14 22:45:00+00:00,0.0
2025-11-14 22:50:00+00:00,0.0
2025-11-14 22:55:00+00:00,0.0
2025-11-14 23:00:00+00:00,0.0
2025-11-14 23:05:00+00:00,0.00737765211808054
2025-11-14 23:10:00+00:00,0.007720949775294253
2025-11-14 23:15:00+00:00,0.011287314431709154
2025-11-14 23:20:00+00:00,0.007277790705362955
2025-11-14 23:25:00+00:00,0.007712707184908682
2025-11-14 23:30:00+00:00,0.007381039335016618
2025-11-14 23:35:00+00:00,0.007359673684103446
2025-11-14 23:40:00+00:00,0.0
2025-11-14 23:45:00+00:00,0.007543298654388963
2025-11-14 23:50:00+00:00,0.01145340183324981
2025-11-14 23:55:00+00:00,0.007700167204204357
2025-11-15 00:00:00+00:00,0.007838512721814607
2025-11-15 00:05:00+00:00,0.011112240741127415
2025-11-15 00:10:00+00:00,0.0
2025-11-15 00:15:00+00:00,0.0
2025-11-15 00:20:00+00:00,0.0
2025-11-15 00:25:00+00:00,0.0
2025-11-15 00:30:00+00:00,0.0
2025-11-15 00:35:00+00:00,0.0
2025-11-15 00:40:00+00:00,0.0
2025-11-15 00:45:00+00:00,0.0
2025-11-15 00:50:00+00:00,0.0
2025-11-15 00:55:00+00:00,0.0
2025-11-15 01:00:00+00:00,0.0
2025-11-15 01:05:00+00:00,0.018313074948494892
2025-11-15 01:10:00+00:00,0.007380808445445278
2025-11-15 01:15:00+00:00,0.015178042963931434
2025-11-15 01:20:00+00:00,0.007397553795262386
2025-11-15 01:25:00+00:00,0.0
2025-11-15 01:30:00+00:00,0.00820803725928591
2025-11-15 01:35:00+00:00,0.007430722420675712
2025-11-15 01:40:00+00:00,0.011153690438521534
2025-11-15 01:45:00+00:00,0.011450821056700589
2025-11-15 01:50:00+00:00,0.010819592392235471
2025-11-15 01:55:00+00:00,0.0
2025-11-15 02:00:00+00:00,0.011314460687470017
2025-11-15 02:05:00+00:00,0.02645886320816843
2025-11-15 02:10:00+00:00,0.0
2025-11-15 02:15:00+00:00,0.0
2025-11-15 02:20:00+00:00,0.0
2025-11-15 02:25:00+00:00,0.0
2025-11-15 02:30:00+00:00,0.0
2025-11-15 02:35:00+00:00,0.0
2025-11-15 02:40:00+00:00,0.0
2025-11-15 02:45:00+00:00,0.0
2025-11-15 02:50:00+00:00,0.0
2025-11-15 02:55:00+00:00,0.0
2025-11-15 03:00:00+00:00,0.0
2025-11-15 03:05:00+00:00,0.007435811193365799
2025-11-15 03:10:00+00:00,0.00816365459509063
2025-11-15 03:15:00+00:00,0.0072535079822205655
2025-11-15 03:20:00+00:00,0.0073998994994581785
2025-11-15 03:25:00+00:00,0.007645629581652188
2025-11-15 03:30:00+00:00,0.007347766976607472
2025-11-15 03:35:00+00:00,0.007446282370048656
2025-11-15 03:40:00+00:00,0.0
2025-11-15 03:45:00+00:00,0.01119958392360754
2025-11-15 03:50:00+00:00,0.00751409697950932
2025-11-15 03:55:00+00:00,0.0076285839080810535
2025-11-15 04:00:00+00:00,0.007256208386337547
2025-11-15 04:05:00+00:00,0.007719196353042334
2025-11-15 04:10:00+00:00,0.0
2025-11-15 04:15:00+00:00,0.0
2025-11-15 04:20:00+00:00,0.0
2025-11-15 04:25:00+00:00,0.0
2025-11-15 04:30:00+00:00,0.0
2025-11-15 04:35:00+00:00,0.0
2025-11-15 04:40:00+00:00,0.0
2025-11-15 04:45:00+00:00,0.0
2025-11-15 04:50:00+00:00,0.0
2025-11-15 04:55:00+00:00,0.0
2025-11-15 05:00:00+00:00,0.0
2025-11-15 05:05:00+00:00,0.015233207167240609
2025-11-15 05:10:00+00:00,0.0076561166529069856
2025-11-15 05:15:00+00:00,0.007407303860313013
2025-11-15 05:20:00+00:00,0.007404135821158425
2025-11-15 05:25:00+00:00,0.0
2025-11-15 05:30:00+00:00,0.007523899747614274
2025-11-15 05:35:00+00:00,0.007650448983175712
2025-11-15 05:40:00+00:00,0.007748866499516001
2025-11-15 05:45:00+00:00,0.007612439205771998
2025-11-15 05:50:00+00:00,0.007755224328292043
2025-11-15 05:55:00+00:00,0.0
2025-11-15 06:00:00+00:00,0.011322785260384542
2025-11-15 06:05:00+00:00,0.018468505457827918
2025-11-15 06:10:00+00:00,0.0
2025-11-15 06:15:00+00:00,0.0
2025-11-15 06:20:00+00:00,0.0
2025-11-15 06:25:00+00:00,0.0
2025-11-15 06:30:00+00:00,0.0
2025-11-15 06:35:00+00:00,0.0
2025-11-15 06:40:00+00:00,0.0
2025-11-15 06:45:00+00:00,0.0
2025-11-15 06:50:00+00:00,0.0
2025-11-15 06:55:00+00:00,0.0
2025-11-15 07:00:00+00:00,0.0
2025-11-15 07:05:00+00:00,0.022127118027001094
2025-11-15 07:10:00+00:00,0.0
2025-11-15 07:15:00+00:00,0.0073790625522011195
2025-11-15 07:20:00+00:00,0.01164861478303608
2025-11-15 07:25:00+00:00,0.010861988234938235
2025-11-15 07:30:00+00:00,0.011087704541390402
2025-11-15 07:35:00+00:00,0.011309788519876044
2025-11-15 07:40:00+00:00,0.0
2025-11-15 07:45:00+00:00,0.011102151870727538
2025-11-15 07:50:00+00:00,0.014583528250978703
2025-11-15 07:55:00+00:00,0.010903748294763397
2025-11-15 08:00:00+00:00,0.011528319643254865
2025-11-15 08:05:00+00:00,0.011137323212205317
2025-11-15 08:10:00+00:00,0.0
2025-11-15 08:15:00+00:00,0.0
2025-11-15 08:20:00+00:00,0.0
2025-11-15 08:25:00+00:00,0.0
2025-11-15 08:30:00+00:00,0.0
2025-11-15 08:35:00+00:00,0.0
2025-11-15 08:40:00+00:00,0.0
2025-11-15 08:45:00+00:00,0.0
2025-11-15 08:50:00+00:00,0.0
2025-11-15 08:55:00+00:00,0.0
2025-11-15 09:00:00+00:00,0.0
2025-11-15 09:05:00+00:00,0.007441453766404536
2025-11-15 09:10:00+00:00,0.00746382244846277
2025-11-15 09:15:00+00:00,0.01094912060520105
2025-11-15 09:20:00+00:00,0.007425892143918756
2025-11-15 09:25:00+00:00,0.007880457660608124
2025-11-15 09:30:00+00:00,0.007537815863626045
2025-11-15 09:35:00+00:00,0.007319158420228121
2025-11-15 09:40:00+00:00,0.0
2025-11-15 09:45:00+00:00,0.007458488564742238
2025-11-15 09:50:00+00:00,0.007456221496849729
2025-11-15 09:55:00+00:00,0.007476839266325298
2025-11-15 10:00:00+00:00,0.0077347554658588604
2025-11-15 10:05:00+00:00,0.014633149431462872
2025-11-15 10:10:00+00:00,0.0
2025-11-15 10:15:00+00:00,0.0
2025-11-15 10:20:00+00:00,0.0
2025-11-15 10:25:00+00:00,0.0
2025-11-15 10:30:00+00:00,0.0
2025-11-15 10:35:00+00:00,0.0
2025-11-15 10:40:00+00:00,0.0
2025-11-15 10:45:00+00:00,0.0
2025-11-15 10:50:00+00:00,0.0
2025-11-15 10:55:00+00:00,0.0
2025-11-15 11:00:00+00:00,0.0
2025-11-15 11:05:00+00:00,0.014766060678582441
2025-11-15 11:10:00+00:00,0.01110954117356685
2025-11-15 11:15:00+00:00,0.010854898419296532
2025-11-15 11:20:00+00:00,0.022736446481002003
2025-11-15 11:25:00+00:00,0.011842810480218183
2025-11-15 11:30:00+00:00,0.015157247007938851
2025-11-15 11:35:00+00:00,0.011310919544153045
2025-11-15 11:40:00+00:00,0.0
2025-11-15 11:45:00+00:00,0.010854961161027873
2025-11-15 11:50:00+00:00,0.011041611955876935
2025-11-15 11:55:00+00:00,0.015134281024598238
2025-11-15 12:00:00+00:00,0.025699640575208158
2025-11-15 12:05:00+00:00,0.01118961635388826
2025-11-15 12:10:00+00:00,0.0
2025-11-15 12:15:00+00:00,0.0
2025-11-15 12:20:00+00:00,0.0
2025-11-15 12:25:00+00:00,0.0
2025-11-15 12:30:00+00:00,0.0
2025-11-15 12:35:00+00:00,0.0
2025-11-15 12:40:00+00:00,0.0
2025-11-15 12:45:00+00:00,0.0
2025-11-15 12:50:00+00:00,0.0
2025-11-15 12:55:00+00:00,0.0
2025-11-15 13:00:00+00:00,0.0
2025-11-15 13:05:00+00:00,0.00727357362446032
2025-11-15 13:10:00+00:00,0.011048301897550883
2025-11-15 13:15:00+00:00,0.007534675430833247
2025-11-15 13:20:00+00:00,0.007593963020726254
2025-11-15 13:25:00+00:00,0.007569932101065651
2025-11-15 13:30:00+00:00,0.007384229961194489
2025-11-15 13:35:00+00:00,0.0078042574096144285
2025-11-15 13:40:00+00:00,0.0
2025-11-15 13:45:00+00:00,0.007695834678516053
2025-11-15 13:50:00+00:00,0.00753869006508275
2025-11-15 13:55:00+00:00,0.0074352682682505816
2025-11-15 14:00:00+00:00,0.007442202484398557
2025-11-15 14:05:00+00:00,0.007576909818147358
2025-11-15 14:10:00+00:00,0.0
2025-11-15 14:15:00+00:00,0.0
2025-11-15 14:20:00+00:00,0.0
2025-11-15 14:25:00+00:00,0.0
2025-11-15 14:30:00+00:00,0.0
2025-11-15 14:35:00+00:00,0.0
2025-11-15 14:40:00+00:00,0.0
2025-11-15 14:45:00+00:00,0.0
2025-11-15 14:50:00+00:00,0.0
2025-11-15 14:55:00+00:00,0.0
2025-11-15 15:00:00+00:00,0.0
2025-11-15 15:05:00+00:00,0.011252707765813458
2025-11-15 15:10:00+00:00,0.007912005876239976
2025-11-15 15:15:00+00:00,0.007705149734229371
2025-11-15 15:20:00+00:00,0.007249542704799718
2025-11-15 15:25:00+00:00,0.007484665251614754
2025-11-15 15:30:00+00:00,0.0074832355766965624
2025-11-15 15:35:00+00:00,0.007823711529112699
2025-11-15 15:40:00+00:00,0.0
2025-11-15 15:45:00+00:00,0.011161274659006218
2025-11-15 15:50:00+00:00,0.01095774299220035
2025-11-15 15:55:00+00:00,0.007253388354652806
2025-11-15 16:00:00+00:00,0.007550075597930372
2025-11-15 16:05:00+00:00,0.010826626158597176
2025-11-15 16:10:00+00:00,0.0
2025-11-15 16:15:00+00:00,0.0
2025-11-15 16:20:00+00:00,0.0
2025-11-15 16:25:00+00:00,0.0
2025-11-15 16:30:00+00:00,0.0
2025-11-15 16:35:00+00:00,0.0
2025-11-15 16:40:00+00:00,0.0
2025-11-15 16:45:00+00:00,0.0
2025-11-15 16:50:00+00:00,0.0
2025-11-15 16:55:00+00:00,0.0
2025-11-15 17:00:00+00:00,0.0
2025-11-15 17:05:00+00:00,0.01870392749184056
2025-11-15 17:10:00+00:00,0.015282552284106871
2025-11-15 17:15:00+00:00,0.011000291924727588
2025-11-15 17:20:00+00:00,0.014648103713989256
2025-11-15 17:25:00+00:00,0.015429911697119996
2025-11-15 17:30:00+00:00,0.015077684636701616
2025-11-15 17:35:00+00:00,0.012023863039518657
2025-11-15 17:40:00+00:00,0.0
2025-11-15 17:45:00+00:00,0.014615565852115027
2025-11-15 17:50:00+00:00,0.03314256835402104
2025-11-15 17:55:00+00:00,0.010862812243009867
2025-11-15 18:00:00+00:00,0.011068998303329735
2025-11-15 18:05:00+00:00,0.007230260915923536
2025-11-15 18:10:00+00:00,0.0
2025-11-15 18:15:00+00:00,0.0
2025-11-15 18:20:00+00:00,0.0
2025-11-15 18:25:00+00:00,0.0
2025-11-15 18:30:00+00:00,0.0
2025-11-15 18:35:00+00:00,0.0
2025-11-15 18:40:00+00:00,0.0
2025-11-15 18:45:00+00:00,0.0
2025-11-15 18:50:00+00:00,0.0
2025-11-15 18:55:00+00:00,0.0
2025-11-15 19:00:00+00:00,0.0
2025-11-15 19:05:00+00:00,0.010857243286935906
2025-11-15 19:10:00+00:00,0.007306508014076634
2025-11-15 19:15:00+00:00,0.007356944000511838
2025-11-15 19:20:00+00:00,0.007580370652048211
2025-11-15 19:25:00+00:00,0.011112230702450399
2025-11-15 19:30:00+00:00,0.007965358098347981
2025-11-15 19:35:00+00:00,0.010983206933004813
2025-11-15 19:40:00+00:00,0.0
2025-11-15 19:45:00+00:00,0.007698349367108261
2025-11-15 19:50:00+00:00,0.007241808740716231
2025-11-15 19:55:00+00:00,0.007832053669712
2025-11-15 20:00:00+00:00,0.007666725024842378
2025-11-15 20:05:00+00:00,0.007317280351069935
2025-11-15 20:10:00+00:00,0.0
2025-11-15 20:15:00+00:00,0.0
2025-11-15 20:20:00+00:00,0.0
2025-11-15 20:25:00+00:00,0.0
2025-11-15 20:30:00+00:00,0.0
2025-11-15 20:35:00+00:00,0.0
2025-11-15 20:40:00+00:00,0.0
2025-11-15 20:45:00+00:00,0.0
2025-11-15 20:50:00+00:00,0.0
2025-11-15 20:55:00+00:00,0.0
2025-11-15 21:00:00+00:00,0.0
2025-11-15 21:05:00+00:00,0.025958377436587684
2025-11-15 21:10:00+00:00,0.01460834553367213
2025-11-15 21:15:00+00:00,0.014495692336768434
2025-11-15 21:20:00+00:00,0.007238370493838661
2025-11-15 21:25:00+00:00,0.0
2025-11-15 21:30:00+00:00,0.008125386321753785
2025-11-15 21:35:00+00:00,0.00773403853700872
2025-11-15 21:40:00+00:00,0.007489270494695294
2025-11-15 21:45:00+00:00,0.01113288026106985
2025-11-15 21:50:00+00:00,0.014764300563879179
2025-11-15 21:55:00+00:00,0.0
2025-11-15 22:00:00+00:00,0.011366891860961913
2025-11-15 22:05:00+00:00,0.02642981880589535
2025-11-15 22:10:00+00:00,0.0
2025-11-15 22:15:00+00:00,0.0
2025-11-15 22:20:00+00:00,0.0
2025-11-15 22:25:00+00:00,0.0
2025-11-15 22:30:00+00:00,0.0
2025-11-15 22:35:00+00:00,0.0
2025-11-15 22:40:00+00:00,0.0
2025-11-15 22:45:00+00:00,0.0
2025-11-15 22:50:00+00:00,0.0
2025-11-15 22:55:00+00:00,0.0
2025-11-15 23:00:00+00:00,0.0
2025-11-15 23:05:00+00:00,0.010871594412284984
2025-11-15 23:10:00+00:00,0.014822134218717874
2025-11-15 23:15:00+00:00,0.011257687786169219
2025-11-15 23:20:00+00:00,0.007655489235593561
2025-11-15 23:25:00+00:00,0.007361542551141035
2025-11-15 23:30:00+00:00,0.007585782335515607
2025-11-15 23:35:00+00:00,0.007370973888196443
2025-11-15 23:40:00+00:00,0.0
2025-11-15 23:45:00+00:00,0.007350974333913702
2025-11-15 23:50:00+00:00,0.007610198907684861
2025-11-15 23:55:00+00:00,0.007747641780920195
2025-11-16 00:00:00+00:00,0.007674487431844075
2025-11-16 00:05:00+00:00,0.014834547042846678
2025-11-16 00:10:00+00:00,0.0
2025-11-16 00:15:00+00:00,0.0
2025-11-16 00:20:00+00:00,0.0
2025-11-16 00:25:00+00:00,0.0
2025-11-16 00:30:00+00:00,0.0
2025-11-16 00:35:00+00:00,0.0
2025-11-16 00:40:00+00:00,0.0
2025-11-16 00:45:00+00:00,0.0
2025-11-16 00:50:00+00:00,0.0
2025-11-16 00:55:00+00:00,0.0
2025-11-16 01:00:00+00:00,0.0
2025-11-16 01:05:00+00:00,0.011078811946668122
2025-11-16 01:10:00+00:00,0.00794698815596731
2025-11-16 01:15:00+00:00,0.007469321970354046
2025-11-16 01:20:00+00:00,0.007457933091280752
2025-11-16 01:25:00+00:00,0.007783151091190806
2025-11-16 01:30:00+00:00,0.00754132772746839
2025-11-16 01:35:00+00:00,0.007572159014250102
2025-11-16 01:40:00+00:00,0.0
2025-11-16 01:45:00+00:00,0.007224866800140915
2025-11-16 01:50:00+00:00,0.008180138939305354
2025-11-16 01:55:00+00:00,0.007478989216319301
2025-11-16 02:00:00+00:00,0.007379171304535447
2025-11-16 02:05:00+00:00,0.007288798951266104
2025-11-16 02:10:00+00:00,0.0
2025-11-16 02:15:00+00:00,0.0
2025-11-16 02:20:00+00:00,0.0
2025-11-16 02:25:00+00:00,0.0
2025-11-16 02:30:00+00:00,0.0
2025-11-16 02:35:00+00:00,0.0
2025-11-16 02:40:00+00:00,0.0
2025-11-16 02:45:00+00:00,0.0
2025-11-16 02:50:00+00:00,0.0
2025-11-16 02:55:00+00:00,0.0
2025-11-16 03:00:00+00:00,0.0
2025-11-16 03:05:00+00:00,0.018553374942980313
2025-11-16 03:10:00+00:00,0.0074309742241575
2025-11-16 03:15:00+00:00,0.011073150969388192
2025-11-16 03:20:00+00:00,0.0077159237443355086
2025-11-16 03:25:00+00:00,0.0
2025-11-16 03:30:00+00:00,0.014602421877676979
2025-11-16 03:35:00+00:00,0.010909988169084514
2025-11-16 03:40:00+00:00,0.011073286491527891
2025-11-16 03:45:00+00:00,0.0112836151792292
2025-11-16 03:50:00+00:00,0.011683136120177151
2025-11-16 03:55:00+00:00,0.0
2025-11-16 04:00:00+00:00,0.021880056983546205
2025-11-16 04:05:00+00:00,0.022412541038111633
2025-11-16 04:10:00+00:00,0.0
2025-11-16 04:15:00+00:00,0.0
2025-11-16 04:20:00+00:00,0.0
2025-11-16 04:25:00+00:00,0.0
2025-11-16 04:30:00+00:00,0.0
2025-11-16 04:35:00+00:00,0.0
2025-11-16 04:40:00+00:00,0.0
2025-11-16 04:45:00+00:00,0.0
2025-11-16 04:50:00+00:00,0.0
2025-11-16 04:55:00+00:00,0.0
2025-11-16 05:00:00+00:00,0.0
2025-11-16 05:05:00+00:00,0.015082394449334393
2025-11-16 05:10:00+00:00,0.007859691820646586
2025-11-16 05:15:00+00:00,0.007711848878023916
2025-11-16 05:20:00+00:00,0.011051204748320997
2025-11-16 05:25:00+00:00,0.0
2025-11-16 05:30:00+00:00,0.007525276719478138
2025-11-16 05:35:00+00:00,0.007240237687763414
2025-11-16 05:40:00+00:00,0.007876527518556829
2025-11-16 05:45:00+00:00,0.011166721477843167
2025-11-16 05:50:00+00:00,0.0074415232005872215
2025-11-16 05:55:00+00:00,0.0
2025-11-16 06:00:00+00:00,0.011317301633065206
2025-11-16 06:05:00+00:00,0.019070954908404433
2025-11-16 06:10:00+00:00,0.0
2025-11-16 06:15:00+00:00,0.0
2025-11-16 06:20:00+00:00,0.0
2025-11-16 06:25:00+00:00,0.0
2025-11-16 06:30:00+00:00,0.0
2025-11-16 06:35:00+00:00,0.0
2025-11-16 06:40:00+00:00,0.0
2025-11-16 06:45:00+00:00,0.0
2025-11-16 06:50:00+00:00,0.0
2025-11-16 06:55:00+00:00,0.0
2025-11-16 07:00:00+00:00,0.0
2025-11-16 07:05:00+00:00,0.01851865115918611
2025-11-16 07:10:00+00:00,0.014768459922388979
2025-11-16 07:15:00+00:00,0.011210445772137556
2025-11-16 07:20:00+00:00,0.014436390525416322
2025-11-16 07:25:00+00:00,0.0
2025-11-16 07:30:00+00:00,0.011092747303477504
2025-11-16 07:35:00+00:00,0.007262046713578073
2025-11-16 07:40:00+00:00,0.0074743045003790596
2025-11-16 07:45:00+00:00,0.007557262454116553
2025-11-16 07:50:00+00:00,0.0077047967074210175
2025-11-16 07:55:00+00:00,0.0
2025-11-16 08:00:00+00:00,0.011161814237895763
2025-11-16 08:05:00+00:00,0.022768445600543103
2025-11-16 08:10:00+00:00,0.0
2025-11-16 08:15:00+00:00,0.0
2025-11-16 08:20:00+00:00,0.0
2025-11-16 08:25:00+00:00,0.0
2025-11-16 08:30:00+00:00,0.0
2025-11-16 08:35:00+00:00,0.0
2025-11-16 08:40:00+00:00,0.0
2025-11-16 08:45:00+00:00,0.0
2025-11-16 08:50:00+00:00,0.0
2025-11-16 08:55:00+00:00,0.0
2025-11-16 09:00:00+00:00,0.0
2025-11-16 09:05:00+00:00,0.014552279522544457
2025-11-16 09:10:00+00:00,0.014786235073156523
2025-11-16 09:15:00+00:00,0.011052312349018297
2025-11-16 09:20:00+00:00,0.011530613480952747
2025-11-16 09:25:00+00:00,0.011017710702461108
2025-11-16 09:30:00+00:00,0.011382937849613656
2025-11-16 09:35:00+00:00,0.011199777168140076
2025-11-16 09:40:00+00:00,0.0
2025-11-16 09:45:00+00:00,0.007419676529733758
2025-11-16 09:50:00+00:00,0.008049806795622172
2025-11-16 09:55:00+00:00,0.00768581607885528
2025-11-16 10:00:00+00:00,0.008373982446235523
2025-11-16 10:05:00+00:00,0.019173256556193032
2025-11-16 10:10:00+00:00,0.0
2025-11-16 10:15:00+00:00,0.0
2025-11-16 10:20:00+00:00,0.0
2025-11-16 10:25:00+00:00,0.0
2025-11-16 10:30:00+00:00,0.0
2025-11-16 10:35:00+00:00,0.0
2025-11-16 10:40:00+00:00,0.0
2025-11-16 10:45:00+00:00,0.0
2025-11-16 10:50:00+00:00,0.0
2025-11-16 10:55:00+00:00,0.0
2025-11-16 11:00:00+00:00,0.0
2025-11-16 11:05:00+00:00,0.02336415826228627
2025-11-16 11:10:00+00:00,0.007863396929021466
2025-11-16 11:15:00+00:00,0.011099233961941901
2025-11-16 11:20:00+00:00,0.011512666836119534
2025-11-16 11:25:00+00:00,0.0
2025-11-16 11:30:00+00:00,0.0074396861226935125
2025-11-16 11:35:00+00:00,0.0076386460086755575
2025-11-16 11:40:00+00:00,0.007274293062979715
2025-11-16 11:45:00+00:00,0.0075662027325546525
2025-11-16 11:50:00+00:00,0.007982466513650458
2025-11-16 11:55:00+00:00,0.0
2025-11-16 12:00:00+00:00,0.007375112332795795
2025-11-16 12:05:00+00:00,0.02215698727390222
2025-11-16 12:10:00+00:00,0.0
2025-11-16 12:15:00+00:00,0.0
2025-11-16 12:20:00+00:00,0.0
2025-11-16 12:25:00+00:00,0.0
2025-11-16 12:30:00+00:00,0.0
2025-11-16 12:35:00+00:00,0.0
2025-11-16 12:40:00+00:00,0.0
2025-11-16 12:45:00+00:00,0.0
2025-11-16 12:50:00+00:00,0.0
2025-11-16 12:55:00+00:00,0.0
2025-11-16 13:00:00+00:00,0.0
2025-11-16 13:05:00+00:00,0.014754387370327061
2025-11-16 13:10:00+00:00,0.011077228345369037
2025-11-16 13:15:00+00:00,0.007583199049297131
2025-11-16 13:20:00+00:00,0.007824376591464928
2025-11-16 13:25:00+00:00,0.011360449539987664
2025-11-16 13:30:00+00:00,0.007714607004533734
2025-11-16 13:35:00+00:00,0.0075481071806790525
2025-11-16 13:40:00+00:00,0.0
2025-11-16 13:45:00+00:00,0.011371505469606632
2025-11-16 13:50:00+00:00,0.010967988298650371
2025-11-16 13:55:00+00:00,0.014856055744907311
2025-11-16 14:00:00+00:00,0.010898191050479285
2025-11-16 14:05:00+00:00,0.011502768700582939
2025-11-16 14:10:00+00:00,0.0
2025-11-16 14:15:00+00:00,0.0
2025-11-16 14:20:00+00:00,0.0
2025-11-16 14:25:00+00:00,0.0
2025-11-16 14:30:00+00:00,0.0
2025-11-16 14:35:00+00:00,0.0
2025-11-16 14:40:00+00:00,0.0
2025-11-16 14:45:00+00:00,0.0
2025-11-16 14:50:00+00:00,0.0
2025-11-16 14:55:00+00:00,0.0
2025-11-16 15:00:00+00:00,0.0
2025-11-16 15:05:00+00:00,0.015276879595037091
2025-11-16 15:10:00+00:00,0.007657815698991741
2025-11-16 15:15:00+00:00,0.007554627301400167
2025-11-16 15:20:00+00:00,0.011402491519325656
2025-11-16 15:25:00+00:00,0.0
2025-11-16 15:30:00+00:00,0.007715803280211331
2025-11-16 15:35:00+00:00,0.007618534355832819
2025-11-16 15:40:00+00:00,0.00728093197471217
2025-11-16 15:45:00+00:00,0.007392912580255876
2025-11-16 15:50:00+00:00,0.0076694061881617485
2025-11-16 15:55:00+00:00,0.0
2025-11-16 16:00:00+00:00,0.007247473900778251
2025-11-16 16:05:00+00:00,0.02609708936590897
2025-11-16 16:10:00+00:00,0.0
2025-11-16 16:15:00+00:00,0.0
2025-11-16 16:20:00+00:00,0.0
2025-11-16 16:25:00+00:00,0.0
2025-11-16 16:30:00+00:00,0.0
2025-11-16 16:35:00+00:00,0.0
2025-11-16 16:40:00+00:00,0.0
2025-11-16 16:45:00+00:00,0.0
2025-11-16 16:50:00+00:00,0.0
2025-11-16 16:55:00+00:00,0.0
2025-11-16 17:00:00+00:00,0.0
2025-11-16 17:05:00+00:00,0.029749164246676257
2025-11-16 17:10:00+00:00,0.007597090905172782
2025-11-16 17:15:00+00:00,0.007832960496869002
2025-11-16 17:20:00+00:00,0.011569377832245407
2025-11-16 17:25:00+00:00,0.0
2025-11-16 17:30:00+00:00,0.007569649344996402
2025-11-16 17:35:00+00:00,0.007415870198032312
2025-11-16 17:40:00+00:00,0.007411597904406095
2025-11-16 17:45:00+00:00,0.007992749465139289
2025-11-16 17:50:00+00:00,0.00733574398776941
2025-11-16 17:55:00+00:00,0.0
2025-11-16 18:00:00+00:00,0.011545649746008085
2025-11-16 18:05:00+00:00,0.011405565027605022
2025-11-16 18:10:00+00:00,0.0
2025-11-16 18:15:00+00:00,0.0
2025-11-16 18:20:00+00:00,0.0
2025-11-16 18:25:00+00:00,0.0
2025-11-16 18:30:00+00:00,0.0
2025-11-16 18:35:00+00:00,0.0
2025-11-16 18:40:00+00:00,0.0
2025-11-16 18:45:00+00:00,0.0
2025-11-16 18:50:00+00:00,0.0
2025-11-16 18:55:00+00:00,0.0
2025-11-16 19:00:00+00:00,0.0
2025-11-16 19:05:00+00:00,0.025969463482237696
2025-11-16 19:10:00+00:00,0.00832748580397221
2025-11-16 19:15:00+00:00,0.01110693948310718
2025-11-16 19:20:00+00:00,0.010896054485387968
2025-11-16 19:25:00+00:00,0.0
2025-11-16 19:30:00+00:00,0.010907983779907225
2025-11-16 19:35:00+00:00,0.0075687015265749205
2025-11-16 19:40:00+00:00,0.011663089718735007
2025-11-16 19:45:00+00:00,0.007988568356162622
2025-11-16 19:50:00+00:00,0.007637120966325726
2025-11-16 19:55:00+00:00,0.0
2025-11-16 20:00:00+00:00,0.007480160395304361
2025-11-16 20:05:00+00:00,0.014871728629396671
2025-11-16 20:10:00+00:00,0.0
2025-11-16 20:15:00+00:00,0.0
2025-11-16 20:20:00+00:00,0.0
2025-11-16 20:25:00+00:00,0.0
2025-11-16 20:30:00+00:00,0.0
2025-11-16 20:35:00+00:00,0.0
2025-11-16 20:40:00+00:00,0.0
2025-11-16 20:45:00+00:00,0.0
2025-11-16 20:50:00+00:00,0.0
2025-11-16 20:55:00+00:00,0.0
2025-11-16 21:00:00+00:00,0.0
2025-11-16 21:05:00+00:00,0.015091462720904432
2025-11-16 21:10:00+00:00,0.008138204039188853
2025-11-16 21:15:00+00:00,0.007354037803516052
2025-11-16 21:20:00+00:00,0.007449403562043841
2025-11-16 21:25:00+00:00,0.0
2025-11-16 21:30:00+00:00,0.007397660037927459
2025-11-16 21:35:00+00:00,0.007380843580814829
2025-11-16 21:40:00+00:00,0.007214543693944027
2025-11-16 21:45:00+00:00,0.007464863961203056
2025-11-16 21:50:00+00:00,0.007593612503587153
2025-11-16 21:55:00+00:00,0.0
2025-11-16 22:00:00+00:00,0.008185129834894547
2025-11-16 22:05:00+00:00,0.022454132950096798
2025-11-16 22:10:00+00:00,0.0
2025-11-16 22:15:00+00:00,0.0
2025-11-16 22:20:00+00:00,0.0
2025-11-16 22:25:00+00:00,0.0
2025-11-16 22:30:00+00:00,0.0
2025-11-16 22:35:00+00:00,0.0
2025-11-16 22:40:00+00:00,0.0
2025-11-16 22:45:00+00:00,0.0
2025-11-16 22:50:00+00:00,0.0
2025-11-16 22:55:00+00:00,0.0
2025-11-16 23:00:00+00:00,0.0
2025-11-16 23:05:00+00:00,0.01478531151487116
2025-11-16 23:10:00+00:00,0.011052583393297696
2025-11-16 23:15:00+00:00,0.010997589847497772
2025-11-16 23:20:00+00:00,0.0075103207638389175
2025-11-16 23:25:00+00:00,0.007872851689656575
2025-11-16 23:30:00+00:00,0.011130592279266893
2025-11-16 23:35:00+00:00,0.011419265312060974
2025-11-16 23:40:00+00:00,0.0
2025-11-16 23:45:00+00:00,0.011360134994774533
2025-11-16 23:50:00+00:00,0.014930398004096849
2025-11-16 23:55:00+00:00,0.014825071368301123
2025-11-17 00:00:00+00:00,0.015049624861332406
2025-11-17 00:05:00+00:00,0.01449641846773917
2025-11-17 00:10:00+00:00,0.0
2025-11-17 00:15:00+00:00,0.0
2025-11-17 00:20:00+00:00,0.0
2025-11-17 00:25:00+00:00,0.0
2025-11-17 00:30:00+00:00,0.0
2025-11-17 00:35:00+00:00,0.0
2025-11-17 00:40:00+00:00,0.0
2025-11-17 00:45:00+00:00,0.0
2025-11-17 00:50:00+00:00,0.0
2025-11-17 00:55:00+00:00,0.0
2025-11-17 01:00:00+00:00,0.0
2025-11-17 01:05:00+00:00,0.022033258070025527
2025-11-17 01:10:00+00:00,0.007734414150840357
2025-11-17 01:15:00+00:00,0.0112287395878842
2025-11-17 01:20:00+00:00,0.007631860699569969
2025-11-17 01:25:00+00:00,0.0
2025-11-17 01:30:00+00:00,0.00730042206613641
2025-11-17 01:35:00+00:00,0.007525047503019633
2025-11-17 01:40:00+00:00,0.007419029871622721
2025-11-17 01:45:00+00:00,0.007627503913745544
2025-11-17 01:50:00+00:00,0.008577975055627655
2025-11-17 01:55:00+00:00,0.0
2025-11-17 02:00:00+00:00,0.011163635421217533
2025-11-17 02:05:00+00:00,0.026199652019299958
2025-11-17 02:10:00+00:00,0.0
2025-11-17 02:15:00+00:00,0.0
2025-11-17 02:20:00+00:00,0.0
2025-11-17 02:25:00+00:00,0.0
2025-11-17 02:30:00+00:00,0.0
2025-11-17 02:35:00+00:00,0.0
2025-11-17 02:40:00+00:00,0.0
2025-11-17 02:45:00+00:00,0.0
2025-11-17 02:50:00+00:00,0.0
2025-11-17 02:55:00+00:00,0.0
2025-11-17 03:00:00+00:00,0.0
2025-11-17 03:05:00+00:00,0.0217167620073285
2025-11-17 03:10:00+00:00,0.011530996623792145
2025-11-17 03:15:00+00:00,0.015227071025915312
2025-11-17 03:20:00+00:00,0.011838797519081515
2025-11-17 03:25:00+00:00,0.011126104154084857
2025-11-17 03:30:00+00:00,0.014902050453319883
2025-11-17 03:35:00+00:00,0.010939378905714602
2025-11-17 03:40:00+00:00,0.0
2025-11-17 03:45:00+00:00,0.0072851356707121185
2025-11-17 03:50:00+00:00,0.011553501664546497
2025-11-17 03:55:00+00:00,0.015359457752160858
2025-11-17 04:00:00+00:00,0.011046573571991502
2025-11-17 04:05:00+00:00,0.0
2025-11-17 04:10:00+00:00,0.0
2025-11-17 04:15:00+00:00,0.0
2025-11-17 04:20:00+00:00,0.0
2025-11-17 04:25:00+00:00,0.0
2025-11-17 04:30:00+00:00,0.0
2025-11-17 04:35:00+00:00,0.0
2025-11-17 04:40:00+00:00,0.0
2025-11-17 04:45:00+00:00,0.0
2025-11-17 04:50:00+00:00,0.0
2025-11-17 04:55:00+00:00,0.0
2025-11-17 05:00:00+00:00,0.0
2025-11-17 05:05:00+00:00,0.0
2025-11-17 05:10:00+00:00,0.0
2025-11-17 05:15:00+00:00,0.0
2025-11-17 05:20:00+00:00,0.0
2025-11-17 05:25:00+00:00,0.0
2025-11-17 05:30:00+00:00,0.0
2025-11-17 05:35:00+00:00,0.0
2025-11-17 05:40:00+00:00,0.0
2025-11-17 05:45:00+00:00,0.0
2025-11-17 05:50:00+00:00,0.0
2025-11-17 05:55:00+00:00,0.0
2025-11-17 06:00:00+00:00,0.0
2025-11-17 06:05:00+00:00,0.0
2025-11-17 06:10:00+00:00,0.0
2025-11-17 06:15:00+00:00,0.0
2025-11-17 06:20:00+00:00,0.0
2025-11-17 06:25:00+00:00,0.0
2025-11-17 06:30:00+00:00,0.0
2025-11-17 06:35:00+00:00,0.0
2025-11-17 06:40:00+00:00,0.0
2025-11-17 06:45:00+00:00,0.0
2025-11-17 06:50:00+00:00,0.0
2025-11-17 06:55:00+00:00,0.0
2025-11-17 07:00:00+00:00,0.0
2025-11-17 07:05:00+00:00,0.0
2025-11-17 07:10:00+00:00,0.0
2025-11-17 07:15:00+00:00,0.0
2025-11-17 07:20:00+00:00,0.0
2025-11-17 07:25:00+00:00,0.0
2025-11-17 07:30:00+00:00,0.0
2025-11-17 07:35:00+00:00,0.0
2025-11-17 07:40:00+00:00,0.0
2025-11-17 07:45:00+00:00,0.0
2025-11-17 07:50:00+00:00,0.0
2025-11-17 07:55:00+00:00,0.0
2025-11-17 08:00:00+00:00,0.0
2025-11-17 08:05:00+00:00,0.0
2025-11-17 08:10:00+00:00,0.0
2025-11-17 08:15:00+00:00,0.0
2025-11-17 08:20:00+00:00,0.0
2025-11-17 08:25:00+00:00,0.0
2025-11-17 08:30:00+00:00,0.0
2025-11-17 08:35:00+00:00,0.0
2025-11-17 08:40:00+00:00,0.0
2025-11-17 08:45:00+00:00,0.0
2025-11-17 08:50:00+00:00,0.0
2025-11-17 08:55:00+00:00,0.0
2025-11-17 09:00:00+00:00,0.0
2025-11-17 09:05:00+00:00,0.0
2025-11-17 09:10:00+00:00,0.0
2025-11-17 09:15:00+00:00,0.0
2025-11-17 09:20:00+00:00,0.0
2025-11-17 09:25:00+00:00,0.0
2025-11-17 09:30:00+00:00,0.0
2025-11-17 09:35:00+00:00,0.0
2025-11-17 09:40:00+00:00,0.0
2025-11-17 09:45:00+00:00,0.0
2025-11-17 09:50:00+00:00,0.0
2025-11-17 09:55:00+00:00,0.0
2025-11-17 10:00:00+00:00,0.0
2025-11-17 10:05:00+00:00,0.0
2025-11-17 10:10:00+00:00,0.0
2025-11-17 10:15:00+00:00,0.0
2025-11-17 10:20:00+00:00,0.0
2025-11-17 10:25:00+00:00,0.0
2025-11-17 10:30:00+00:00,0.0
2025-11-17 10:35:00+00:00,0.0
2025-11-17 10:40:00+00:00,0.0
2025-11-17 10:45:00+00:00,0.0
2025-11-17 10:50:00+00:00,0.0
2025-11-17 10:55:00+00:00,0.0
2025-11-17 11:00:00+00:00,0.0
2025-11-17 11:05:00+00:00,0.0
2025-11-17 11:10:00+00:00,0.0
2025-11-17 11:15:00+00:00,0.0
2025-11-17 11:20:00+00:00,0.0
2025-11-17 11:25:00+00:00,0.0
2025-11-17 11:30:00+00:00,0.0
2025-11-17 11:35:00+00:00,0.0
2025-11-17 11:40:00+00:00,0.0
2025-11-17 11:45:00+00:00,0.0
2025-11-17 11:50:00+00:00,0.0
2025-11-17 11:55:00+00:00,0.0
2025-11-17 12:00:00+00:00,0.0
2025-11-17 12:05:00+00:00,0.0
2025-11-17 12:10:00+00:00,0.0
2025-11-17 12:15:00+00:00,0.0
2025-11-17 12:20:00+00:00,0.0
2025-11-17 12:25:00+00:00,0.0
2025-11-17 12:30:00+00:00,0.0
2025-11-17 12:35:00+00:00,0.0
2025-11-17 12:40:00+00:00,0.0
2025-11-17 12:45:00+00:00,0.0
2025-11-17 12:50:00+00:00,0.0
2025-11-17 12:55:00+00:00,0.0
2025-11-17 13:00:00+00:00,0.0
2025-11-17 13:05:00+00:00,0.0
2025-11-17 13:10:00+00:00,0.0
2025-11-17 13:15:00+00:00,0.0
2025-11-17 13:20:00+00:00,0.0
2025-11-17 13:25:00+00:00,0.0
2025-11-17 13:30:00+00:00,0.0
2025-11-17 13:35:00+00:00,0.0
2025-11-17 13:40:00+00:00,0.0
2025-11-17 13:45:00+00:00,0.0
2025-11-17 13:50:00+00:00,0.0
2025-11-17 13:55:00+00:00,0.0
2025-11-17 14:00:00+00:00,0.0
2025-11-17 14:05:00+00:00,0.0
2025-11-17 14:10:00+00:00,0.0
2025-11-17 14:15:00+00:00,0.0
2025-11-17 14:20:00+00:00,0.0
2025-11-17 14:25:00+00:00,0.0
2025-11-17 14:30:00+00:00,0.0
2025-11-17 14:35:00+00:00,0.0
2025-11-17 14:40:00+00:00,0.0
2025-11-17 14:45:00+00:00,0.0
2025-11-17 14:50:00+00:00,0.0
2025-11-17 14:55:00+00:00,0.0
2025-11-17 15:00:00+00:00,0.0
2025-11-17 15:05:00+00:00,0.0
2025-11-17 15:10:00+00:00,0.0
2025-11-17 15:15:00+00:00,0.0
2025-11-17 15:20:00+00:00,0.0
2025-11-17 15:25:00+00:00,0.0
2025-11-17 15:30:00+00:00,0.0
2025-11-17 15:35:00+00:00,0.0
2025-11-17 15:40:00+00:00,0.0
2025-11-17 15:45:00+00:00,0.0
2025-11-17 15:50:00+00:00,0.0
2025-11-17 15:55:00+00:00,0.0
2025-11-17 16:00:00+00:00,0.0
2025-11-17 16:05:00+00:00,0.0
2025-11-17 16:10:00+00:00,0.0
2025-11-17 16:15:00+00:00,0.0
2025-11-17 16:20:00+00:00,0.0
2025-11-17 16:25:00+00:00,0.0
2025-11-17 16:30:00+00:00,0.0
2025-11-17 16:35:00+00:00,0.0
2025-11-17 16:40:00+00:00,0.0
2025-11-17 16:45:00+00:00,0.0
2025-11-17 16:50:00+00:00,0.0
2025-11-17 16:55:00+00:00,0.0
2025-11-17 17:00:00+00:00,0.0
2025-11-17 17:05:00+00:00,0.0
2025-11-17 17:10:00+00:00,0.0
2025-11-17 17:15:00+00:00,0.0
2025-11-17 17:20:00+00:00,0.0
2025-11-17 17:25:00+00:00,0.0
2025-11-17 17:30:00+00:00,0.0
2025-11-17 17:35:00+00:00,0.0
2025-11-17 17:40:00+00:00,0.0
2025-11-17 17:45:00+00:00,0.0
2025-11-17 17:50:00+00:00,0.0
2025-11-17 17:55:00+00:00,0.0
2025-11-17 18:00:00+00:00,0.0
2025-11-17 18:05:00+00:00,0.023601224129660085
2025-11-17 18:10:00+00:00,0.0
2025-11-17 18:15:00+00:00,0.0
2025-11-17 18:20:00+00:00,0.0
2025-11-17 18:25:00+00:00,0.0
2025-11-17 18:30:00+00:00,0.0
2025-11-17 18:35:00+00:00,0.0
2025-11-17 18:40:00+00:00,0.0
2025-11-17 18:45:00+00:00,0.0
2025-11-17 18:50:00+00:00,0.0
2025-11-17 18:55:00+00:00,0.0
2025-11-17 19:00:00+00:00,0.0
2025-11-17 19:05:00+00:00,0.03038497640375505
2025-11-17 19:10:00+00:00,0.011154319528947796
2025-11-17 19:15:00+00:00,0.01162563457823636
2025-11-17 19:20:00+00:00,0.014599104931480004
2025-11-17 19:25:00+00:00,0.0
2025-11-17 19:30:00+00:00,0.014578647780836673
2025-11-17 19:35:00+00:00,0.011374810704013756
2025-11-17 19:40:00+00:00,0.011380458296391002
2025-11-17 19:45:00+00:00,0.01483582530105323
2025-11-17 19:50:00+00:00,0.007709368488244842
2025-11-17 19:55:00+00:00,0.0
2025-11-17 20:00:00+00:00,0.011377798046982078
2025-11-17 20:05:00+00:00,0.03017866067719041
2025-11-17 20:10:00+00:00,0.0
2025-11-17 20:15:00+00:00,0.0
2025-11-17 20:20:00+00:00,0.0
2025-11-17 20:25:00+00:00,0.0
2025-11-17 20:30:00+00:00,0.0
2025-11-17 20:35:00+00:00,0.0
2025-11-17 20:40:00+00:00,0.0
2025-11-17 20:45:00+00:00,0.0
2025-11-17 20:50:00+00:00,0.0
2025-11-17 20:55:00+00:00,0.0
2025-11-17 21:00:00+00:00,0.0
2025-11-17 21:05:00+00:00,0.015129445728502774
2025-11-17 21:10:00+00:00,0.00723522336859452
2025-11-17 21:15:00+00:00,0.007299022507249262
2025-11-17 21:20:00+00:00,0.008248005415263928
2025-11-17 21:25:00+00:00,0.007709341718439469
2025-11-17 21:30:00+00:00,0.011380101923356976
2025-11-17 21:35:00+00:00,0.010930951436360676
2025-11-17 21:40:00+00:00,0.0
2025-11-17 21:45:00+00:00,0.008055731288173742
2025-11-17 21:50:00+00:00,0.007535645836278011
2025-11-17 21:55:00+00:00,0.00754067437690601
2025-11-17 22:00:00+00:00,0.007654522176374468
2025-11-17 22:05:00+00:00,0.0181841256325705
2025-11-17 22:10:00+00:00,0.0
2025-11-17 22:15:00+00:00,0.0
2025-11-17 22:20:00+00:00,0.0
2025-11-17 22:25:00+00:00,0.0
2025-11-17 22:30:00+00:00,0.0
2025-11-17 22:35:00+00:00,0.0
2025-11-17 22:40:00+00:00,0.0
2025-11-17 22:45:00+00:00,0.0
2025-11-17 22:50:00+00:00,0.0
2025-11-17 22:55:00+00:00,0.0
2025-11-17 23:00:00+00:00,0.0
2025-11-17 23:05:00+00:00,0.02596694712053265
2025-11-17 23:10:00+00:00,0.007414270702161286
2025-11-17 23:15:00+00:00,0.007528003893400493
2025-11-17 23:20:00+00:00,0.011048110326131184
2025-11-17 23:25:00+00:00,0.0
2025-11-17 23:30:00+00:00,0.008132773114923844
2025-11-17 23:35:00+00:00,0.011465651528877123
2025-11-17 23:40:00+00:00,0.010889016536244174
2025-11-17 23:45:00+00:00,0.01113586760403817
2025-11-17 23:50:00+00:00,0.01458819874545984
2025-11-17 23:55:00+00:00,0.0
2025-11-18 00:00:00+00:00,0.011256325872320876
2025-11-18 00:05:00+00:00,0.022335433959960935
2025-11-18 00:10:00+00:00,0.0
2025-11-18 00:15:00+00:00,0.0
2025-11-18 00:20:00+00:00,0.0
2025-11-18 00:25:00+00:00,0.0
2025-11-18 00:30:00+00:00,0.0
2025-11-18 00:35:00+00:00,0.0
2025-11-18 00:40:00+00:00,0.0
2025-11-18 00:45:00+00:00,0.0
2025-11-18 00:50:00+00:00,0.0
2025-11-18 00:55:00+00:00,0.0
2025-11-18 01:00:00+00:00,0.0
2025-11-18 01:05:00+00:00,0.014723427253856992
2025-11-18 01:10:00+00:00,0.007305092560617546
2025-11-18 01:15:00+00:00,0.007278844766449509
2025-11-18 01:20:00+00:00,0.007707205989904571
2025-11-18 01:25:00+00:00,0.007619214476200571
2025-11-18 01:30:00+00:00,0.007626362014235111
2025-11-18 01:35:00+00:00,0.007485613070036235
2025-11-18 01:40:00+00:00,0.0
2025-11-18 01:45:00+00:00,0.00787027174966377
2025-11-18 01:50:00+00:00,0.01105434685422663
2025-11-18 01:55:00+00:00,0.0075548105072556875
2025-11-18 02:00:00+00:00,0.0115468794839424
2025-11-18 02:05:00+00:00,0.012332393412004436
2025-11-18 02:10:00+00:00,0.0
2025-11-18 02:15:00+00:00,0.0
2025-11-18 02:20:00+00:00,0.0
2025-11-18 02:25:00+00:00,0.0
2025-11-18 02:30:00+00:00,0.0
2025-11-18 02:35:00+00:00,0.0
2025-11-18 02:40:00+00:00,0.0
2025-11-18 02:45:00+00:00,0.0
2025-11-18 02:50:00+00:00,0.0
2025-11-18 02:55:00+00:00,0.0
2025-11-18 03:00:00+00:00,0.0
2025-11-18 03:05:00+00:00,0.014679900386877226
2025-11-18 03:10:00+00:00,0.007564768874854372
2025-11-18 03:15:00+00:00,0.007667635198225054
2025-11-18 03:20:00+00:00,0.007522449995342053
2025-11-18 03:25:00+00:00,0.011081889637729577
2025-11-18 03:30:00+00:00,0.007381582260131836
2025-11-18 03:35:00+00:00,0.007853779039884868
2025-11-18 03:40:00+00:00,0.0
2025-11-18 03:45:00+00:00,0.00749546352185701
2025-11-18 03:50:00+00:00,0.010874455435234203
2025-11-18 03:55:00+00:00,0.007656800956056828
2025-11-18 04:00:00+00:00,0.00744789441426595
2025-11-18 04:05:00+00:00,0.0
2025-11-18 04:10:00+00:00,0.0
2025-11-18 04:15:00+00:00,0.0
2025-11-18 04:20:00+00:00,0.0
2025-11-18 04:25:00+00:00,0.0
2025-11-18 04:30:00+00:00,0.0
2025-11-18 04:35:00+00:00,0.0
2025-11-18 04:40:00+00:00,0.0
2025-11-18 04:45:00+00:00,0.0
2025-11-18 04:50:00+00:00,0.0
2025-11-18 04:55:00+00:00,0.0
2025-11-18 05:00:00+00:00,0.0
2025-11-18 05:05:00+00:00,0.0
2025-11-18 05:10:00+00:00,0.0
2025-11-18 05:15:00+00:00,0.0
2025-11-18 05:20:00+00:00,0.0
2025-11-18 05:25:00+00:00,0.0
2025-11-18 05:30:00+00:00,0.0
2025-11-18 05:35:00+00:00,0.0
2025-11-18 05:40:00+00:00,0.0
2025-11-18 05:45:00+00:00,0.0
2025-11-18 05:50:00+00:00,0.0
2025-11-18 05:55:00+00:00,0.0
2025-11-18 06:00:00+00:00,0.0
2025-11-18 06:05:00+00:00,0.0
2025-11-18 06:10:00+00:00,0.0
2025-11-18 06:15:00+00:00,0.0
2025-11-18 06:20:00+00:00,0.0
2025-11-18 06:25:00+00:00,0.0
2025-11-18 06:30:00+00:00,0.0
2025-11-18 06:35:00+00:00,0.0
2025-11-18 06:40:00+00:00,0.0
2025-11-18 06:45:00+00:00,0.0
2025-11-18 06:50:00+00:00,0.0
2025-11-18 06:55:00+00:00,0.0
2025-11-18 07:00:00+00:00,0.0
2025-11-18 07:05:00+00:00,0.0
2025-11-18 07:10:00+00:00,0.0
2025-11-18 07:15:00+00:00,0.0
2025-11-18 07:20:00+00:00,0.0
2025-11-18 07:25:00+00:00,0.0
2025-11-18 07:30:00+00:00,0.0
2025-11-18 07:35:00+00:00,0.0
2025-11-18 07:40:00+00:00,0.0
2025-11-18 07:45:00+00:00,0.0
2025-11-18 07:50:00+00:00,0.0
2025-11-18 07:55:00+00:00,0.0
2025-11-18 08:00:00+00:00,0.0
2025-11-18 08:05:00+00:00,0.0
2025-11-18 08:10:00+00:00,0.0
2025-11-18 08:15:00+00:00,0.0
2025-11-18 08:20:00+00:00,0.0
2025-11-18 08:25:00+00:00,0.0
2025-11-18 08:30:00+00:00,0.0
2025-11-18 08:35:00+00:00,0.0
2025-11-18 08:40:00+00:00,0.0
2025-11-18 08:45:00+00:00,0.0
2025-11-18 08:50:00+00:00,0.0
2025-11-18 08:55:00+00:00,0.0
2025-11-18 09:00:00+00:00,0.0
2025-11-18 09:05:00+00:00,0.0
2025-11-18 09:10:00+00:00,0.0
2025-11-18 09:15:00+00:00,0.0
2025-11-18 09:20:00+00:00,0.0
2025-11-18 09:25:00+00:00,0.0
2025-11-18 09:30:00+00:00,0.0
2025-11-18 09:35:00+00:00,0.0
2025-11-18 09:40:00+00:00,0.0
2025-11-18 09:45:00+00:00,0.0
2025-11-18 09:50:00+00:00,0.0
2025-11-18 09:55:00+00:00,0.0
2025-11-18 10:00:00+00:00,0.0
2025-11-18 10:05:00+00:00,0.0
2025-11-18 10:10:00+00:00,0.0
2025-11-18 10:15:00+00:00,0.0
2025-11-18 10:20:00+00:00,0.0
2025-11-18 10:25:00+00:00,0.0
2025-11-18 10:30:00+00:00,0.0
2025-11-18 10:35:00+00:00,0.0
2025-11-18 10:40:00+00:00,0.0
2025-11-18 10:45:00+00:00,0.0
2025-11-18 10:50:00+00:00,0.0
2025-11-18 10:55:00+00:00,0.0
2025-11-18 11:00:00+00:00,0.0
2025-11-18 11:05:00+00:00,0.0
2025-11-18 11:10:00+00:00,0.0
2025-11-18 11:15:00+00:00,0.0
2025-11-18 11:20:00+00:00,0.0
2025-11-18 11:25:00+00:00,0.0
2025-11-18 11:30:00+00:00,0.0
2025-11-18 11:35:00+00:00,0.0
2025-11-18 11:40:00+00:00,0.0
2025-11-18 11:45:00+00:00,0.0
2025-11-18 11:50:00+00:00,0.0
2025-11-18 11:55:00+00:00,0.0
2025-11-18 12:00:00+00:00,0.0
2025-11-18 12:05:00+00:00,0.0
2025-11-18 12:10:00+00:00,0.0
2025-11-18 12:15:00+00:00,0.0
2025-11-18 12:20:00+00:00,0.0
2025-11-18 12:25:00+00:00,0.0
2025-11-18 12:30:00+00:00,0.0
2025-11-18 12:35:00+00:00,0.0
2025-11-18 12:40:00+00:00,0.0
2025-11-18 12:45:00+00:00,0.0
2025-11-18 12:50:00+00:00,0.0
2025-11-18 12:55:00+00:00,0.0
2025-11-18 13:00:00+00:00,0.0
2025-11-18 13:05:00+00:00,0.0
2025-11-18 13:10:00+00:00,0.0
2025-11-18 13:15:00+00:00,0.0
2025-11-18 13:20:00+00:00,0.0
2025-11-18 13:25:00+00:00,0.0
2025-11-18 13:30:00+00:00,0.0
2025-11-18 13:35:00+00:00,0.0
2025-11-18 13:40:00+00:00,0.0
2025-11-18 13:45:00+00:00,0.0
2025-11-18 13:50:00+00:00,0.0
2025-11-18 13:55:00+00:00,0.0
2025-11-18 14:00:00+00:00,0.0
2025-11-18 14:05:00+00:00,0.0
2025-11-18 14:10:00+00:00,0.0
2025-11-18 14:15:00+00:00,0.0
2025-11-18 14:20:00+00:00,0.0
2025-11-18 14:25:00+00:00,0.0
2025-11-18 14:30:00+00:00,0.0
2025-11-18 14:35:00+00:00,0.0
2025-11-18 14:40:00+00:00,0.0
2025-11-18 14:45:00+00:00,0.0
2025-11-18 14:50:00+00:00,0.0
2025-11-18 14:55:00+00:00,0.0
2025-11-18 15:00:00+00:00,0.0
2025-11-18 15:05:00+00:00,0.0
2025-11-18 15:10:00+00:00,0.0
2025-11-18 15:15:00+00:00,0.0
2025-11-18 15:20:00+00:00,0.0
2025-11-18 15:25:00+00:00,0.0
2025-11-18 15:30:00+00:00,0.0
2025-11-18 15:35:00+00:00,0.0
2025-11-18 15:40:00+00:00,0.0
2025-11-18 15:45:00+00:00,0.0
2025-11-18 15:50:00+00:00,0.0
2025-11-18 15:55:00+00:00,0.0
2025-11-18 16:00:00+00:00,0.0
2025-11-18 16:05:00+00:00,0.0
2025-11-18 16:10:00+00:00,0.0
2025-11-18 16:15:00+00:00,0.0
2025-11-18 16:20:00+00:00,0.0
2025-11-18 16:25:00+00:00,0.0
2025-11-18 16:30:00+00:00,0.0
2025-11-18 16:35:00+00:00,0.0
2025-11-18 16:40:00+00:00,0.0
2025-11-18 16:45:00+00:00,0.0
2025-11-18 16:50:00+00:00,0.0
2025-11-18 16:55:00+00:00,0.0
2025-11-18 17:00:00+00:00,0.0
2025-11-18 17:05:00+00:00,0.0
2025-11-18 17:10:00+00:00,0.0
2025-11-18 17:15:00+00:00,0.0
2025-11-18 17:20:00+00:00,0.0
2025-11-18 17:25:00+00:00,0.0
2025-11-18 17:30:00+00:00,0.0
2025-11-18 17:35:00+00:00,0.0
2025-11-18 17:40:00+00:00,0.0
2025-11-18 17:45:00+00:00,0.0
2025-11-18 17:50:00+00:00,0.0
2025-11-18 17:55:00+00:00,0.0
2025-11-18 18:00:00+00:00,0.0
2025-11-18 18:05:00+00:00,0.018385852847182957
2025-11-18 18:10:00+00:00,0.0
2025-11-18 18:15:00+00:00,0.0
2025-11-18 18:20:00+00:00,0.0
2025-11-18 18:25:00+00:00,0.0
2025-11-18 18:30:00+00:00,0.0
2025-11-18 18:35:00+00:00,0.0
2025-11-18 18:40:00+00:00,0.0
2025-11-18 18:45:00+00:00,0.0
2025-11-18 18:50:00+00:00,0.0
2025-11-18 18:55:00+00:00,0.0
2025-11-18 19:00:00+00:00,0.0
2025-11-18 19:05:00+00:00,0.01540642453913103
2025-11-18 19:10:00+00:00,0.007633333038865473
2025-11-18 19:15:00+00:00,0.007699936314633018
2025-11-18 19:20:00+00:00,0.007252001344111927
2025-11-18 19:25:00+00:00,0.007340339192172937
2025-11-18 19:30:00+00:00,0.007383007752267937
2025-11-18 19:35:00+00:00,0.011196896067836828
2025-11-18 19:40:00+00:00,0.0
2025-11-18 19:45:00+00:00,0.007541739313225996
2025-11-18 19:50:00+00:00,0.007328283577634576
2025-11-18 19:55:00+00:00,0.011012273085744756
2025-11-18 20:00:00+00:00,0.011310441870438424
2025-11-18 20:05:00+00:00,0.007783125157941851
2025-11-18 20:10:00+00:00,0.0
2025-11-18 20:15:00+00:00,0.0
2025-11-18 20:20:00+00:00,0.0
2025-11-18 20:25:00+00:00,0.0
2025-11-18 20:30:00+00:00,0.0
2025-11-18 20:35:00+00:00,0.0
2025-11-18 20:40:00+00:00,0.0
2025-11-18 20:45:00+00:00,0.0
2025-11-18 20:50:00+00:00,0.0
2025-11-18 20:55:00+00:00,0.0
2025-11-18 21:00:00+00:00,0.0
2025-11-18 21:05:00+00:00,0.0
2025-11-18 21:10:00+00:00,0.0
2025-11-18 21:15:00+00:00,0.0
2025-11-18 21:20:00+00:00,0.0
2025-11-18 21:25:00+00:00,0.0
2025-11-18 21:30:00+00:00,0.0
2025-11-18 21:35:00+00:00,0.0
2025-11-18 21:40:00+00:00,0.0
2025-11-18 21:45:00+00:00,0.0
2025-11-18 21:50:00+00:00,0.0
2025-11-18 21:55:00+00:00,0.0
2025-11-18 22:00:00+00:00,0.0
2025-11-18 22:05:00+00:00,0.011314970150328518
2025-11-18 22:10:00+00:00,0.011690661781712582
2025-11-18 22:15:00+00:00,0.007428667001556931
2025-11-18 22:20:00+00:00,0.0077518387844688
2025-11-18 22:25:00+00:00,0.0077054969051428
2025-11-18 22:30:00+00:00,0.007621907351309792
2025-11-18 22:35:00+00:00,0.007441864515605725
2025-11-18 22:40:00+00:00,0.0
2025-11-18 22:45:00+00:00,0.0075433739444665734
2025-11-18 22:50:00+00:00,0.007462715684321888
2025-11-18 22:55:00+00:00,0.007709478913692005
2025-11-18 23:00:00+00:00,0.0076525303355434475
2025-11-18 23:05:00+00:00,0.014419575741416528
2025-11-18 23:10:00+00:00,0.0
2025-11-18 23:15:00+00:00,0.0
2025-11-18 23:20:00+00:00,0.0
2025-11-18 23:25:00+00:00,0.0
2025-11-18 23:30:00+00:00,0.0
2025-11-18 23:35:00+00:00,0.0
2025-11-18 23:40:00+00:00,0.0
2025-11-18 23:45:00+00:00,0.0
2025-11-18 23:50:00+00:00,0.0
2025-11-18 23:55:00+00:00,0.0
2025-11-19 00:00:00+00:00,0.0
2025-11-19 00:05:00+00:00,0.01839002726370828
2025-11-19 00:10:00+00:00,0.007255082381399053
2025-11-19 00:15:00+00:00,0.007644730283502946
2025-11-19 00:20:00+00:00,0.00741643236394514
2025-11-19 00:25:00+00:00,0.0
2025-11-19 00:30:00+00:00,0.007343093135900664
2025-11-19 00:35:00+00:00,0.007399630964848032
2025-11-19 00:40:00+00:00,0.0076518242819267395
2025-11-19 00:45:00+00:00,0.007614523067808987
2025-11-19 00:50:00+00:00,0.007352307804843835
2025-11-19 00:55:00+00:00,0.0
2025-11-19 01:00:00+00:00,0.007728908773054156
2025-11-19 01:05:00+00:00,0.02236115723325495
2025-11-19 01:10:00+00:00,0.0
2025-11-19 01:15:00+00:00,0.0
2025-11-19 01:20:00+00:00,0.0
2025-11-19 01:25:00+00:00,0.0
2025-11-19 01:30:00+00:00,0.0
2025-11-19 01:35:00+00:00,0.0
2025-11-19 01:40:00+00:00,0.0
2025-11-19 01:45:00+00:00,0.0
2025-11-19 01:50:00+00:00,0.0
2025-11-19 01:55:00+00:00,0.0
2025-11-19 02:00:00+00:00,0.0
2025-11-19 02:05:00+00:00,0.014854364227830317
2025-11-19 02:10:00+00:00,0.008046805231194746
2025-11-19 02:15:00+00:00,0.007517944302475242
2025-11-19 02:20:00+00:00,0.011048593019184313
2025-11-19 02:25:00+00:00,0.007577024426376609
2025-11-19 02:30:00+00:00,0.011092029538070945
2025-11-19 02:35:00+00:00,0.011034436811480605
2025-11-19 02:40:00+00:00,0.0
2025-11-19 02:45:00+00:00,0.01118075973109195
2025-11-19 02:50:00+00:00,0.01119989093981291
2025-11-19 02:55:00+00:00,0.01122977942751165
2025-11-19 03:00:00+00:00,0.007253629282901161
2025-11-19 03:05:00+00:00,0.019393951851024962
2025-11-19 03:10:00+00:00,0.0
2025-11-19 03:15:00+00:00,0.0
2025-11-19 03:20:00+00:00,0.0
2025-11-19 03:25:00+00:00,0.0
2025-11-19 03:30:00+00:00,0.0
2025-11-19 03:35:00+00:00,0.0
2025-11-19 03:40:00+00:00,0.0
2025-11-19 03:45:00+00:00,0.0
2025-11-19 03:50:00+00:00,0.0
2025-11-19 03:55:00+00:00,0.0
2025-11-19 04:00:00+00:00,0.0
2025-11-19 04:05:00+00:00,0.0
2025-11-19 04:10:00+00:00,0.0
2025-11-19 04:15:00+00:00,0.0
2025-11-19 04:20:00+00:00,0.0
2025-11-19 04:25:00+00:00,0.0
2025-11-19 04:30:00+00:00,0.0
2025-11-19 04:35:00+00:00,0.0
2025-11-19 04:40:00+00:00,0.0
2025-11-19 04:45:00+00:00,0.0
2025-11-19 04:50:00+00:00,0.0
2025-11-19 04:55:00+00:00,0.0
2025-11-19 05:00:00+00:00,0.0
2025-11-19 05:05:00+00:00,0.0
2025-11-19 05:10:00+00:00,0.0
2025-11-19 05:15:00+00:00,0.0
2025-11-19 05:20:00+00:00,0.0
2025-11-19 05:25:00+00:00,0.0
2025-11-19 05:30:00+00:00,0.0
2025-11-19 05:35:00+00:00,0.0
2025-11-19 05:40:00+00:00,0.0
2025-11-19 05:45:00+00:00,0.0
2025-11-19 05:50:00+00:00,0.0
2025-11-19 05:55:00+00:00,0.0
2025-11-19 06:00:00+00:00,0.0
2025-11-19 06:05:00+00:00,0.0
2025-11-19 06:10:00+00:00,0.0
2025-11-19 06:15:00+00:00,0.0
2025-11-19 06:20:00+00:00,0.0
2025-11-19 06:25:00+00:00,0.0
2025-11-19 06:30:00+00:00,0.0
2025-11-19 06:35:00+00:00,0.0
2025-11-19 06:40:00+00:00,0.0
2025-11-19 06:45:00+00:00,0.0
2025-11-19 06:50:00+00:00,0.0
2025-11-19 06:55:00+00:00,0.0
2025-11-19 07:00:00+00:00,0.0
2025-11-19 07:05:00+00:00,0.0
2025-11-19 07:10:00+00:00,0.0
2025-11-19 07:15:00+00:00,0.0
2025-11-19 07:20:00+00:00,0.0
2025-11-19 07:25:00+00:00,0.0
2025-11-19 07:30:00+00:00,0.0
2025-11-19 07:35:00+00:00,0.0
2025-11-19 07:40:00+00:00,0.0
2025-11-19 07:45:00+00:00,0.0
2025-11-19 07:50:00+00:00,0.0
2025-11-19 07:55:00+00:00,0.0
2025-11-19 08:00:00+00:00,0.0
2025-11-19 08:05:00+00:00,0.0
2025-11-19 08:10:00+00:00,0.0
2025-11-19 08:15:00+00:00,0.0
2025-11-19 08:20:00+00:00,0.0
2025-11-19 08:25:00+00:00,0.0
2025-11-19 08:30:00+00:00,0.0
2025-11-19 08:35:00+00:00,0.0
2025-11-19 08:40:00+00:00,0.0
2025-11-19 08:45:00+00:00,0.0
2025-11-19 08:50:00+00:00,0.0
2025-11-19 08:55:00+00:00,0.0
2025-11-19 09:00:00+00:00,0.0
2025-11-19 09:05:00+00:00,0.0
2025-11-19 09:10:00+00:00,0.0
2025-11-19 09:15:00+00:00,0.0
2025-11-19 09:20:00+00:00,0.0
2025-11-19 09:25:00+00:00,0.0
2025-11-19 09:30:00+00:00,0.0
2025-11-19 09:35:00+00:00,0.0
2025-11-19 09:40:00+00:00,0.0
2025-11-19 09:45:00+00:00,0.0
2025-11-19 09:50:00+00:00,0.0
2025-11-19 09:55:00+00:00,0.0
2025-11-19 10:00:00+00:00,0.0
2025-11-19 10:05:00+00:00,0.0
2025-11-19 10:10:00+00:00,0.0
2025-11-19 10:15:00+00:00,0.0
2025-11-19 10:20:00+00:00,0.0
2025-11-19 10:25:00+00:00,0.0
2025-11-19 10:30:00+00:00,0.0
2025-11-19 10:35:00+00:00,0.0
2025-11-19 10:40:00+00:00,0.0
2025-11-19 10:45:00+00:00,0.0
2025-11-19 10:50:00+00:00,0.0
2025-11-19 10:55:00+00:00,0.0
2025-11-19 11:00:00+00:00,0.0
2025-11-19 11:05:00+00:00,0.0
2025-11-19 11:10:00+00:00,0.0
2025-11-19 11:15:00+00:00,0.0
2025-11-19 11:20:00+00:00,0.0
2025-11-19 11:25:00+00:00,0.0
2025-11-19 11:30:00+00:00,0.0
2025-11-19 11:35:00+00:00,0.0
2025-11-19 11:40:00+00:00,0.0
2025-11-19 11:45:00+00:00,0.0
2025-11-19 11:50:00+00:00,0.0
2025-11-19 11:55:00+00:00,0.0
2025-11-19 12:00:00+00:00,0.0
2025-11-19 12:05:00+00:00,0.0
2025-11-19 12:10:00+00:00,0.0
2025-11-19 12:15:00+00:00,0.0
2025-11-19 12:20:00+00:00,0.0
2025-11-19 12:25:00+00:00,0.0
2025-11-19 12:30:00+00:00,0.0
2025-11-19 12:35:00+00:00,0.0
2025-11-19 12:40:00+00:00,0.0
2025-11-19 12:45:00+00:00,0.0
2025-11-19 12:50:00+00:00,0.0
2025-11-19 12:55:00+00:00,0.0
2025-11-19 13:00:00+00:00,0.0
2025-11-19 13:05:00+00:00,0.0
2025-11-19 13:10:00+00:00,0.0
2025-11-19 13:15:00+00:00,0.0
2025-11-19 13:20:00+00:00,0.0
2025-11-19 13:25:00+00:00,0.0
2025-11-19 13:30:00+00:00,0.0
2025-11-19 13:35:00+00:00,0.0
2025-11-19 13:40:00+00:00,0.0
2025-11-19 13:45:00+00:00,0.0
2025-11-19 13:50:00+00:00,0.0
2025-11-19 13:55:00+00:00,0.0
2025-11-19 14:00:00+00:00,0.0
2025-11-19 14:05:00+00:00,0.0
2025-11-19 14:10:00+00:00,0.0
2025-11-19 14:15:00+00:00,0.0
2025-11-19 14:20:00+00:00,0.0
2025-11-19 14:25:00+00:00,0.0
2025-11-19 14:30:00+00:00,0.0
2025-11-19 14:35:00+00:00,0.0
2025-11-19 14:40:00+00:00,0.0
2025-11-19 14:45:00+00:00,0.0
2025-11-19 14:50:00+00:00,0.0
2025-11-19 14:55:00+00:00,0.0
2025-11-19 15:00:00+00:00,0.0
2025-11-19 15:05:00+00:00,0.0
2025-11-19 15:10:00+00:00,0.0
2025-11-19 15:15:00+00:00,0.0
2025-11-19 15:20:00+00:00,0.0
2025-11-19 15:25:00+00:00,0.0
2025-11-19 15:30:00+00:00,0.0
2025-11-19 15:35:00+00:00,0.0
2025-11-19 15:40:00+00:00,0.0
2025-11-19 15:45:00+00:00,0.0
2025-11-19 15:50:00+00:00,0.0
2025-11-19 15:55:00+00:00,0.0
2025-11-19 16:00:00+00:00,0.0
2025-11-19 16:05:00+00:00,0.0
2025-11-19 16:10:00+00:00,0.0
2025-11-19 16:15:00+00:00,0.0
2025-11-19 16:20:00+00:00,0.0
2025-11-19 16:25:00+00:00,0.0
2025-11-19 16:30:00+00:00,0.0
2025-11-19 16:35:00+00:00,0.0
2025-11-19 16:40:00+00:00,0.0
2025-11-19 16:45:00+00:00,0.0
2025-11-19 16:50:00+00:00,0.0
2025-11-19 16:55:00+00:00,0.0
2025-11-19 17:00:00+00:00,0.0
2025-11-19 17:05:00+00:00,0.0
2025-11-19 17:10:00+00:00,0.0
2025-11-19 17:15:00+00:00,0.0
2025-11-19 17:20:00+00:00,0.0
2025-11-19 17:25:00+00:00,0.0
2025-11-19 17:30:00+00:00,0.0
2025-11-19 17:35:00+00:00,0.0
2025-11-19 17:40:00+00:00,0.0
2025-11-19 17:45:00+00:00,0.0
2025-11-19 17:50:00+00:00,0.0
2025-11-19 17:55:00+00:00,0.0
2025-11-19 18:00:00+00:00,0.0
2025-11-19 18:05:00+00:00,0.022342797329551294
2025-11-19 18:10:00+00:00,0.027541351318359372
2025-11-19 18:15:00+00:00,0.015323149530511152
2025-11-19 18:20:00+00:00,0.0088578742847108
2025-11-19 18:25:00+00:00,0.01555923913654528
2025-11-19 18:30:00+00:00,0.02027520966111568
2025-11-19 18:35:00+00:00,0.011258058380662348
2025-11-19 18:40:00+00:00,0.0
2025-11-19 18:45:00+00:00,0.0190473431035092
2025-11-19 18:50:00+00:00,0.015459904754370972
2025-11-19 18:55:00+00:00,0.015151739120483397
2025-11-19 19:00:00+00:00,0.03014637712846722
2025-11-19 19:05:00+00:00,0.018895793379398812
2025-11-19 19:10:00+00:00,0.0
2025-11-19 19:15:00+00:00,0.0
2025-11-19 19:20:00+00:00,0.0
2025-11-19 19:25:00+00:00,0.0
2025-11-19 19:30:00+00:00,0.0
2025-11-19 19:35:00+00:00,0.0
2025-11-19 19:40:00+00:00,0.0
2025-11-19 19:45:00+00:00,0.0
2025-11-19 19:50:00+00:00,0.0
2025-11-19 19:55:00+00:00,0.0
2025-11-19 20:00:00+00:00,0.0
2025-11-19 20:05:00+00:00,0.0
2025-11-19 20:10:00+00:00,0.02811812601591411
2025-11-19 20:15:00+00:00,0.01943824918646561
2025-11-19 20:20:00+00:00,0.02902458257842482
2025-11-19 20:25:00+00:00,0.011962049885800009
2025-11-19 20:30:00+00:00,0.020538905628940514
2025-11-19 20:35:00+00:00,0.012064210992110401
2025-11-19 20:40:00+00:00,0.0
2025-11-19 20:45:00+00:00,0.01181522112571341
2025-11-19 20:50:00+00:00,0.024311383565266926
2025-11-19 20:55:00+00:00,0.028618807541696645
2025-11-19 21:00:00+00:00,0.02292106695342482
2025-11-19 21:05:00+00:00,0.016577396058199696
2025-11-19 21:10:00+00:00,0.0
2025-11-19 21:15:00+00:00,0.0
2025-11-19 21:20:00+00:00,0.0
2025-11-19 21:25:00+00:00,0.0
2025-11-19 21:30:00+00:00,0.0
2025-11-19 21:35:00+00:00,0.0
2025-11-19 21:40:00+00:00,0.0
2025-11-19 21:45:00+00:00,0.0
2025-11-19 21:50:00+00:00,0.0
2025-11-19 21:55:00+00:00,0.0
2025-11-19 22:00:00+00:00,0.0
2025-11-19 22:05:00+00:00,0.0
2025-11-19 22:10:00+00:00,0.04717873104831628
2025-11-19 22:15:00+00:00,0.030475779583579613
2025-11-19 22:20:00+00:00,0.02778920207107276
2025-11-19 22:25:00+00:00,0.03416062321579247
2025-11-19 22:30:00+00:00,0.016562174914176
2025-11-19 22:35:00+00:00,0.020075552087081103
2025-11-19 22:40:00+00:00,0.019610462690654553
2025-11-19 22:45:00+00:00,0.026800932800560662
2025-11-19 22:50:00+00:00,0.00863533103675173
2025-11-19 22:55:00+00:00,0.012406672929462632
2025-11-19 23:00:00+00:00,0.015062600687930456
2025-11-19 23:05:00+00:00,0.03050029905218827
2025-11-19 23:10:00+00:00,0.0
2025-11-19 23:15:00+00:00,0.0
2025-11-19 23:20:00+00:00,0.0
2025-11-19 23:25:00+00:00,0.0
2025-11-19 23:30:00+00:00,0.0
2025-11-19 23:35:00+00:00,0.0
2025-11-19 23:40:00+00:00,0.0
2025-11-19 23:45:00+00:00,0.0
2025-11-19 23:50:00+00:00,0.0
2025-11-19 23:55:00+00:00,0.0
2025-11-20 00:00:00+00:00,0.0
2025-11-20 00:05:00+00:00,0.10232035569977341
2025-11-20 00:10:00+00:00,0.02338978282192297
2025-11-20 00:15:00+00:00,0.03788920954654091
2025-11-20 00:20:00+00:00,0.025649627049763996
2025-11-20 00:25:00+00:00,0.0
2025-11-20 00:30:00+00:00,0.027404244740804034
2025-11-20 00:35:00+00:00,0.041478746815731646
2025-11-20 00:40:00+00:00,0.015773625959429823
2025-11-20 00:45:00+00:00,0.028389450541713778
2025-11-20 00:50:00+00:00,0.011771377764250102
2025-11-20 00:55:00+00:00,0.0
2025-11-20 01:00:00+00:00,0.018908434583429702
2025-11-20 01:05:00+00:00,0.031303732018721726
2025-11-20 01:10:00+00:00,0.0
2025-11-20 01:15:00+00:00,0.0
2025-11-20 01:20:00+00:00,0.0
2025-11-20 01:25:00+00:00,0.0
2025-11-20 01:30:00+00:00,0.0
2025-11-20 01:35:00+00:00,0.0
2025-11-20 01:40:00+00:00,0.0
2025-11-20 01:45:00+00:00,0.0
2025-11-20 01:50:00+00:00,0.0
2025-11-20 01:55:00+00:00,0.0
2025-11-20 02:00:00+00:00,0.0
2025-11-20 02:05:00+00:00,0.04235134877656635
2025-11-20 02:10:00+00:00,0.03029680586697762
2025-11-20 02:15:00+00:00,0.027358064316866687
2025-11-20 02:20:00+00:00,0.02327293847736559
2025-11-20 02:25:00+00:00,0.0
2025-11-20 02:30:00+00:00,0.019908912558304633
2025-11-20 02:35:00+00:00,0.030501224283586464
2025-11-20 02:40:00+00:00,0.029027999074835522
2025-11-20 02:45:00+00:00,0.019254330584877414
2025-11-20 02:50:00+00:00,0.02001424755966454
2025-11-20 02:55:00+00:00,0.0
2025-11-20 03:00:00+00:00,0.018651958097491345
2025-11-20 03:05:00+00:00,0.01617486518726014
2025-11-20 03:10:00+00:00,0.0
2025-11-20 03:15:00+00:00,0.0
2025-11-20 03:20:00+00:00,0.0
2025-11-20 03:25:00+00:00,0.0
2025-11-20 03:30:00+00:00,0.0
2025-11-20 03:35:00+00:00,0.0
2025-11-20 03:40:00+00:00,0.0
2025-11-20 03:45:00+00:00,0.0
2025-11-20 03:50:00+00:00,0.0
2025-11-20 03:55:00+00:00,0.0
2025-11-20 04:00:00+00:00,0.0
2025-11-20 04:05:00+00:00,0.0
2025-11-20 04:10:00+00:00,0.0
2025-11-20 04:15:00+00:00,0.0
2025-11-20 04:20:00+00:00,0.0
2025-11-20 04:25:00+00:00,0.0
2025-11-20 04:30:00+00:00,0.0
2025-11-20 04:35:00+00:00,0.0
2025-11-20 04:40:00+00:00,0.0
2025-11-20 04:45:00+00:00,0.0
2025-11-20 04:50:00+00:00,0.0
2025-11-20 04:55:00+00:00,0.0
2025-11-20 05:00:00+00:00,0.0
2025-11-20 05:05:00+00:00,0.0
2025-11-20 05:10:00+00:00,0.0
2025-11-20 05:15:00+00:00,0.0
2025-11-20 05:20:00+00:00,0.0
2025-11-20 05:25:00+00:00,0.0
2025-11-20 05:30:00+00:00,0.0
2025-11-20 05:35:00+00:00,0.0
2025-11-20 05:40:00+00:00,0.0
2025-11-20 05:45:00+00:00,0.0
2025-11-20 05:50:00+00:00,0.0
2025-11-20 05:55:00+00:00,0.0
2025-11-20 06:00:00+00:00,0.0
2025-11-20 06:05:00+00:00,0.0
2025-11-20 06:10:00+00:00,0.0
2025-11-20 06:15:00+00:00,0.0
2025-11-20 06:20:00+00:00,0.0
2025-11-20 06:25:00+00:00,0.0
2025-11-20 06:30:00+00:00,0.0
2025-11-20 06:35:00+00:00,0.0
2025-11-20 06:40:00+00:00,0.0
2025-11-20 06:45:00+00:00,0.0
2025-11-20 06:50:00+00:00,0.0
2025-11-20 06:55:00+00:00,0.0
2025-11-20 07:00:00+00:00,0.0
2025-11-20 07:05:00+00:00,0.0
2025-11-20 07:10:00+00:00,0.0
2025-11-20 07:15:00+00:00,0.0
2025-11-20 07:20:00+00:00,0.0
2025-11-20 07:25:00+00:00,0.0
2025-11-20 07:30:00+00:00,0.0
2025-11-20 07:35:00+00:00,0.0
2025-11-20 07:40:00+00:00,0.0
2025-11-20 07:45:00+00:00,0.0
2025-11-20 07:50:00+00:00,0.0
2025-11-20 07:55:00+00:00,0.0
2025-11-20 08:00:00+00:00,0.0
2025-11-20 08:05:00+00:00,0.0
2025-11-20 08:10:00+00:00,0.0
2025-11-20 08:15:00+00:00,0.0
2025-11-20 08:20:00+00:00,0.0
2025-11-20 08:25:00+00:00,0.0
2025-11-20 08:30:00+00:00,0.0
2025-11-20 08:35:00+00:00,0.0
2025-11-20 08:40:00+00:00,0.0
2025-11-20 08:45:00+00:00,0.0
2025-11-20 08:50:00+00:00,0.0
2025-11-20 08:55:00+00:00,0.0
2025-11-20 09:00:00+00:00,0.0
2025-11-20 09:05:00+00:00,0.0
2025-11-20 09:10:00+00:00,0.0
2025-11-20 09:15:00+00:00,0.0
2025-11-20 09:20:00+00:00,0.0
2025-11-20 09:25:00+00:00,0.0
2025-11-20 09:30:00+00:00,0.0
2025-11-20 09:35:00+00:00,0.0
2025-11-20 09:40:00+00:00,0.0
2025-11-20 09:45:00+00:00,0.0
2025-11-20 09:50:00+00:00,0.0
2025-11-20 09:55:00+00:00,0.0
2025-11-20 10:00:00+00:00,0.0
2025-11-20 10:05:00+00:00,0.0
2025-11-20 10:10:00+00:00,0.0
2025-11-20 10:15:00+00:00,0.0
2025-11-20 10:20:00+00:00,0.0
2025-11-20 10:25:00+00:00,0.0
2025-11-20 10:30:00+00:00,0.0
2025-11-20 10:35:00+00:00,0.0
2025-11-20 10:40:00+00:00,0.0
2025-11-20 10:45:00+00:00,0.0
2025-11-20 10:50:00+00:00,0.0
2025-11-20 10:55:00+00:00,0.0
2025-11-20 11:00:00+00:00,0.0
2025-11-20 11:05:00+00:00,0.0
2025-11-20 11:10:00+00:00,0.0
2025-11-20 11:15:00+00:00,0.0
2025-11-20 11:20:00+00:00,0.0
2025-11-20 11:25:00+00:00,0.0
2025-11-20 11:30:00+00:00,0.0
2025-11-20 11:35:00+00:00,0.0
2025-11-20 11:40:00+00:00,0.0
2025-11-20 11:45:00+00:00,0.0
2025-11-20 11:50:00+00:00,0.0
2025-11-20 11:55:00+00:00,0.0
2025-11-20 12:00:00+00:00,0.0
2025-11-20 12:05:00+00:00,0.0
2025-11-20 12:10:00+00:00,0.0
2025-11-20 12:15:00+00:00,0.0
2025-11-20 12:20:00+00:00,0.0
2025-11-20 12:25:00+00:00,0.0
2025-11-20 12:30:00+00:00,0.0
2025-11-20 12:35:00+00:00,0.0
2025-11-20 12:40:00+00:00,0.0
2025-11-20 12:45:00+00:00,0.0
2025-11-20 12:50:00+00:00,0.0
2025-11-20 12:55:00+00:00,0.0
2025-11-20 13:00:00+00:00,0.0
2025-11-20 13:05:00+00:00,0.0
2025-11-20 13:10:00+00:00,0.0
2025-11-20 13:15:00+00:00,0.0
2025-11-20 13:20:00+00:00,0.0
2025-11-20 13:25:00+00:00,0.0
2025-11-20 13:30:00+00:00,0.0
2025-11-20 13:35:00+00:00,0.0
2025-11-20 13:40:00+00:00,0.0
2025-11-20 13:45:00+00:00,0.0
2025-11-20 13:50:00+00:00,0.0
2025-11-20 13:55:00+00:00,0.0
2025-11-20 14:00:00+00:00,0.0
2025-11-20 14:05:00+00:00,0.0
2025-11-20 14:10:00+00:00,0.0
2025-11-20 14:15:00+00:00,0.0
2025-11-20 14:20:00+00:00,0.0
2025-11-20 14:25:00+00:00,0.0
2025-11-20 14:30:00+00:00,0.0
2025-11-20 14:35:00+00:00,0.0
2025-11-20 14:40:00+00:00,0.0
2025-11-20 14:45:00+00:00,0.0
2025-11-20 14:50:00+00:00,0.0
2025-11-20 14:55:00+00:00,0.0
2025-11-20 15:00:00+00:00,0.0
2025-11-20 15:05:00+00:00,0.0
2025-11-20 15:10:00+00:00,0.0
2025-11-20 15:15:00+00:00,0.0
2025-11-20 15:20:00+00:00,0.0
2025-11-20 15:25:00+00:00,0.0
2025-11-20 15:30:00+00:00,0.0
2025-11-20 15:35:00+00:00,0.0
2025-11-20 15:40:00+00:00,0.0
2025-11-20 15:45:00+00:00,0.0
2025-11-20 15:50:00+00:00,0.0
2025-11-20 15:55:00+00:00,0.0
2025-11-20 16:00:00+00:00,0.0
2025-11-20 16:05:00+00:00,0.0
2025-11-20 16:10:00+00:00,0.0
2025-11-20 16:15:00+00:00,0.0
2025-11-20 16:20:00+00:00,0.0
2025-11-20 16:25:00+00:00,0.0
2025-11-20 16:30:00+00:00,0.0
2025-11-20 16:35:00+00:00,0.0
2025-11-20 16:40:00+00:00,0.0
2025-11-20 16:45:00+00:00,0.0
2025-11-20 16:50:00+00:00,0.0
2025-11-20 16:55:00+00:00,0.0
2025-11-20 17:00:00+00:00,0.0
2025-11-20 17:05:00+00:00,0.0
2025-11-20 17:10:00+00:00,0.0
2025-11-20 17:15:00+00:00,0.0
2025-11-20 17:20:00+00:00,0.0
2025-11-20 17:25:00+00:00,0.0
2025-11-20 17:30:00+00:00,0.0
2025-11-20 17:35:00+00:00,0.0
2025-11-20 17:40:00+00:00,0.0
2025-11-20 17:45:00+00:00,0.0
2025-11-20 17:50:00+00:00,0.0
2025-11-20 17:55:00+00:00,0.0
2025-11-20 18:00:00+00:00,0.0
2025-11-20 18:05:00+00:00,0.0
2025-11-20 18:10:00+00:00,0.039589660209521906
2025-11-20 18:15:00+00:00,0.02695376914844178
2025-11-20 18:20:00+00:00,0.029526796675564945
2025-11-20 18:25:00+00:00,0.01892729558442768
2025-11-20 18:30:00+00:00,0.024959933966921085
2025-11-20 18:35:00+00:00,0.02019424522132204
2025-11-20 18:40:00+00:00,0.0
2025-11-20 18:45:00+00:00,0.02345911243505645
2025-11-20 18:50:00+00:00,0.02476692199707031
2025-11-20 18:55:00+00:00,0.02189308718631142
2025-11-20 19:00:00+00:00,0.05565422125029982
2025-11-20 19:05:00+00:00,0.027780120414600033
2025-11-20 19:10:00+00:00,0.027749033978110862
2025-11-20 19:15:00+00:00,0.0
2025-11-20 19:20:00+00:00,0.0
2025-11-20 19:25:00+00:00,0.0
2025-11-20 19:30:00+00:00,0.0
2025-11-20 19:35:00+00:00,0.0
2025-11-20 19:40:00+00:00,0.0
2025-11-20 19:45:00+00:00,0.0
2025-11-20 19:50:00+00:00,0.0
2025-11-20 19:55:00+00:00,0.0
2025-11-20 20:00:00+00:00,0.0
2025-11-20 20:05:00+00:00,0.047112029058891426
2025-11-20 20:10:00+00:00,0.03125610602529425
2025-11-20 20:15:00+00:00,0.02752994152537563
2025-11-20 20:20:00+00:00,0.024825552053618846
2025-11-20 20:25:00+00:00,0.0
2025-11-20 20:30:00+00:00,0.027967428742793565
2025-11-20 20:35:00+00:00,0.023341205663848338
2025-11-20 20:40:00+00:00,0.018995189666748045
2025-11-20 20:45:00+00:00,0.03831637533087479
2025-11-20 20:50:00+00:00,0.015428928743328962
2025-11-20 20:55:00+00:00,0.0
2025-11-20 21:00:00+00:00,0.023392083352072195
2025-11-20 21:05:00+00:00,0.05481727750677811
2025-11-20 21:10:00+00:00,0.0
2025-11-20 21:15:00+00:00,0.0
2025-11-20 21:20:00+00:00,0.0
2025-11-20 21:25:00+00:00,0.0
2025-11-20 21:30:00+00:00,0.0
2025-11-20 21:35:00+00:00,0.0
2025-11-20 21:40:00+00:00,0.0
2025-11-20 21:45:00+00:00,0.0
2025-11-20 21:50:00+00:00,0.0
2025-11-20 21:55:00+00:00,0.0
2025-11-20 22:00:00+00:00,0.0
2025-11-20 22:05:00+00:00,0.0
2025-11-20 22:10:00+00:00,0.04828080963670161
2025-11-20 22:15:00+00:00,0.06494261842024954
2025-11-20 22:20:00+00:00,0.05595226957086931
2025-11-20 22:25:00+00:00,0.038097848390278057
2025-11-20 22:30:00+00:00,0.03493677273131253
2025-11-20 22:35:00+00:00,0.027121390794452867
2025-11-20 22:40:00+00:00,0.016998229110450073
2025-11-20 22:45:00+00:00,0.0270261898375394
2025-11-20 22:50:00+00:00,0.044553276530483306
2025-11-20 22:55:00+00:00,0.04566292679100705
2025-11-20 23:00:00+00:00,0.03949675225374991
2025-11-20 23:05:00+00:00,0.03172817899469743
2025-11-20 23:10:00+00:00,0.0
2025-11-20 23:15:00+00:00,0.0
2025-11-20 23:20:00+00:00,0.0
2025-11-20 23:25:00+00:00,0.0
2025-11-20 23:30:00+00:00,0.0
2025-11-20 23:35:00+00:00,0.0
2025-11-20 23:40:00+00:00,0.0
2025-11-20 23:45:00+00:00,0.0
2025-11-20 23:50:00+00:00,0.0
2025-11-20 23:55:00+00:00,0.0
2025-11-21 00:00:00+00:00,0.0
2025-11-21 00:05:00+00:00,0.0
2025-11-21 00:10:00+00:00,0.04962750485068873
2025-11-21 00:15:00+00:00,0.030771263858728238
2025-11-21 00:20:00+00:00,0.019277762530142798
2025-11-21 00:25:00+00:00,0.05459219698320355
2025-11-21 00:30:00+00:00,0.02288262284714909
2025-11-21 00:35:00+00:00,0.034946133797628835
2025-11-21 00:40:00+00:00,0.0
2025-11-21 00:45:00+00:00,0.04653385396589312
2025-11-21 00:50:00+00:00,0.02360335400230006
2025-11-21 00:55:00+00:00,0.023578411236143945
2025-11-21 01:00:00+00:00,0.015789740545707833
2025-11-21 01:05:00+00:00,0.021170435453716076
2025-11-21 01:10:00+00:00,0.0
2025-11-21 01:15:00+00:00,0.0
2025-11-21 01:20:00+00:00,0.0
2025-11-21 01:25:00+00:00,0.0
2025-11-21 01:30:00+00:00,0.0
2025-11-21 01:35:00+00:00,0.0
2025-11-21 01:40:00+00:00,0.0
2025-11-21 01:45:00+00:00,0.0
2025-11-21 01:50:00+00:00,0.0
2025-11-21 01:55:00+00:00,0.0
2025-11-21 02:00:00+00:00,0.0
2025-11-21 02:05:00+00:00,0.05829950215523703
2025-11-21 02:10:00+00:00,0.02338632031490928
2025-11-21 02:15:00+00:00,0.03649450352317408
2025-11-21 02:20:00+00:00,0.034697065018770984
2025-11-21 02:25:00+00:00,0.01640867935983758
2025-11-21 02:30:00+00:00,0.026227856518929463
2025-11-21 02:35:00+00:00,0.028268289566040036
2025-11-21 02:40:00+00:00,0.026855001951518808
2025-11-21 02:45:00+00:00,0.034752220856515983
2025-11-21 02:50:00+00:00,0.029653775901125185
2025-11-21 02:55:00+00:00,0.0
2025-11-21 03:00:00+00:00,0.034071965803179824
2025-11-21 03:05:00+00:00,0.042125584786398364
2025-11-21 03:10:00+00:00,0.0
2025-11-21 03:15:00+00:00,0.0
2025-11-21 03:20:00+00:00,0.0
2025-11-21 03:25:00+00:00,0.0
2025-11-21 03:30:00+00:00,0.0
2025-11-21 03:35:00+00:00,0.0
2025-11-21 03:40:00+00:00,0.0
2025-11-21 03:45:00+00:00,0.0
2025-11-21 03:50:00+00:00,0.0
2025-11-21 03:55:00+00:00,0.0
2025-11-21 04:00:00+00:00,0.0
2025-11-21 04:05:00+00:00,0.0
2025-11-21 04:10:00+00:00,0.0
2025-11-21 04:15:00+00:00,0.0
2025-11-21 04:20:00+00:00,0.0
2025-11-21 04:25:00+00:00,0.0
2025-11-21 04:30:00+00:00,0.0
2025-11-21 04:35:00+00:00,0.0
2025-11-21 04:40:00+00:00,0.0
2025-11-21 04:45:00+00:00,0.0
2025-11-21 04:50:00+00:00,0.0
2025-11-21 04:55:00+00:00,0.0
2025-11-21 05:00:00+00:00,0.0
2025-11-21 05:05:00+00:00,0.0
2025-11-21 05:10:00+00:00,0.0
2025-11-21 05:15:00+00:00,0.0
2025-11-21 05:20:00+00:00,0.0
2025-11-21 05:25:00+00:00,0.0
2025-11-21 05:30:00+00:00,0.0
2025-11-21 05:35:00+00:00,0.0
2025-11-21 05:40:00+00:00,0.0
2025-11-21 05:45:00+00:00,0.0
2025-11-21 05:50:00+00:00,0.0
2025-11-21 05:55:00+00:00,0.0
2025-11-21 06:00:00+00:00,0.0
2025-11-21 06:05:00+00:00,0.0
2025-11-21 06:10:00+00:00,0.0
2025-11-21 06:15:00+00:00,0.0
2025-11-21 06:20:00+00:00,0.0
2025-11-21 06:25:00+00:00,0.0
2025-11-21 06:30:00+00:00,0.0
2025-11-21 06:35:00+00:00,0.0
2025-11-21 06:40:00+00:00,0.0
2025-11-21 06:45:00+00:00,0.0
2025-11-21 06:50:00+00:00,0.0
2025-11-21 06:55:00+00:00,0.0
2025-11-21 07:00:00+00:00,0.0
2025-11-21 07:05:00+00:00,0.0
2025-11-21 07:10:00+00:00,0.0
2025-11-21 07:15:00+00:00,0.0
2025-11-21 07:20:00+00:00,0.0
2025-11-21 07:25:00+00:00,0.0
2025-11-21 07:30:00+00:00,0.0
2025-11-21 07:35:00+00:00,0.0
2025-11-21 07:40:00+00:00,0.0
2025-11-21 07:45:00+00:00,0.0
2025-11-21 07:50:00+00:00,0.0
2025-11-21 07:55:00+00:00,0.0
2025-11-21 08:00:00+00:00,0.0
2025-11-21 08:05:00+00:00,0.0
2025-11-21 08:10:00+00:00,0.0
2025-11-21 08:15:00+00:00,0.0
2025-11-21 08:20:00+00:00,0.0
2025-11-21 08:25:00+00:00,0.0
2025-11-21 08:30:00+00:00,0.0
2025-11-21 08:35:00+00:00,0.0
2025-11-21 08:40:00+00:00,0.0
2025-11-21 08:45:00+00:00,0.0
2025-11-21 08:50:00+00:00,0.0
2025-11-21 08:55:00+00:00,0.0
2025-11-21 09:00:00+00:00,0.0
2025-11-21 09:05:00+00:00,0.0
2025-11-21 09:10:00+00:00,0.0
2025-11-21 09:15:00+00:00,0.0
2025-11-21 09:20:00+00:00,0.0
2025-11-21 09:25:00+00:00,0.0
2025-11-21 09:30:00+00:00,0.0
2025-11-21 09:35:00+00:00,0.0
2025-11-21 09:40:00+00:00,0.0
2025-11-21 09:45:00+00:00,0.0
2025-11-21 09:50:00+00:00,0.0
2025-11-21 09:55:00+00:00,0.0
2025-11-21 10:00:00+00:00,0.0
2025-11-21 10:05:00+00:00,0.0
2025-11-21 10:10:00+00:00,0.0
2025-11-21 10:15:00+00:00,0.0
2025-11-21 10:20:00+00:00,0.0
2025-11-21 10:25:00+00:00,0.0
2025-11-21 10:30:00+00:00,0.0
2025-11-21 10:35:00+00:00,0.0
2025-11-21 10:40:00+00:00,0.0
2025-11-21 10:45:00+00:00,0.0
2025-11-21 10:50:00+00:00,0.0
2025-11-21 10:55:00+00:00,0.0
2025-11-21 11:00:00+00:00,0.0
2025-11-21 11:05:00+00:00,0.0
2025-11-21 11:10:00+00:00,0.0
2025-11-21 11:15:00+00:00,0.0
2025-11-21 11:20:00+00:00,0.0
2025-11-21 11:25:00+00:00,0.0
2025-11-21 11:30:00+00:00,0.0
2025-11-21 11:35:00+00:00,0.0
2025-11-21 11:40:00+00:00,0.0
2025-11-21 11:45:00+00:00,0.0
2025-11-21 11:50:00+00:00,0.0
2025-11-21 11:55:00+00:00,0.0
2025-11-21 12:00:00+00:00,0.0
2025-11-21 12:05:00+00:00,0.0
2025-11-21 12:10:00+00:00,0.0
2025-11-21 12:15:00+00:00,0.0
2025-11-21 12:20:00+00:00,0.0
2025-11-21 12:25:00+00:00,0.0
2025-11-21 12:30:00+00:00,0.0
2025-11-21 12:35:00+00:00,0.0
2025-11-21 12:40:00+00:00,0.0
2025-11-21 12:45:00+00:00,0.0
2025-11-21 12:50:00+00:00,0.0
2025-11-21 12:55:00+00:00,0.0
2025-11-21 13:00:00+00:00,0.0
2025-11-21 13:05:00+00:00,0.0
2025-11-21 13:10:00+00:00,0.0
2025-11-21 13:15:00+00:00,0.0
2025-11-21 13:20:00+00:00,0.0
2025-11-21 13:25:00+00:00,0.0
2025-11-21 13:30:00+00:00,0.0
2025-11-21 13:35:00+00:00,0.0
2025-11-21 13:40:00+00:00,0.0
2025-11-21 13:45:00+00:00,0.0
2025-11-21 13:50:00+00:00,0.0
2025-11-21 13:55:00+00:00,0.0
2025-11-21 14:00:00+00:00,0.0
2025-11-21 14:05:00+00:00,0.0
2025-11-21 14:10:00+00:00,0.0
2025-11-21 14:15:00+00:00,0.0
2025-11-21 14:20:00+00:00,0.0
2025-11-21 14:25:00+00:00,0.0
2025-11-21 14:30:00+00:00,0.0
2025-11-21 14:35:00+00:00,0.0
2025-11-21 14:40:00+00:00,0.0
2025-11-21 14:45:00+00:00,0.0
2025-11-21 14:50:00+00:00,0.0
2025-11-21 14:55:00+00:00,0.0
2025-11-21 15:00:00+00:00,0.0
2025-11-21 15:05:00+00:00,0.0
2025-11-21 15:10:00+00:00,0.0
2025-11-21 15:15:00+00:00,0.0
2025-11-21 15:20:00+00:00,0.0
2025-11-21 15:25:00+00:00,0.0
2025-11-21 15:30:00+00:00,0.0
2025-11-21 15:35:00+00:00,0.0
2025-11-21 15:40:00+00:00,0.0
2025-11-21 15:45:00+00:00,0.0
2025-11-21 15:50:00+00:00,0.0
2025-11-21 15:55:00+00:00,0.0
2025-11-21 16:00:00+00:00,0.0
2025-11-21 16:05:00+00:00,0.0
2025-11-21 16:10:00+00:00,0.0
2025-11-21 16:15:00+00:00,0.0
2025-11-21 16:20:00+00:00,0.0
2025-11-21 16:25:00+00:00,0.0
2025-11-21 16:30:00+00:00,0.0
2025-11-21 16:35:00+00:00,0.0
2025-11-21 16:40:00+00:00,0.0
2025-11-21 16:45:00+00:00,0.0
2025-11-21 16:50:00+00:00,0.0
2025-11-21 16:55:00+00:00,0.0
2025-11-21 17:00:00+00:00,0.0
2025-11-21 17:05:00+00:00,0.0
2025-11-21 17:10:00+00:00,0.0
2025-11-21 17:15:00+00:00,0.0
2025-11-21 17:20:00+00:00,0.0
2025-11-21 17:25:00+00:00,0.0
2025-11-21 17:30:00+00:00,0.0
2025-11-21 17:35:00+00:00,0.0
2025-11-21 17:40:00+00:00,0.0
2025-11-21 17:45:00+00:00,0.0
2025-11-21 17:50:00+00:00,0.0
2025-11-21 17:55:00+00:00,0.0
2025-11-21 18:00:00+00:00,0.0
2025-11-21 18:05:00+00:00,0.0
2025-11-21 18:10:00+00:00,0.04560695531075461
2025-11-21 18:15:00+00:00,0.033782942253246635
2025-11-21 18:20:00+00:00,0.02251333855746085
2025-11-21 18:25:00+00:00,0.03483608731052332
2025-11-21 18:30:00+00:00,0.0514532398759273
2025-11-21 18:35:00+00:00,0.031710440652412276
2025-11-21 18:40:00+00:00,0.012814890710931073
2025-11-21 18:45:00+00:00,0.0307683551520632
2025-11-21 18:50:00+00:00,0.031138523837976283
2025-11-21 18:55:00+00:00,0.03837605359261496
2025-11-21 19:00:00+00:00,0.028606347033852023
2025-11-21 19:05:00+00:00,0.015540556322064315
2025-11-21 19:10:00+00:00,0.0
2025-11-21 19:15:00+00:00,0.0
2025-11-21 19:20:00+00:00,0.0
2025-11-21 19:25:00+00:00,0.0
2025-11-21 19:30:00+00:00,0.0
2025-11-21 19:35:00+00:00,0.0
2025-11-21 19:40:00+00:00,0.0
2025-11-21 19:45:00+00:00,0.0
2025-11-21 19:50:00+00:00,0.0
2025-11-21 19:55:00+00:00,0.0
2025-11-21 20:00:00+00:00,0.0
2025-11-21 20:05:00+00:00,0.0
2025-11-21 20:10:00+00:00,0.05925490061442057
2025-11-21 20:15:00+00:00,0.02882494675485711
2025-11-21 20:20:00+00:00,0.03398541483962745
2025-11-21 20:25:00+00:00,0.03533923500462582
2025-11-21 20:30:00+00:00,0.023273898007576923
2025-11-21 20:35:00+00:00,0.0
2025-11-21 20:40:00+00:00,0.0
2025-11-21 20:45:00+00:00,0.02077139385959558
2025-11-21 20:50:00+00:00,0.035224480378000356
2025-11-21 20:55:00+00:00,0.04002686132464492
2025-11-21 21:00:00+00:00,0.035390582837556535
2025-11-21 21:05:00+00:00,0.023134009043375647
2025-11-21 21:10:00+00:00,0.0
2025-11-21 21:15:00+00:00,0.0
2025-11-21 21:20:00+00:00,0.0
2025-11-21 21:25:00+00:00,0.0
2025-11-21 21:30:00+00:00,0.0
2025-11-21 21:35:00+00:00,0.0
2025-11-21 21:40:00+00:00,0.0
2025-11-21 21:45:00+00:00,0.0
2025-11-21 21:50:00+00:00,0.0
2025-11-21 21:55:00+00:00,0.0
2025-11-21 22:00:00+00:00,0.0
2025-11-21 22:05:00+00:00,0.07626021954051235
2025-11-21 22:10:00+00:00,0.0386142797637404
2025-11-21 22:15:00+00:00,0.03618749484681246
2025-11-21 22:20:00+00:00,0.037101114005373234
2025-11-21 22:25:00+00:00,0.0
2025-11-21 22:30:00+00:00,0.04253751520524945
2025-11-21 22:35:00+00:00,0.03812963586104543
2025-11-21 22:40:00+00:00,0.039161005990122254
2025-11-21 22:45:00+00:00,0.03552730627227248
2025-11-21 22:50:00+00:00,0.03734783373380962
2025-11-21 22:55:00+00:00,0.0
2025-11-21 23:00:00+00:00,0.030452872159188252
2025-11-21 23:05:00+00:00,0.03597988245780007
2025-11-21 23:10:00+00:00,0.020849363427413135
2025-11-21 23:15:00+00:00,0.0
2025-11-21 23:20:00+00:00,0.0
2025-11-21 23:25:00+00:00,0.0
2025-11-21 23:30:00+00:00,0.0
2025-11-21 23:35:00+00:00,0.0
2025-11-21 23:40:00+00:00,0.0
2025-11-21 23:45:00+00:00,0.0
2025-11-21 23:50:00+00:00,0.0
2025-11-21 23:55:00+00:00,0.0
2025-11-22 00:00:00+00:00,0.0
2025-11-22 00:05:00+00:00,0.04434629490501002
2025-11-22 00:10:00+00:00,0.05144291676973041
2025-11-22 00:15:00+00:00,0.019767267662182186
2025-11-22 00:20:00+00:00,0.03537239359136213
2025-11-22 00:25:00+00:00,0.0
2025-11-22 00:30:00+00:00,0.031293600483944535
2025-11-22 00:35:00+00:00,0.016583116430985298
2025-11-22 00:40:00+00:00,0.038848195996200825
2025-11-22 00:45:00+00:00,0.028319301103290756
2025-11-22 00:50:00+00:00,0.026801474889119464
2025-11-22 00:55:00+00:00,0.0
2025-11-22 01:00:00+00:00,0.03894555443211605
2025-11-22 01:05:00+00:00,0.02473447531984563
2025-11-22 01:10:00+00:00,0.01166983403657612
2025-11-22 01:15:00+00:00,0.0
2025-11-22 01:20:00+00:00,0.0
2025-11-22 01:25:00+00:00,0.0
2025-11-22 01:30:00+00:00,0.0
2025-11-22 01:35:00+00:00,0.0
2025-11-22 01:40:00+00:00,0.0
2025-11-22 01:45:00+00:00,0.0
2025-11-22 01:50:00+00:00,0.0
2025-11-22 01:55:00+00:00,0.0
2025-11-22 02:00:00+00:00,0.0
2025-11-22 02:05:00+00:00,0.0
2025-11-22 02:10:00+00:00,0.0731671885440224
2025-11-22 02:15:00+00:00,0.03818703785277249
2025-11-22 02:20:00+00:00,0.035921781941464066
2025-11-22 02:25:00+00:00,0.041736732449447894
2025-11-22 02:30:00+00:00,0.03889454875076026
2025-11-22 02:35:00+00:00,0.030316550271552903
2025-11-22 02:40:00+00:00,0.0
2025-11-22 02:45:00+00:00,0.025953452628955504
2025-11-22 02:50:00+00:00,0.04313482987253289
2025-11-22 02:55:00+00:00,0.024551736262806673
2025-11-22 03:00:00+00:00,0.03395078140392638
2025-11-22 03:05:00+00:00,0.023385638521428692
2025-11-22 03:10:00+00:00,0.0
2025-11-22 03:15:00+00:00,0.0
2025-11-22 03:20:00+00:00,0.0
2025-11-22 03:25:00+00:00,0.0
2025-11-22 03:30:00+00:00,0.0
2025-11-22 03:35:00+00:00,0.0
2025-11-22 03:40:00+00:00,0.0
2025-11-22 03:45:00+00:00,0.0
2025-11-22 03:50:00+00:00,0.0
2025-11-22 03:55:00+00:00,0.0
2025-11-22 04:00:00+00:00,0.0
2025-11-22 04:05:00+00:00,0.0
2025-11-22 04:10:00+00:00,0.04402926595587479
2025-11-22 04:15:00+00:00,0.04695947128429747
2025-11-22 04:20:00+00:00,0.03555086872033905
2025-11-22 04:25:00+00:00,0.03527182110568933
2025-11-22 04:30:00+00:00,0.036038591150651896
2025-11-22 04:35:00+00:00,0.039046151177924975
2025-11-22 04:40:00+00:00,0.0
2025-11-22 04:45:00+00:00,0.03244743179856685
2025-11-22 04:50:00+00:00,0.03269813604522169
2025-11-22 04:55:00+00:00,0.037879143263164314
2025-11-22 05:00:00+00:00,0.05091982891685084
2025-11-22 05:05:00+00:00,0.01982425388536955
2025-11-22 05:10:00+00:00,0.027939420833922268
2025-11-22 05:15:00+00:00,0.0
2025-11-22 05:20:00+00:00,0.0
2025-11-22 05:25:00+00:00,0.0
2025-11-22 05:30:00+00:00,0.0
2025-11-22 05:35:00+00:00,0.0
2025-11-22 05:40:00+00:00,0.0
2025-11-22 05:45:00+00:00,0.0
2025-11-22 05:50:00+00:00,0.0
2025-11-22 05:55:00+00:00,0.0
2025-11-22 06:00:00+00:00,0.0
2025-11-22 06:05:00+00:00,0.04176203409830729
2025-11-22 06:10:00+00:00,0.047398506967644936
2025-11-22 06:15:00+00:00,0.054021831144366345
2025-11-22 06:20:00+00:00,0.0
2025-11-22 06:25:00+00:00,0.0
2025-11-22 06:30:00+00:00,0.03930489807798151
2025-11-22 06:35:00+00:00,0.06342801462139999
2025-11-22 06:40:00+00:00,0.03888282357600697
2025-11-22 06:45:00+00:00,0.02773718918801248
2025-11-22 06:50:00+00:00,0.037362065231590934
2025-11-22 06:55:00+00:00,0.0
2025-11-22 07:00:00+00:00,0.020897713042142097
2025-11-22 07:05:00+00:00,0.03172406648334704
2025-11-22 07:10:00+00:00,0.015767366844311095
2025-11-22 07:15:00+00:00,0.0
2025-11-22 07:20:00+00:00,0.0
2025-11-22 07:25:00+00:00,0.0
2025-11-22 07:30:00+00:00,0.0
2025-11-22 07:35:00+00:00,0.0
2025-11-22 07:40:00+00:00,0.0
2025-11-22 07:45:00+00:00,0.0
2025-11-22 07:50:00+00:00,0.0
2025-11-22 07:55:00+00:00,0.0
2025-11-22 08:00:00+00:00,0.0
2025-11-22 08:05:00+00:00,0.0
2025-11-22 08:10:00+00:00,0.06026364627637361
2025-11-22 08:15:00+00:00,0.03823225372716
2025-11-22 08:20:00+00:00,0.02660992354677434
2025-11-22 08:25:00+00:00,0.04350464302196837
2025-11-22 08:30:00+00:00,0.03947477089731316
2025-11-22 08:35:00+00:00,0.0
2025-11-22 08:40:00+00:00,0.0
2025-11-22 08:45:00+00:00,0.0365101228680527
2025-11-22 08:50:00+00:00,0.04097492067437423
2025-11-22 08:55:00+00:00,0.031165149755645213
2025-11-22 09:00:00+00:00,0.031514174779305265
2025-11-22 09:05:00+00:00,0.0365292841928047
2025-11-22 09:10:00+00:00,0.0
2025-11-22 09:15:00+00:00,0.0
2025-11-22 09:20:00+00:00,0.0
2025-11-22 09:25:00+00:00,0.0
2025-11-22 09:30:00+00:00,0.0
2025-11-22 09:35:00+00:00,0.0
2025-11-22 09:40:00+00:00,0.0
2025-11-22 09:45:00+00:00,0.0
2025-11-22 09:50:00+00:00,0.0
2025-11-22 09:55:00+00:00,0.0
2025-11-22 10:00:00+00:00,0.0
2025-11-22 10:05:00+00:00,0.06237540412367435
2025-11-22 10:10:00+00:00,0.06267223943743788
2025-11-22 10:15:00+00:00,0.0392919707716557
2025-11-22 10:20:00+00:00,0.0286091126893696
2025-11-22 10:25:00+00:00,0.0
2025-11-22 10:30:00+00:00,0.03748155476754171
2025-11-22 10:35:00+00:00,0.03900006863108852
2025-11-22 10:40:00+00:00,0.022755699826959977
2025-11-22 10:45:00+00:00,0.03973991912707948
2025-11-22 10:50:00+00:00,0.0
2025-11-22 10:55:00+00:00,0.0
2025-11-22 11:00:00+00:00,0.027840736456084668
2025-11-22 11:05:00+00:00,0.03449329576994243
2025-11-22 11:10:00+00:00,0.020739004904763738
2025-11-22 11:15:00+00:00,0.0
2025-11-22 11:20:00+00:00,0.0
2025-11-22 11:25:00+00:00,0.0
2025-11-22 11:30:00+00:00,0.0
2025-11-22 11:35:00+00:00,0.0
2025-11-22 11:40:00+00:00,0.0
2025-11-22 11:45:00+00:00,0.0
2025-11-22 11:50:00+00:00,0.0
2025-11-22 11:55:00+00:00,0.0
2025-11-22 12:00:00+00:00,0.0
2025-11-22 12:05:00+00:00,0.07744506869399756
2025-11-22 12:10:00+00:00,0.051294968420999086
2025-11-22 12:15:00+00:00,0.032031609719259696
2025-11-22 12:20:00+00:00,0.03174625948855751
2025-11-22 12:25:00+00:00,0.0
2025-11-22 12:30:00+00:00,0.050434755860713484
2025-11-22 12:35:00+00:00,0.042495026504784296
2025-11-22 12:40:00+00:00,0.038663827327259793
2025-11-22 12:45:00+00:00,0.039313524647762894
2025-11-22 12:50:00+00:00,0.03392184575398763
2025-11-22 12:55:00+00:00,0.0
2025-11-22 13:00:00+00:00,0.03140859101947985
2025-11-22 13:05:00+00:00,0.03476243186415287
2025-11-22 13:10:00+00:00,0.0
2025-11-22 13:15:00+00:00,0.0
2025-11-22 13:20:00+00:00,0.0
2025-11-22 13:25:00+00:00,0.0
2025-11-22 13:30:00+00:00,0.0
2025-11-22 13:35:00+00:00,0.0
2025-11-22 13:40:00+00:00,0.0
2025-11-22 13:45:00+00:00,0.0
2025-11-22 13:50:00+00:00,0.0
2025-11-22 13:55:00+00:00,0.0
2025-11-22 14:00:00+00:00,0.0
2025-11-22 14:05:00+00:00,0.0
2025-11-22 14:10:00+00:00,0.07384288185521175
2025-11-22 14:15:00+00:00,0.03410569157516747
2025-11-22 14:20:00+00:00,0.04881632286205626
2025-11-22 14:25:00+00:00,0.0421776018644634
2025-11-22 14:30:00+00:00,0.037330102920532224
2025-11-22 14:35:00+00:00,0.0
2025-11-22 14:40:00+00:00,0.0
2025-11-22 14:45:00+00:00,0.03155192157678437
2025-11-22 14:50:00+00:00,0.053114719558180416
2025-11-22 14:55:00+00:00,0.02714160701684784
2025-11-22 15:00:00+00:00,0.05600861750150981
2025-11-22 15:05:00+00:00,0.01684387775889614
2025-11-22 15:10:00+00:00,0.02731700027198122
2025-11-22 15:15:00+00:00,0.0
2025-11-22 15:20:00+00:00,0.0
2025-11-22 15:25:00+00:00,0.0
2025-11-22 15:30:00+00:00,0.0
2025-11-22 15:35:00+00:00,0.0
2025-11-22 15:40:00+00:00,0.0
2025-11-22 15:45:00+00:00,0.0
2025-11-22 15:50:00+00:00,0.0
2025-11-22 15:55:00+00:00,0.0
2025-11-22 16:00:00+00:00,0.0
2025-11-22 16:05:00+00:00,0.05224539940817314
2025-11-22 16:10:00+00:00,0.03232738678915458
2025-11-22 16:15:00+00:00,0.04206295180739018
2025-11-22 16:20:00+00:00,0.035603982523867955
2025-11-22 16:25:00+00:00,0.0
2025-11-22 16:30:00+00:00,0.053102553518194894
2025-11-22 16:35:00+00:00,0.03459215582462779
2025-11-22 16:40:00+00:00,0.03649498370655795
2025-11-22 16:45:00+00:00,0.040131779720908714
2025-11-22 16:50:00+00:00,0.02677075988367984
2025-11-22 16:55:00+00:00,0.0
2025-11-22 17:00:00+00:00,0.03162625128762764
2025-11-22 17:05:00+00:00,0.04344246011031301
2025-11-22 17:10:00+00:00,0.0
2025-11-22 17:15:00+00:00,0.0
2025-11-22 17:20:00+00:00,0.0
2025-11-22 17:25:00+00:00,0.0
2025-11-22 17:30:00+00:00,0.0
2025-11-22 17:35:00+00:00,0.0
2025-11-22 17:40:00+00:00,0.0
2025-11-22 17:45:00+00:00,0.0
2025-11-22 17:50:00+00:00,0.0
2025-11-22 17:55:00+00:00,0.0
2025-11-22 18:00:00+00:00,0.0
2025-11-22 18:05:00+00:00,0.0
2025-11-22 18:10:00+00:00,0.03805255722581294
2025-11-22 18:15:00+00:00,0.022787457181696304
2025-11-22 18:20:00+00:00,0.02771992348788077
2025-11-22 18:25:00+00:00,0.046288672664709256
2025-11-22 18:30:00+00:00,0.03111400479164815
2025-11-22 18:35:00+00:00,0.0
2025-11-22 18:40:00+00:00,0.0
2025-11-22 18:45:00+00:00,0.03809331090826737
2025-11-22 18:50:00+00:00,0.034093712923819554
2025-11-22 18:55:00+00:00,0.03471859463474206
2025-11-22 19:00:00+00:00,0.03501640119050678
2025-11-22 19:05:00+00:00,0.01241470554418731
2025-11-22 19:10:00+00:00,0.0
2025-11-22 19:15:00+00:00,0.0
2025-11-22 19:20:00+00:00,0.0
2025-11-22 19:25:00+00:00,0.0
2025-11-22 19:30:00+00:00,0.0
2025-11-22 19:35:00+00:00,0.0
2025-11-22 19:40:00+00:00,0.0
2025-11-22 19:45:00+00:00,0.0
2025-11-22 19:50:00+00:00,0.0
2025-11-22 19:55:00+00:00,0.0
2025-11-22 20:00:00+00:00,0.0
2025-11-22 20:05:00+00:00,0.06319778174684758
2025-11-22 20:10:00+00:00,0.03171304819876687
2025-11-22 20:15:00+00:00,0.0336564398648446
2025-11-22 20:20:00+00:00,0.032118568085787585
2025-11-22 20:25:00+00:00,0.0
2025-11-22 20:30:00+00:00,0.039455781903183246
2025-11-22 20:35:00+00:00,0.030240084832174732
2025-11-22 20:40:00+00:00,0.06180472959551894
2025-11-22 20:45:00+00:00,0.041554793976900865
2025-11-22 20:50:00+00:00,0.023590719490720512
2025-11-22 20:55:00+00:00,0.05875360338311446
2025-11-22 21:00:00+00:00,0.043746790133024516
2025-11-22 21:05:00+00:00,0.022208398685120697
2025-11-22 21:10:00+00:00,0.0
2025-11-22 21:15:00+00:00,0.0
2025-11-22 21:20:00+00:00,0.0
2025-11-22 21:25:00+00:00,0.0
2025-11-22 21:30:00+00:00,0.0
2025-11-22 21:35:00+00:00,0.0
2025-11-22 21:40:00+00:00,0.0
2025-11-22 21:45:00+00:00,0.0
2025-11-22 21:50:00+00:00,0.0
2025-11-22 21:55:00+00:00,0.0
2025-11-22 22:00:00+00:00,0.0
2025-11-22 22:05:00+00:00,0.03921542753253066
2025-11-22 22:10:00+00:00,0.05377120051467627
2025-11-22 22:15:00+00:00,0.04091523321051346
2025-11-22 22:20:00+00:00,0.0
2025-11-22 22:25:00+00:00,0.032509162133200126
2025-11-22 22:30:00+00:00,0.040130559185095
2025-11-22 22:35:00+00:00,0.03392880841305381
2025-11-22 22:40:00+00:00,0.03833011827970806
2025-11-22 22:45:00+00:00,0.031455599634270914
2025-11-22 22:50:00+00:00,0.0
2025-11-22 22:55:00+00:00,0.042371150903534466
2025-11-22 23:00:00+00:00,0.03551355495787503
2025-11-22 23:05:00+00:00,0.05124427059240508
2025-11-22 23:10:00+00:00,0.023625678346868146
2025-11-22 23:15:00+00:00,0.0
2025-11-22 23:20:00+00:00,0.0
2025-11-22 23:25:00+00:00,0.0
2025-11-22 23:30:00+00:00,0.0
2025-11-22 23:35:00+00:00,0.0
2025-11-22 23:40:00+00:00,0.0
2025-11-22 23:45:00+00:00,0.0
2025-11-22 23:50:00+00:00,0.0
2025-11-22 23:55:00+00:00,0.0
2025-11-23 00:00:00+00:00,0.0
2025-11-23 00:05:00+00:00,0.06527399849473384
2025-11-23 00:10:00+00:00,0.032414948312859786
2025-11-23 00:15:00+00:00,0.029199912255270435
2025-11-23 00:20:00+00:00,0.0
2025-11-23 00:25:00+00:00,0.058564579277707814
2025-11-23 00:30:00+00:00,0.03995630030046429
2025-11-23 00:35:00+00:00,0.0471990894853023
2025-11-23 00:40:00+00:00,0.04497152796962804
2025-11-23 00:45:00+00:00,0.03591567256994414
2025-11-23 00:50:00+00:00,0.0
2025-11-23 00:55:00+00:00,0.03751780693991142
2025-11-23 01:00:00+00:00,0.031954601354766306
2025-11-23 01:05:00+00:00,0.0660755575748912
2025-11-23 01:10:00+00:00,0.0
2025-11-23 01:15:00+00:00,0.0
2025-11-23 01:20:00+00:00,0.0
2025-11-23 01:25:00+00:00,0.0
2025-11-23 01:30:00+00:00,0.0
2025-11-23 01:35:00+00:00,0.0
2025-11-23 01:40:00+00:00,0.0
2025-11-23 01:45:00+00:00,0.0
2025-11-23 01:50:00+00:00,0.0
2025-11-23 01:55:00+00:00,0.0
2025-11-23 02:00:00+00:00,0.0
2025-11-23 02:05:00+00:00,0.0
2025-11-23 02:10:00+00:00,0.05929337719030547
2025-11-23 02:15:00+00:00,0.03607408372979415
2025-11-23 02:20:00+00:00,0.049534437949197326
2025-11-23 02:25:00+00:00,0.04384997183816474
2025-11-23 02:30:00+00:00,0.039693569718745714
2025-11-23 02:35:00+00:00,0.0
2025-11-23 02:40:00+00:00,0.03832967657791941
2025-11-23 02:45:00+00:00,0.047828474379422364
2025-11-23 02:50:00+00:00,0.036299017855995576
2025-11-23 02:55:00+00:00,0.051011534741050316
2025-11-23 03:00:00+00:00,0.031183737202694538
2025-11-23 03:05:00+00:00,0.027187137436448478
2025-11-23 03:10:00+00:00,0.0
2025-11-23 03:15:00+00:00,0.0
2025-11-23 03:20:00+00:00,0.0
2025-11-23 03:25:00+00:00,0.0
2025-11-23 03:30:00+00:00,0.0
2025-11-23 03:35:00+00:00,0.0
2025-11-23 03:40:00+00:00,0.0
2025-11-23 03:45:00+00:00,0.0
2025-11-23 03:50:00+00:00,0.0
2025-11-23 03:55:00+00:00,0.0
2025-11-23 04:00:00+00:00,0.0
2025-11-23 04:05:00+00:00,0.0
2025-11-23 04:10:00+00:00,0.09124568636796451
2025-11-23 04:15:00+00:00,0.03882805924666555
2025-11-23 04:20:00+00:00,0.043419485761408215
2025-11-23 04:25:00+00:00,0.03842005395052726
2025-11-23 04:30:00+00:00,0.036114813073492666
2025-11-23 04:35:00+00:00,0.0
2025-11-23 04:40:00+00:00,0.04064642170019317
2025-11-23 04:45:00+00:00,0.044071800666942926
2025-11-23 04:50:00+00:00,0.045704299525210726
2025-11-23 04:55:00+00:00,0.04366393842195209
2025-11-23 05:00:00+00:00,0.04610043241266618
2025-11-23 05:05:00+00:00,0.0
2025-11-23 05:10:00+00:00,0.04916823788693076
2025-11-23 05:15:00+00:00,0.0
2025-11-23 05:20:00+00:00,0.0
2025-11-23 05:25:00+00:00,0.0
2025-11-23 05:30:00+00:00,0.0
2025-11-23 05:35:00+00:00,0.0
2025-11-23 05:40:00+00:00,0.0
2025-11-23 05:45:00+00:00,0.0
2025-11-23 05:50:00+00:00,0.0
2025-11-23 05:55:00+00:00,0.0
2025-11-23 06:00:00+00:00,0.0
2025-11-23 06:05:00+00:00,0.0637078276851721
2025-11-23 06:10:00+00:00,0.05388067814341762
2025-11-23 06:15:00+00:00,0.04298199436120819
2025-11-23 06:20:00+00:00,0.0
2025-11-23 06:25:00+00:00,0.04520541157638817
2025-11-23 06:30:00+00:00,0.0458584191506369
2025-11-23 06:35:00+00:00,0.03060607408222399
2025-11-23 06:40:00+00:00,0.034459655658977316
2025-11-23 06:45:00+00:00,0.04259254472297534
2025-11-23 06:50:00+00:00,0.0
2025-11-23 06:55:00+00:00,0.03551319189238966
2025-11-23 07:00:00+00:00,0.0519408761409291
2025-11-23 07:05:00+00:00,0.06981289261265804
2025-11-23 07:10:00+00:00,0.0
2025-11-23 07:15:00+00:00,0.0
2025-11-23 07:20:00+00:00,0.0
2025-11-23 07:25:00+00:00,0.0
2025-11-23 07:30:00+00:00,0.0
2025-11-23 07:35:00+00:00,0.0
2025-11-23 07:40:00+00:00,0.0
2025-11-23 07:45:00+00:00,0.0
2025-11-23 07:50:00+00:00,0.0
2025-11-23 07:55:00+00:00,0.0
2025-11-23 08:00:00+00:00,0.0
2025-11-23 08:05:00+00:00,0.04288961176286663
2025-11-23 08:10:00+00:00,0.03811797844736199
2025-11-23 08:15:00+00:00,0.03569132988913017
2025-11-23 08:20:00+00:00,0.0
2025-11-23 08:25:00+00:00,0.03825599519830001
2025-11-23 08:30:00+00:00,0.04295483388398823
2025-11-23 08:35:00+00:00,0.03568379502547414
2025-11-23 08:40:00+00:00,0.03593229912874991
2025-11-23 08:45:00+00:00,0.07337336038288317
2025-11-23 08:50:00+00:00,0.0
2025-11-23 08:55:00+00:00,0.039670556888245695
2025-11-23 09:00:00+00:00,0.03597047370776795
2025-11-23 09:05:00+00:00,0.049137897658766354
2025-11-23 09:10:00+00:00,0.0
2025-11-23 09:15:00+00:00,0.0
2025-11-23 09:20:00+00:00,0.0
2025-11-23 09:25:00+00:00,0.0
2025-11-23 09:30:00+00:00,0.0
2025-11-23 09:35:00+00:00,0.0
2025-11-23 09:40:00+00:00,0.0
2025-11-23 09:45:00+00:00,0.0
2025-11-23 09:50:00+00:00,0.0
2025-11-23 09:55:00+00:00,0.0
2025-11-23 10:00:00+00:00,0.0
2025-11-23 10:05:00+00:00,0.0
2025-11-23 10:10:00+00:00,0.06246357884323387
2025-11-23 10:15:00+00:00,0.033030899784021205
2025-11-23 10:20:00+00:00,0.039696971157140895
2025-11-23 10:25:00+00:00,0.04661517394216436
2025-11-23 10:30:00+00:00,0.03961103589911209
2025-11-23 10:35:00+00:00,0.0
2025-11-23 10:40:00+00:00,0.04352079023394668
2025-11-23 10:45:00+00:00,0.034904074250606064
2025-11-23 10:50:00+00:00,0.03562488137629994
2025-11-23 10:55:00+00:00,0.03490396215204607
2025-11-23 11:00:00+00:00,0.037637266359831154
2025-11-23 11:05:00+00:00,0.0
2025-11-23 11:10:00+00:00,0.040817296714113466
2025-11-23 11:15:00+00:00,0.0
2025-11-23 11:20:00+00:00,0.0
2025-11-23 11:25:00+00:00,0.0
2025-11-23 11:30:00+00:00,0.0
2025-11-23 11:35:00+00:00,0.0
2025-11-23 11:40:00+00:00,0.0
2025-11-23 11:45:00+00:00,0.0
2025-11-23 11:50:00+00:00,0.0
2025-11-23 11:55:00+00:00,0.0
2025-11-23 12:00:00+00:00,0.0
2025-11-23 12:05:00+00:00,0.0
2025-11-23 12:10:00+00:00,0.07590735669721636
2025-11-23 12:15:00+00:00,0.04663139560766387
2025-11-23 12:20:00+00:00,0.03285912045261316
2025-11-23 12:25:00+00:00,0.04358639382479483
2025-11-23 12:30:00+00:00,0.043617109666790874
2025-11-23 12:35:00+00:00,0.0
2025-11-23 12:40:00+00:00,0.03815167577643143
2025-11-23 12:45:00+00:00,0.03559027136417857
2025-11-23 12:50:00+00:00,0.03203746645074141
2025-11-23 12:55:00+00:00,0.03968831028854637
2025-11-23 13:00:00+00:00,0.034751585073638375
2025-11-23 13:05:00+00:00,0.015437440704881098
2025-11-23 13:10:00+00:00,0.0
2025-11-23 13:15:00+00:00,0.0
2025-11-23 13:20:00+00:00,0.0
2025-11-23 13:25:00+00:00,0.0
2025-11-23 13:30:00+00:00,0.0
2025-11-23 13:35:00+00:00,0.0
2025-11-23 13:40:00+00:00,0.0
2025-11-23 13:45:00+00:00,0.0
2025-11-23 13:50:00+00:00,0.0
2025-11-23 13:55:00+00:00,0.0
2025-11-23 14:00:00+00:00,0.0
2025-11-23 14:05:00+00:00,0.0
2025-11-23 14:10:00+00:00,0.06338018367165013
2025-11-23 14:15:00+00:00,0.03200964425739489
2025-11-23 14:20:00+00:00,0.03987286885579427
2025-11-23 14:25:00+00:00,0.038023687663831206
2025-11-23 14:30:00+00:00,0.03927793921085826
2025-11-23 14:35:00+00:00,0.0
2025-11-23 14:40:00+00:00,0.03133638699849446
2025-11-23 14:45:00+00:00,0.0312647640481123
2025-11-23 14:50:00+00:00,0.029969273952015655
2025-11-23 14:55:00+00:00,0.040752174979762024
2025-11-23 15:00:00+00:00,0.03482483060736405
2025-11-23 15:05:00+00:00,0.030973462054603974
2025-11-23 15:10:00+00:00,0.0
2025-11-23 15:15:00+00:00,0.0
2025-11-23 15:20:00+00:00,0.0
2025-11-23 15:25:00+00:00,0.0
2025-11-23 15:30:00+00:00,0.0
2025-11-23 15:35:00+00:00,0.0
2025-11-23 15:40:00+00:00,0.0
2025-11-23 15:45:00+00:00,0.0
2025-11-23 15:50:00+00:00,0.0
2025-11-23 15:55:00+00:00,0.0
2025-11-23 16:00:00+00:00,0.0
2025-11-23 16:05:00+00:00,0.05860441693088464
2025-11-23 16:10:00+00:00,0.04244431696440044
2025-11-23 16:15:00+00:00,0.039631640283684974
2025-11-23 16:20:00+00:00,0.0
2025-11-23 16:25:00+00:00,0.041542458290380245
2025-11-23 16:30:00+00:00,0.03540313369349429
2025-11-23 16:35:00+00:00,0.037596598006131354
2025-11-23 16:40:00+00:00,0.03947096707528097
2025-11-23 16:45:00+00:00,0.034962849031414896
2025-11-23 16:50:00+00:00,0.0
2025-11-23 16:55:00+00:00,0.039200322669849054
2025-11-23 17:00:00+00:00,0.03478806729902301
2025-11-23 17:05:00+00:00,0.034582754603603424
2025-11-23 17:10:00+00:00,0.02050119533873441
2025-11-23 17:15:00+00:00,0.0
2025-11-23 17:20:00+00:00,0.0
2025-11-23 17:25:00+00:00,0.0
2025-11-23 17:30:00+00:00,0.0
2025-11-23 17:35:00+00:00,0.0
2025-11-23 17:40:00+00:00,0.0
2025-11-23 17:45:00+00:00,0.0
2025-11-23 17:50:00+00:00,0.0
2025-11-23 17:55:00+00:00,0.0
2025-11-23 18:00:00+00:00,0.0
2025-11-23 18:05:00+00:00,0.056183709596332745
2025-11-23 18:10:00+00:00,0.035681042754859255
2025-11-23 18:15:00+00:00,0.03842305969773677
2025-11-23 18:20:00+00:00,0.0
2025-11-23 18:25:00+00:00,0.0457055928414328
2025-11-23 18:30:00+00:00,0.05239478077804833
2025-11-23 18:35:00+00:00,0.03646642450700726
2025-11-23 18:40:00+00:00,0.032265679878101014
2025-11-23 18:45:00+00:00,0.03942626902931615
2025-11-23 18:50:00+00:00,0.0
2025-11-23 18:55:00+00:00,0.03615089466697291
2025-11-23 19:00:00+00:00,0.03991815751059013
