ts,value
2025-11-04 21:10:00+00:00,
2025-11-04 21:15:00+00:00,
2025-11-04 21:20:00+00:00,3.17777419090271
2025-11-04 21:25:00+00:00,3.1127102375030518
2025-11-04 21:30:00+00:00,3.1514415740966797
2025-11-04 21:35:00+00:00,2.2614288330078125
2025-11-04 21:40:00+00:00,
2025-11-04 21:45:00+00:00,
2025-11-04 21:50:00+00:00,2.0977909564971924
2025-11-04 21:55:00+00:00,3.161560297012329
2025-11-04 22:00:00+00:00,3.1444551944732666
2025-11-04 22:05:00+00:00,2.683666944503784
2025-11-04 22:10:00+00:00,
2025-11-04 22:15:00+00:00,
2025-11-04 22:20:00+00:00,
2025-11-04 22:25:00+00:00,
2025-11-04 22:30:00+00:00,
2025-11-04 22:35:00+00:00,
2025-11-04 22:40:00+00:00,
2025-11-04 22:45:00+00:00,
2025-11-04 22:50:00+00:00,
2025-11-04 22:55:00+00:00,
2025-11-04 23:00:00+00:00,
2025-11-04 23:05:00+00:00,2.181013345718384
2025-11-04 23:10:00+00:00,
2025-11-04 23:15:00+00:00,4.1828932762146
2025-11-04 23:20:00+00:00,4.2286376953125
2025-11-04 23:25:00+00:00,5.137030601501465
2025-11-04 23:30:00+00:00,4.3142430782318115
2025-11-04 23:35:00+00:00,5.211586236953735
2025-11-04 23:40:00+00:00,
2025-11-04 23:45:00+00:00,4.224113702774048
2025-11-04 23:50:00+00:00,4.1285316944122314
2025-11-04 23:55:00+00:00,3.228567361831665
2025-11-05 00:00:00+00:00,4.173515796661377
2025-11-05 00:05:00+00:00,3.600139856338501
2025-11-05 00:10:00+00:00,
2025-11-05 00:15:00+00:00,
2025-11-05 00:20:00+00:00,
2025-11-05 00:25:00+00:00,
2025-11-05 00:30:00+00:00,
2025-11-05 00:35:00+00:00,
2025-11-05 00:40:00+00:00,
2025-11-05 00:45:00+00:00,
2025-11-05 00:50:00+00:00,
2025-11-05 00:55:00+00:00,
2025-11-05 01:00:00+00:00,
2025-11-05 01:05:00+00:00,2.1653093099594116
2025-11-05 01:10:00+00:00,4.172958850860596
2025-11-05 01:15:00+00:00,4.154543876647949
2025-11-05 01:20:00+00:00,4.278841018676758
2025-11-05 01:25:00+00:00,
2025-11-05 01:30:00+00:00,4.133740186691284
2025-11-05 01:35:00+00:00,4.148368835449219
2025-11-05 01:40:00+00:00,3.20196270942688
2025-11-05 01:45:00+00:00,4.142012596130371
2025-11-05 01:50:00+00:00,4.257319211959839
2025-11-05 01:55:00+00:00,
2025-11-05 02:00:00+00:00,
2025-11-05 02:05:00+00:00,3.6526153087615967
2025-11-05 02:10:00+00:00,
2025-11-05 02:15:00+00:00,
2025-11-05 02:20:00+00:00,
2025-11-05 02:25:00+00:00,
2025-11-05 02:30:00+00:00,
2025-11-05 02:35:00+00:00,
2025-11-05 02:40:00+00:00,
2025-11-05 02:45:00+00:00,
2025-11-05 02:50:00+00:00,
2025-11-05 02:55:00+00:00,
2025-11-05 03:00:00+00:00,
2025-11-05 03:05:00+00:00,3.2150843143463135
2025-11-05 03:10:00+00:00,
2025-11-05 03:15:00+00:00,
2025-11-05 03:20:00+00:00,3.1625092029571533
2025-11-05 03:25:00+00:00,4.149635314941406
2025-11-05 03:30:00+00:00,3.083544731140137
2025-11-05 03:35:00+00:00,4.177170276641846
2025-11-05 03:40:00+00:00,
2025-11-05 03:45:00+00:00,4.134805917739868
2025-11-05 03:50:00+00:00,3.1115171909332275
2025-11-05 03:55:00+00:00,4.114503622055054
2025-11-05 04:00:00+00:00,4.1228485107421875
2025-11-05 04:05:00+00:00,
2025-11-05 04:10:00+00:00,
2025-11-05 04:15:00+00:00,
2025-11-05 04:20:00+00:00,
2025-11-05 04:25:00+00:00,
2025-11-05 04:30:00+00:00,
2025-11-05 04:35:00+00:00,
2025-11-05 04:40:00+00:00,
2025-11-05 04:45:00+00:00,
2025-11-05 04:50:00+00:00,
2025-11-05 04:55:00+00:00,
2025-11-05 05:00:00+00:00,
2025-11-05 05:05:00+00:00,
2025-11-05 05:10:00+00:00,
2025-11-05 05:15:00+00:00,
2025-11-05 05:20:00+00:00,
2025-11-05 05:25:00+00:00,
2025-11-05 05:30:00+00:00,
2025-11-05 05:35:00+00:00,
2025-11-05 05:40:00+00:00,
2025-11-05 05:45:00+00:00,
2025-11-05 05:50:00+00:00,
2025-11-05 05:55:00+00:00,
2025-11-05 06:00:00+00:00,
2025-11-05 06:05:00+00:00,
2025-11-05 06:10:00+00:00,
2025-11-05 06:15:00+00:00,
2025-11-05 06:20:00+00:00,
2025-11-05 06:25:00+00:00,
2025-11-05 06:30:00+00:00,
2025-11-05 06:35:00+00:00,
2025-11-05 06:40:00+00:00,
2025-11-05 06:45:00+00:00,
2025-11-05 06:50:00+00:00,
2025-11-05 06:55:00+00:00,
2025-11-05 07:00:00+00:00,
2025-11-05 07:05:00+00:00,
2025-11-05 07:10:00+00:00,
2025-11-05 07:15:00+00:00,
2025-11-05 07:20:00+00:00,
2025-11-05 07:25:00+00:00,
2025-11-05 07:30:00+00:00,
2025-11-05 07:35:00+00:00,
2025-11-05 07:40:00+00:00,
2025-11-05 07:45:00+00:00,
2025-11-05 07:50:00+00:00,
2025-11-05 07:55:00+00:00,
2025-11-05 08:00:00+00:00,
2025-11-05 08:05:00+00:00,
2025-11-05 08:10:00+00:00,
2025-11-05 08:15:00+00:00,
2025-11-05 08:20:00+00:00,
2025-11-05 08:25:00+00:00,
2025-11-05 08:30:00+00:00,
2025-11-05 08:35:00+00:00,
2025-11-05 08:40:00+00:00,
2025-11-05 08:45:00+00:00,
2025-11-05 08:50:00+00:00,
2025-11-05 08:55:00+00:00,
2025-11-05 09:00:00+00:00,
2025-11-05 09:05:00+00:00,
2025-11-05 09:10:00+00:00,
2025-11-05 09:15:00+00:00,
2025-11-05 09:20:00+00:00,
2025-11-05 09:25:00+00:00,
2025-11-05 09:30:00+00:00,
2025-11-05 09:35:00+00:00,
2025-11-05 09:40:00+00:00,
2025-11-05 09:45:00+00:00,
2025-11-05 09:50:00+00:00,
2025-11-05 09:55:00+00:00,
2025-11-05 10:00:00+00:00,
2025-11-05 10:05:00+00:00,
2025-11-05 10:10:00+00:00,
2025-11-05 10:15:00+00:00,
2025-11-05 10:20:00+00:00,
2025-11-05 10:25:00+00:00,
2025-11-05 10:30:00+00:00,
2025-11-05 10:35:00+00:00,
2025-11-05 10:40:00+00:00,
2025-11-05 10:45:00+00:00,
2025-11-05 10:50:00+00:00,
2025-11-05 10:55:00+00:00,
2025-11-05 11:00:00+00:00,
2025-11-05 11:05:00+00:00,
2025-11-05 11:10:00+00:00,
2025-11-05 11:15:00+00:00,
2025-11-05 11:20:00+00:00,
2025-11-05 11:25:00+00:00,
2025-11-05 11:30:00+00:00,
2025-11-05 11:35:00+00:00,
2025-11-05 11:40:00+00:00,
2025-11-05 11:45:00+00:00,
2025-11-05 11:50:00+00:00,
2025-11-05 11:55:00+00:00,
2025-11-05 12:00:00+00:00,
2025-11-05 12:05:00+00:00,
2025-11-05 12:10:00+00:00,
2025-11-05 12:15:00+00:00,
2025-11-05 12:20:00+00:00,
2025-11-05 12:25:00+00:00,
2025-11-05 12:30:00+00:00,
2025-11-05 12:35:00+00:00,
2025-11-05 12:40:00+00:00,
2025-11-05 12:45:00+00:00,
2025-11-05 12:50:00+00:00,
2025-11-05 12:55:00+00:00,
2025-11-05 13:00:00+00:00,
2025-11-05 13:05:00+00:00,
2025-11-05 13:10:00+00:00,
2025-11-05 13:15:00+00:00,
2025-11-05 13:20:00+00:00,
2025-11-05 13:25:00+00:00,
2025-11-05 13:30:00+00:00,
2025-11-05 13:35:00+00:00,
2025-11-05 13:40:00+00:00,
2025-11-05 13:45:00+00:00,
2025-11-05 13:50:00+00:00,
2025-11-05 13:55:00+00:00,
2025-11-05 14:00:00+00:00,
2025-11-05 14:05:00+00:00,
2025-11-05 14:10:00+00:00,
2025-11-05 14:15:00+00:00,
2025-11-05 14:20:00+00:00,
2025-11-05 14:25:00+00:00,
2025-11-05 14:30:00+00:00,
2025-11-05 14:35:00+00:00,
2025-11-05 14:40:00+00:00,
2025-11-05 14:45:00+00:00,
2025-11-05 14:50:00+00:00,
2025-11-05 14:55:00+00:00,
2025-11-05 15:00:00+00:00,
2025-11-05 15:05:00+00:00,
2025-11-05 15:10:00+00:00,
2025-11-05 15:15:00+00:00,
2025-11-05 15:20:00+00:00,
2025-11-05 15:25:00+00:00,
2025-11-05 15:30:00+00:00,
2025-11-05 15:35:00+00:00,
2025-11-05 15:40:00+00:00,
2025-11-05 15:45:00+00:00,
2025-11-05 15:50:00+00:00,
2025-11-05 15:55:00+00:00,
2025-11-05 16:00:00+00:00,
2025-11-05 16:05:00+00:00,
2025-11-05 16:10:00+00:00,
2025-11-05 16:15:00+00:00,
2025-11-05 16:20:00+00:00,
2025-11-05 16:25:00+00:00,
2025-11-05 16:30:00+00:00,
2025-11-05 16:35:00+00:00,
2025-11-05 16:40:00+00:00,
2025-11-05 16:45:00+00:00,
2025-11-05 16:50:00+00:00,
2025-11-05 16:55:00+00:00,
2025-11-05 17:00:00+00:00,
2025-11-05 17:05:00+00:00,
2025-11-05 17:10:00+00:00,
2025-11-05 17:15:00+00:00,
2025-11-05 17:20:00+00:00,
2025-11-05 17:25:00+00:00,
2025-11-05 17:30:00+00:00,
2025-11-05 17:35:00+00:00,
2025-11-05 17:40:00+00:00,
2025-11-05 17:45:00+00:00,
2025-11-05 17:50:00+00:00,
2025-11-05 17:55:00+00:00,
2025-11-05 18:00:00+00:00,
2025-11-05 18:05:00+00:00,3.1587994098663335
2025-11-05 18:10:00+00:00,
2025-11-05 18:15:00+00:00,
2025-11-05 18:20:00+00:00,
2025-11-05 18:25:00+00:00,
2025-11-05 18:30:00+00:00,
2025-11-05 18:35:00+00:00,
2025-11-05 18:40:00+00:00,
2025-11-05 18:45:00+00:00,
2025-11-05 18:50:00+00:00,
2025-11-05 18:55:00+00:00,
2025-11-05 19:00:00+00:00,
2025-11-05 19:05:00+00:00,3.1527912616729736
2025-11-05 19:10:00+00:00,
2025-11-05 19:15:00+00:00,4.390080690383911
2025-11-05 19:20:00+00:00,4.098333120346069
2025-11-05 19:25:00+00:00,4.115527868270874
2025-11-05 19:30:00+00:00,5.181932687759399
2025-11-05 19:35:00+00:00,4.162016868591309
2025-11-05 19:40:00+00:00,
2025-11-05 19:45:00+00:00,4.215157508850098
2025-11-05 19:50:00+00:00,3.2440476417541504
2025-11-05 19:55:00+00:00,3.1462135314941406
2025-11-05 20:00:00+00:00,4.162781238555908
2025-11-05 20:05:00+00:00,3.230105400085449
2025-11-05 20:10:00+00:00,
2025-11-05 20:15:00+00:00,
2025-11-05 20:20:00+00:00,
2025-11-05 20:25:00+00:00,
2025-11-05 20:30:00+00:00,
2025-11-05 20:35:00+00:00,
2025-11-05 20:40:00+00:00,
2025-11-05 20:45:00+00:00,
2025-11-05 20:50:00+00:00,
2025-11-05 20:55:00+00:00,
2025-11-05 21:00:00+00:00,
2025-11-05 21:05:00+00:00,3.2570948600769043
2025-11-05 21:10:00+00:00,4.101982355117798
2025-11-05 21:15:00+00:00,4.299292325973511
2025-11-05 21:20:00+00:00,4.256470203399658
2025-11-05 21:25:00+00:00,5.269237518310547
2025-11-05 21:30:00+00:00,5.214124917984009
2025-11-05 21:35:00+00:00,4.219704627990723
2025-11-05 21:40:00+00:00,
2025-11-05 21:45:00+00:00,4.253483057022095
2025-11-05 21:50:00+00:00,4.15254545211792
2025-11-05 21:55:00+00:00,5.33301854133606
2025-11-05 22:00:00+00:00,6.3074281215667725
2025-11-05 22:05:00+00:00,3.645224690437317
2025-11-05 22:10:00+00:00,
2025-11-05 22:15:00+00:00,
2025-11-05 22:20:00+00:00,
2025-11-05 22:25:00+00:00,
2025-11-05 22:30:00+00:00,
2025-11-05 22:35:00+00:00,
2025-11-05 22:40:00+00:00,
2025-11-05 22:45:00+00:00,
2025-11-05 22:50:00+00:00,
2025-11-05 22:55:00+00:00,
2025-11-05 23:00:00+00:00,
2025-11-05 23:05:00+00:00,2.6734780073165894
2025-11-05 23:10:00+00:00,5.226748466491699
2025-11-05 23:15:00+00:00,5.189258337020874
2025-11-05 23:20:00+00:00,5.1462931632995605
2025-11-05 23:25:00+00:00,
2025-11-05 23:30:00+00:00,4.1013503074646
2025-11-05 23:35:00+00:00,5.3486621379852295
2025-11-05 23:40:00+00:00,4.227076292037964
2025-11-05 23:45:00+00:00,5.327895641326904
2025-11-05 23:50:00+00:00,5.309483766555786
2025-11-05 23:55:00+00:00,
2025-11-06 00:00:00+00:00,4.292688369750977
2025-11-06 00:05:00+00:00,3.1497591733932495
2025-11-06 00:10:00+00:00,
2025-11-06 00:15:00+00:00,
2025-11-06 00:20:00+00:00,
2025-11-06 00:25:00+00:00,
2025-11-06 00:30:00+00:00,
2025-11-06 00:35:00+00:00,
2025-11-06 00:40:00+00:00,
2025-11-06 00:45:00+00:00,
2025-11-06 00:50:00+00:00,
2025-11-06 00:55:00+00:00,
2025-11-06 01:00:00+00:00,
2025-11-06 01:05:00+00:00,2.617142677307129
2025-11-06 01:10:00+00:00,3.17863130569458
2025-11-06 01:15:00+00:00,4.197474002838135
2025-11-06 01:20:00+00:00,4.11393666267395
2025-11-06 01:25:00+00:00,
2025-11-06 01:30:00+00:00,4.25074577331543
2025-11-06 01:35:00+00:00,4.188026189804077
2025-11-06 01:40:00+00:00,5.160728931427002
2025-11-06 01:45:00+00:00,5.278040409088135
2025-11-06 01:50:00+00:00,5.23881459236145
2025-11-06 01:55:00+00:00,
2025-11-06 02:00:00+00:00,5.302622556686401
2025-11-06 02:05:00+00:00,2.933731079101563
2025-11-06 02:10:00+00:00,
2025-11-06 02:15:00+00:00,
2025-11-06 02:20:00+00:00,
2025-11-06 02:25:00+00:00,
2025-11-06 02:30:00+00:00,
2025-11-06 02:35:00+00:00,
2025-11-06 02:40:00+00:00,
2025-11-06 02:45:00+00:00,
2025-11-06 02:50:00+00:00,
2025-11-06 02:55:00+00:00,
2025-11-06 03:00:00+00:00,
2025-11-06 03:05:00+00:00,3.1063714027404785
2025-11-06 03:10:00+00:00,
2025-11-06 03:15:00+00:00,4.304116487503052
2025-11-06 03:20:00+00:00,4.1929707527160645
2025-11-06 03:25:00+00:00,4.152177095413208
2025-11-06 03:30:00+00:00,4.220172643661499
2025-11-06 03:35:00+00:00,4.200077772140503
2025-11-06 03:40:00+00:00,
2025-11-06 03:45:00+00:00,4.187204122543335
2025-11-06 03:50:00+00:00,4.294462203979492
2025-11-06 03:55:00+00:00,5.236587047576905
2025-11-06 04:00:00+00:00,3.1749491691589355
2025-11-06 04:05:00+00:00,
2025-11-06 04:10:00+00:00,
2025-11-06 04:15:00+00:00,
2025-11-06 04:20:00+00:00,
2025-11-06 04:25:00+00:00,
2025-11-06 04:30:00+00:00,
2025-11-06 04:35:00+00:00,
2025-11-06 04:40:00+00:00,
2025-11-06 04:45:00+00:00,
2025-11-06 04:50:00+00:00,
2025-11-06 04:55:00+00:00,
2025-11-06 05:00:00+00:00,
2025-11-06 05:05:00+00:00,
2025-11-06 05:10:00+00:00,
2025-11-06 05:15:00+00:00,
2025-11-06 05:20:00+00:00,
2025-11-06 05:25:00+00:00,
2025-11-06 05:30:00+00:00,
2025-11-06 05:35:00+00:00,
2025-11-06 05:40:00+00:00,
2025-11-06 05:45:00+00:00,
2025-11-06 05:50:00+00:00,
2025-11-06 05:55:00+00:00,
2025-11-06 06:00:00+00:00,
2025-11-06 06:05:00+00:00,
2025-11-06 06:10:00+00:00,
2025-11-06 06:15:00+00:00,
2025-11-06 06:20:00+00:00,
2025-11-06 06:25:00+00:00,
2025-11-06 06:30:00+00:00,
2025-11-06 06:35:00+00:00,
2025-11-06 06:40:00+00:00,
2025-11-06 06:45:00+00:00,
2025-11-06 06:50:00+00:00,
2025-11-06 06:55:00+00:00,
2025-11-06 07:00:00+00:00,
2025-11-06 07:05:00+00:00,
2025-11-06 07:10:00+00:00,
2025-11-06 07:15:00+00:00,
2025-11-06 07:20:00+00:00,
2025-11-06 07:25:00+00:00,
2025-11-06 07:30:00+00:00,
2025-11-06 07:35:00+00:00,
2025-11-06 07:40:00+00:00,
2025-11-06 07:45:00+00:00,
2025-11-06 07:50:00+00:00,
2025-11-06 07:55:00+00:00,
2025-11-06 08:00:00+00:00,
2025-11-06 08:05:00+00:00,
2025-11-06 08:10:00+00:00,
2025-11-06 08:15:00+00:00,
2025-11-06 08:20:00+00:00,
2025-11-06 08:25:00+00:00,
2025-11-06 08:30:00+00:00,
2025-11-06 08:35:00+00:00,
2025-11-06 08:40:00+00:00,
2025-11-06 08:45:00+00:00,
2025-11-06 08:50:00+00:00,
2025-11-06 08:55:00+00:00,
2025-11-06 09:00:00+00:00,
2025-11-06 09:05:00+00:00,
2025-11-06 09:10:00+00:00,
2025-11-06 09:15:00+00:00,
2025-11-06 09:20:00+00:00,
2025-11-06 09:25:00+00:00,
2025-11-06 09:30:00+00:00,
2025-11-06 09:35:00+00:00,
2025-11-06 09:40:00+00:00,
2025-11-06 09:45:00+00:00,
2025-11-06 09:50:00+00:00,
2025-11-06 09:55:00+00:00,
2025-11-06 10:00:00+00:00,
2025-11-06 10:05:00+00:00,
2025-11-06 10:10:00+00:00,
2025-11-06 10:15:00+00:00,
2025-11-06 10:20:00+00:00,
2025-11-06 10:25:00+00:00,
2025-11-06 10:30:00+00:00,
2025-11-06 10:35:00+00:00,
2025-11-06 10:40:00+00:00,
2025-11-06 10:45:00+00:00,
2025-11-06 10:50:00+00:00,
2025-11-06 10:55:00+00:00,
2025-11-06 11:00:00+00:00,
2025-11-06 11:05:00+00:00,
2025-11-06 11:10:00+00:00,
2025-11-06 11:15:00+00:00,
2025-11-06 11:20:00+00:00,
2025-11-06 11:25:00+00:00,
2025-11-06 11:30:00+00:00,
2025-11-06 11:35:00+00:00,
2025-11-06 11:40:00+00:00,
2025-11-06 11:45:00+00:00,
2025-11-06 11:50:00+00:00,
2025-11-06 11:55:00+00:00,
2025-11-06 12:00:00+00:00,
2025-11-06 12:05:00+00:00,
2025-11-06 12:10:00+00:00,
2025-11-06 12:15:00+00:00,
2025-11-06 12:20:00+00:00,
2025-11-06 12:25:00+00:00,
2025-11-06 12:30:00+00:00,
2025-11-06 12:35:00+00:00,
2025-11-06 12:40:00+00:00,
2025-11-06 12:45:00+00:00,
2025-11-06 12:50:00+00:00,
2025-11-06 12:55:00+00:00,
2025-11-06 13:00:00+00:00,
2025-11-06 13:05:00+00:00,
2025-11-06 13:10:00+00:00,
2025-11-06 13:15:00+00:00,
2025-11-06 13:20:00+00:00,
2025-11-06 13:25:00+00:00,
2025-11-06 13:30:00+00:00,
2025-11-06 13:35:00+00:00,
2025-11-06 13:40:00+00:00,
2025-11-06 13:45:00+00:00,
2025-11-06 13:50:00+00:00,
2025-11-06 13:55:00+00:00,
2025-11-06 14:00:00+00:00,
2025-11-06 14:05:00+00:00,
2025-11-06 14:10:00+00:00,
2025-11-06 14:15:00+00:00,
2025-11-06 14:20:00+00:00,
2025-11-06 14:25:00+00:00,
2025-11-06 14:30:00+00:00,
2025-11-06 14:35:00+00:00,
2025-11-06 14:40:00+00:00,
2025-11-06 14:45:00+00:00,
2025-11-06 14:50:00+00:00,
2025-11-06 14:55:00+00:00,
2025-11-06 15:00:00+00:00,
2025-11-06 15:05:00+00:00,
2025-11-06 15:10:00+00:00,
2025-11-06 15:15:00+00:00,
2025-11-06 15:20:00+00:00,
2025-11-06 15:25:00+00:00,
2025-11-06 15:30:00+00:00,
2025-11-06 15:35:00+00:00,
2025-11-06 15:40:00+00:00,
2025-11-06 15:45:00+00:00,
2025-11-06 15:50:00+00:00,
2025-11-06 15:55:00+00:00,
2025-11-06 16:00:00+00:00,
2025-11-06 16:05:00+00:00,
2025-11-06 16:10:00+00:00,
2025-11-06 16:15:00+00:00,
2025-11-06 16:20:00+00:00,
2025-11-06 16:25:00+00:00,
2025-11-06 16:30:00+00:00,
2025-11-06 16:35:00+00:00,
2025-11-06 16:40:00+00:00,
2025-11-06 16:45:00+00:00,
2025-11-06 16:50:00+00:00,
2025-11-06 16:55:00+00:00,
2025-11-06 17:00:00+00:00,
2025-11-06 17:05:00+00:00,
2025-11-06 17:10:00+00:00,
2025-11-06 17:15:00+00:00,
2025-11-06 17:20:00+00:00,
2025-11-06 17:25:00+00:00,
2025-11-06 17:30:00+00:00,
2025-11-06 17:35:00+00:00,
2025-11-06 17:40:00+00:00,
2025-11-06 17:45:00+00:00,
2025-11-06 17:50:00+00:00,
2025-11-06 17:55:00+00:00,
2025-11-06 18:00:00+00:00,
2025-11-06 18:05:00+00:00,4.629204352696737
2025-11-06 18:10:00+00:00,
2025-11-06 18:15:00+00:00,
2025-11-06 18:20:00+00:00,
2025-11-06 18:25:00+00:00,
2025-11-06 18:30:00+00:00,
2025-11-06 18:35:00+00:00,
2025-11-06 18:40:00+00:00,
2025-11-06 18:45:00+00:00,
2025-11-06 18:50:00+00:00,
2025-11-06 18:55:00+00:00,
2025-11-06 19:00:00+00:00,
2025-11-06 19:05:00+00:00,4.1950623989105225
2025-11-06 19:10:00+00:00,
2025-11-06 19:15:00+00:00,6.265590667724609
2025-11-06 19:20:00+00:00,6.434253931045532
2025-11-06 19:25:00+00:00,6.393232345581055
2025-11-06 19:30:00+00:00,6.400756597518921
2025-11-06 19:35:00+00:00,7.514876365661621
2025-11-06 19:40:00+00:00,
2025-11-06 19:45:00+00:00,6.342716932296753
2025-11-06 19:50:00+00:00,7.468307256698608
2025-11-06 19:55:00+00:00,5.326515436172485
2025-11-06 20:00:00+00:00,7.270585536956787
2025-11-06 20:05:00+00:00,4.22160792350769
2025-11-06 20:10:00+00:00,
2025-11-06 20:15:00+00:00,
2025-11-06 20:20:00+00:00,
2025-11-06 20:25:00+00:00,
2025-11-06 20:30:00+00:00,
2025-11-06 20:35:00+00:00,
2025-11-06 20:40:00+00:00,
2025-11-06 20:45:00+00:00,
2025-11-06 20:50:00+00:00,
2025-11-06 20:55:00+00:00,
2025-11-06 21:00:00+00:00,
2025-11-06 21:05:00+00:00,3.2938761711120605
2025-11-06 21:10:00+00:00,5.2663798332214355
2025-11-06 21:15:00+00:00,5.314345121383667
2025-11-06 21:20:00+00:00,5.360757350921631
2025-11-06 21:25:00+00:00,
2025-11-06 21:30:00+00:00,5.270131349563599
2025-11-06 21:35:00+00:00,6.269982814788818
2025-11-06 21:40:00+00:00,5.228431701660157
2025-11-06 21:45:00+00:00,6.341882228851318
2025-11-06 21:50:00+00:00,5.281702756881713
2025-11-06 21:55:00+00:00,
2025-11-06 22:00:00+00:00,6.313778877258301
2025-11-06 22:05:00+00:00,6.342025279998779
2025-11-06 22:10:00+00:00,
2025-11-06 22:15:00+00:00,
2025-11-06 22:20:00+00:00,
2025-11-06 22:25:00+00:00,
2025-11-06 22:30:00+00:00,
2025-11-06 22:35:00+00:00,
2025-11-06 22:40:00+00:00,
2025-11-06 22:45:00+00:00,
2025-11-06 22:50:00+00:00,
2025-11-06 22:55:00+00:00,
2025-11-06 23:00:00+00:00,
2025-11-06 23:05:00+00:00,4.201521873474121
2025-11-06 23:10:00+00:00,4.190606117248535
2025-11-06 23:15:00+00:00,6.334644079208374
2025-11-06 23:20:00+00:00,6.212544679641723
2025-11-06 23:25:00+00:00,7.446285247802734
2025-11-06 23:30:00+00:00,7.62266993522644
2025-11-06 23:35:00+00:00,5.349282741546631
2025-11-06 23:40:00+00:00,
2025-11-06 23:45:00+00:00,5.300831079483032
2025-11-06 23:50:00+00:00,6.524239778518677
2025-11-06 23:55:00+00:00,5.337510347366333
2025-11-07 00:00:00+00:00,5.349085092544556
2025-11-07 00:05:00+00:00,4.236600160598755
2025-11-07 00:10:00+00:00,
2025-11-07 00:15:00+00:00,
2025-11-07 00:20:00+00:00,
2025-11-07 00:25:00+00:00,
2025-11-07 00:30:00+00:00,
2025-11-07 00:35:00+00:00,
2025-11-07 00:40:00+00:00,
2025-11-07 00:45:00+00:00,
2025-11-07 00:50:00+00:00,
2025-11-07 00:55:00+00:00,
2025-11-07 01:00:00+00:00,
2025-11-07 01:05:00+00:00,3.103203773498535
2025-11-07 01:10:00+00:00,
2025-11-07 01:15:00+00:00,4.246565341949463
2025-11-07 01:20:00+00:00,4.239621877670288
2025-11-07 01:25:00+00:00,4.3263185024261475
2025-11-07 01:30:00+00:00,5.402967214584351
2025-11-07 01:35:00+00:00,5.229649543762207
2025-11-07 01:40:00+00:00,
2025-11-07 01:45:00+00:00,4.245963096618652
2025-11-07 01:50:00+00:00,5.227320194244385
2025-11-07 01:55:00+00:00,5.333065032958984
2025-11-07 02:00:00+00:00,5.354318141937256
2025-11-07 02:05:00+00:00,3.231725335121155
2025-11-07 02:10:00+00:00,
2025-11-07 02:15:00+00:00,
2025-11-07 02:20:00+00:00,
2025-11-07 02:25:00+00:00,
2025-11-07 02:30:00+00:00,
2025-11-07 02:35:00+00:00,
2025-11-07 02:40:00+00:00,
2025-11-07 02:45:00+00:00,
2025-11-07 02:50:00+00:00,
2025-11-07 02:55:00+00:00,
2025-11-07 03:00:00+00:00,
2025-11-07 03:05:00+00:00,2.0948493480682373
2025-11-07 03:10:00+00:00,6.331773042678833
2025-11-07 03:15:00+00:00,6.2623069286346436
2025-11-07 03:20:00+00:00,6.333197832107544
2025-11-07 03:25:00+00:00,
2025-11-07 03:30:00+00:00,7.380859136581421
2025-11-07 03:35:00+00:00,7.254144191741943
2025-11-07 03:40:00+00:00,5.395233750343323
2025-11-07 03:45:00+00:00,7.576789855957031
2025-11-07 03:50:00+00:00,6.658053398132324
2025-11-07 03:55:00+00:00,
2025-11-07 04:00:00+00:00,7.286303520202637
2025-11-07 04:05:00+00:00,
2025-11-07 04:10:00+00:00,
2025-11-07 04:15:00+00:00,
2025-11-07 04:20:00+00:00,
2025-11-07 04:25:00+00:00,
2025-11-07 04:30:00+00:00,
2025-11-07 04:35:00+00:00,
2025-11-07 04:40:00+00:00,
2025-11-07 04:45:00+00:00,
2025-11-07 04:50:00+00:00,
2025-11-07 04:55:00+00:00,
2025-11-07 05:00:00+00:00,
2025-11-07 05:05:00+00:00,
2025-11-07 05:10:00+00:00,
2025-11-07 05:15:00+00:00,
2025-11-07 05:20:00+00:00,
2025-11-07 05:25:00+00:00,
2025-11-07 05:30:00+00:00,
2025-11-07 05:35:00+00:00,
2025-11-07 05:40:00+00:00,
2025-11-07 05:45:00+00:00,
2025-11-07 05:50:00+00:00,
2025-11-07 05:55:00+00:00,
2025-11-07 06:00:00+00:00,
2025-11-07 06:05:00+00:00,
2025-11-07 06:10:00+00:00,
2025-11-07 06:15:00+00:00,
2025-11-07 06:20:00+00:00,
2025-11-07 06:25:00+00:00,
2025-11-07 06:30:00+00:00,
2025-11-07 06:35:00+00:00,
2025-11-07 06:40:00+00:00,
2025-11-07 06:45:00+00:00,
2025-11-07 06:50:00+00:00,
2025-11-07 06:55:00+00:00,
2025-11-07 07:00:00+00:00,
2025-11-07 07:05:00+00:00,
2025-11-07 07:10:00+00:00,
2025-11-07 07:15:00+00:00,
2025-11-07 07:20:00+00:00,
2025-11-07 07:25:00+00:00,
2025-11-07 07:30:00+00:00,
2025-11-07 07:35:00+00:00,
2025-11-07 07:40:00+00:00,
2025-11-07 07:45:00+00:00,
2025-11-07 07:50:00+00:00,
2025-11-07 07:55:00+00:00,
2025-11-07 08:00:00+00:00,
2025-11-07 08:05:00+00:00,
2025-11-07 08:10:00+00:00,
2025-11-07 08:15:00+00:00,
2025-11-07 08:20:00+00:00,
2025-11-07 08:25:00+00:00,
2025-11-07 08:30:00+00:00,
2025-11-07 08:35:00+00:00,
2025-11-07 08:40:00+00:00,
2025-11-07 08:45:00+00:00,
2025-11-07 08:50:00+00:00,
2025-11-07 08:55:00+00:00,
2025-11-07 09:00:00+00:00,
2025-11-07 09:05:00+00:00,
2025-11-07 09:10:00+00:00,
2025-11-07 09:15:00+00:00,
2025-11-07 09:20:00+00:00,
2025-11-07 09:25:00+00:00,
2025-11-07 09:30:00+00:00,
2025-11-07 09:35:00+00:00,
2025-11-07 09:40:00+00:00,
2025-11-07 09:45:00+00:00,
2025-11-07 09:50:00+00:00,
2025-11-07 09:55:00+00:00,
2025-11-07 10:00:00+00:00,
2025-11-07 10:05:00+00:00,
2025-11-07 10:10:00+00:00,
2025-11-07 10:15:00+00:00,
2025-11-07 10:20:00+00:00,
2025-11-07 10:25:00+00:00,
2025-11-07 10:30:00+00:00,
2025-11-07 10:35:00+00:00,
2025-11-07 10:40:00+00:00,
2025-11-07 10:45:00+00:00,
2025-11-07 10:50:00+00:00,
2025-11-07 10:55:00+00:00,
2025-11-07 11:00:00+00:00,
2025-11-07 11:05:00+00:00,
2025-11-07 11:10:00+00:00,
2025-11-07 11:15:00+00:00,
2025-11-07 11:20:00+00:00,
2025-11-07 11:25:00+00:00,
2025-11-07 11:30:00+00:00,
2025-11-07 11:35:00+00:00,
2025-11-07 11:40:00+00:00,
2025-11-07 11:45:00+00:00,
2025-11-07 11:50:00+00:00,
2025-11-07 11:55:00+00:00,
2025-11-07 12:00:00+00:00,
2025-11-07 12:05:00+00:00,
2025-11-07 12:10:00+00:00,
2025-11-07 12:15:00+00:00,
2025-11-07 12:20:00+00:00,
2025-11-07 12:25:00+00:00,
2025-11-07 12:30:00+00:00,
2025-11-07 12:35:00+00:00,
2025-11-07 12:40:00+00:00,
2025-11-07 12:45:00+00:00,
2025-11-07 12:50:00+00:00,
2025-11-07 12:55:00+00:00,
2025-11-07 13:00:00+00:00,
2025-11-07 13:05:00+00:00,
2025-11-07 13:10:00+00:00,
2025-11-07 13:15:00+00:00,
2025-11-07 13:20:00+00:00,
2025-11-07 13:25:00+00:00,
2025-11-07 13:30:00+00:00,
2025-11-07 13:35:00+00:00,
2025-11-07 13:40:00+00:00,
2025-11-07 13:45:00+00:00,
2025-11-07 13:50:00+00:00,
2025-11-07 13:55:00+00:00,
2025-11-07 14:00:00+00:00,
2025-11-07 14:05:00+00:00,
2025-11-07 14:10:00+00:00,
2025-11-07 14:15:00+00:00,
2025-11-07 14:20:00+00:00,
2025-11-07 14:25:00+00:00,
2025-11-07 14:30:00+00:00,
2025-11-07 14:35:00+00:00,
2025-11-07 14:40:00+00:00,
2025-11-07 14:45:00+00:00,
2025-11-07 14:50:00+00:00,
2025-11-07 14:55:00+00:00,
2025-11-07 15:00:00+00:00,
2025-11-07 15:05:00+00:00,
2025-11-07 15:10:00+00:00,
2025-11-07 15:15:00+00:00,
2025-11-07 15:20:00+00:00,
2025-11-07 15:25:00+00:00,
2025-11-07 15:30:00+00:00,
2025-11-07 15:35:00+00:00,
2025-11-07 15:40:00+00:00,
2025-11-07 15:45:00+00:00,
2025-11-07 15:50:00+00:00,
2025-11-07 15:55:00+00:00,
2025-11-07 16:00:00+00:00,
2025-11-07 16:05:00+00:00,
2025-11-07 16:10:00+00:00,
2025-11-07 16:15:00+00:00,
2025-11-07 16:20:00+00:00,
2025-11-07 16:25:00+00:00,
2025-11-07 16:30:00+00:00,
2025-11-07 16:35:00+00:00,
2025-11-07 16:40:00+00:00,
2025-11-07 16:45:00+00:00,
2025-11-07 16:50:00+00:00,
2025-11-07 16:55:00+00:00,
2025-11-07 17:00:00+00:00,
2025-11-07 17:05:00+00:00,
2025-11-07 17:10:00+00:00,
2025-11-07 17:15:00+00:00,
2025-11-07 17:20:00+00:00,
2025-11-07 17:25:00+00:00,
2025-11-07 17:30:00+00:00,
2025-11-07 17:35:00+00:00,
2025-11-07 17:40:00+00:00,
2025-11-07 17:45:00+00:00,
2025-11-07 17:50:00+00:00,
2025-11-07 17:55:00+00:00,
2025-11-07 18:00:00+00:00,
2025-11-07 18:05:00+00:00,4.268938382466634
2025-11-07 18:10:00+00:00,
2025-11-07 18:15:00+00:00,
2025-11-07 18:20:00+00:00,
2025-11-07 18:25:00+00:00,
2025-11-07 18:30:00+00:00,
2025-11-07 18:35:00+00:00,
2025-11-07 18:40:00+00:00,
2025-11-07 18:45:00+00:00,
2025-11-07 18:50:00+00:00,
2025-11-07 18:55:00+00:00,
2025-11-07 19:00:00+00:00,
2025-11-07 19:05:00+00:00,8.384915351867676
2025-11-07 19:10:00+00:00,4.24131178855896
2025-11-07 19:15:00+00:00,7.35885214805603
2025-11-07 19:20:00+00:00,6.541461706161499
2025-11-07 19:25:00+00:00,6.6260974407196045
2025-11-07 19:30:00+00:00,6.284887790679932
2025-11-07 19:35:00+00:00,7.437600374221802
2025-11-07 19:40:00+00:00,
2025-11-07 19:45:00+00:00,3.829767823219299
2025-11-07 19:50:00+00:00,6.360248804092407
2025-11-07 19:55:00+00:00,6.555859088897705
2025-11-07 20:00:00+00:00,6.29736852645874
2025-11-07 20:05:00+00:00,2.1585662364959717
2025-11-07 20:10:00+00:00,
2025-11-07 20:15:00+00:00,
2025-11-07 20:20:00+00:00,
2025-11-07 20:25:00+00:00,
2025-11-07 20:30:00+00:00,
2025-11-07 20:35:00+00:00,
2025-11-07 20:40:00+00:00,
2025-11-07 20:45:00+00:00,
2025-11-07 20:50:00+00:00,
2025-11-07 20:55:00+00:00,
2025-11-07 21:00:00+00:00,
2025-11-07 21:05:00+00:00,2.302027463912964
2025-11-07 21:10:00+00:00,
2025-11-07 21:15:00+00:00,7.476976633071899
2025-11-07 21:20:00+00:00,7.446955919265747
2025-11-07 21:25:00+00:00,5.292425155639648
2025-11-07 21:30:00+00:00,7.5715720653533936
2025-11-07 21:35:00+00:00,4.303456902503967
2025-11-07 21:40:00+00:00,
2025-11-07 21:45:00+00:00,6.7978596687316895
2025-11-07 21:50:00+00:00,7.6227827072143555
2025-11-07 21:55:00+00:00,5.312044143676758
2025-11-07 22:00:00+00:00,4.262950539588928
2025-11-07 22:05:00+00:00,5.356125116348267
2025-11-07 22:10:00+00:00,
2025-11-07 22:15:00+00:00,
2025-11-07 22:20:00+00:00,
2025-11-07 22:25:00+00:00,
2025-11-07 22:30:00+00:00,
2025-11-07 22:35:00+00:00,
2025-11-07 22:40:00+00:00,
2025-11-07 22:45:00+00:00,
2025-11-07 22:50:00+00:00,
2025-11-07 22:55:00+00:00,
2025-11-07 23:00:00+00:00,
2025-11-07 23:05:00+00:00,5.360741019248962
2025-11-07 23:10:00+00:00,6.247197151184082
2025-11-07 23:15:00+00:00,7.292049884796143
2025-11-07 23:20:00+00:00,7.282516241073608
2025-11-07 23:25:00+00:00,
2025-11-07 23:30:00+00:00,6.3402862548828125
2025-11-07 23:35:00+00:00,7.615782260894775
2025-11-07 23:40:00+00:00,7.508123159408569
2025-11-07 23:45:00+00:00,7.528672218322754
2025-11-07 23:50:00+00:00,7.474490642547607
2025-11-07 23:55:00+00:00,
2025-11-08 00:00:00+00:00,8.53859257698059
2025-11-08 00:05:00+00:00,4.162589430809021
2025-11-08 00:10:00+00:00,
2025-11-08 00:15:00+00:00,
2025-11-08 00:20:00+00:00,
2025-11-08 00:25:00+00:00,
2025-11-08 00:30:00+00:00,
2025-11-08 00:35:00+00:00,
2025-11-08 00:40:00+00:00,
2025-11-08 00:45:00+00:00,
2025-11-08 00:50:00+00:00,
2025-11-08 00:55:00+00:00,
2025-11-08 01:00:00+00:00,
2025-11-08 01:05:00+00:00,2.1860177516937256
2025-11-08 01:10:00+00:00,
2025-11-08 01:15:00+00:00,7.352087497711182
2025-11-08 01:20:00+00:00,6.47969913482666
2025-11-08 01:25:00+00:00,8.648947477340698
2025-11-08 01:30:00+00:00,6.294164419174194
2025-11-08 01:35:00+00:00,5.299042701721191
2025-11-08 01:40:00+00:00,
2025-11-08 01:45:00+00:00,6.478128910064697
2025-11-08 01:50:00+00:00,6.382910251617432
2025-11-08 01:55:00+00:00,5.430101871490478
2025-11-08 02:00:00+00:00,5.244675397872925
2025-11-08 02:05:00+00:00,3.7294095754623413
2025-11-08 02:10:00+00:00,
2025-11-08 02:15:00+00:00,
2025-11-08 02:20:00+00:00,
2025-11-08 02:25:00+00:00,
2025-11-08 02:30:00+00:00,
2025-11-08 02:35:00+00:00,
2025-11-08 02:40:00+00:00,
2025-11-08 02:45:00+00:00,
2025-11-08 02:50:00+00:00,
2025-11-08 02:55:00+00:00,
2025-11-08 03:00:00+00:00,
2025-11-08 03:05:00+00:00,5.162216901779175
2025-11-08 03:10:00+00:00,
2025-11-08 03:15:00+00:00,6.238499164581299
2025-11-08 03:20:00+00:00,5.209764003753662
2025-11-08 03:25:00+00:00,4.699401617050171
2025-11-08 03:30:00+00:00,6.3004820346832275
2025-11-08 03:35:00+00:00,7.259016990661621
2025-11-08 03:40:00+00:00,
2025-11-08 03:45:00+00:00,4.128272175788879
2025-11-08 03:50:00+00:00,7.3248207569122314
2025-11-08 03:55:00+00:00,6.383509874343873
2025-11-08 04:00:00+00:00,6.253060579299927
2025-11-08 04:05:00+00:00,4.7203590869903564
2025-11-08 04:10:00+00:00,
2025-11-08 04:15:00+00:00,
2025-11-08 04:20:00+00:00,
2025-11-08 04:25:00+00:00,
2025-11-08 04:30:00+00:00,
2025-11-08 04:35:00+00:00,
2025-11-08 04:40:00+00:00,
2025-11-08 04:45:00+00:00,
2025-11-08 04:50:00+00:00,
2025-11-08 04:55:00+00:00,
2025-11-08 05:00:00+00:00,
2025-11-08 05:05:00+00:00,3.3230204582214355
2025-11-08 05:10:00+00:00,
2025-11-08 05:15:00+00:00,7.434115886688232
2025-11-08 05:20:00+00:00,6.292342901229858
2025-11-08 05:25:00+00:00,5.328827381134033
2025-11-08 05:30:00+00:00,6.333476781845093
2025-11-08 05:35:00+00:00,7.291079759597778
2025-11-08 05:40:00+00:00,
2025-11-08 05:45:00+00:00,7.35626745223999
2025-11-08 05:50:00+00:00,5.264955043792725
2025-11-08 05:55:00+00:00,4.198574542999268
2025-11-08 06:00:00+00:00,5.213494777679443
2025-11-08 06:05:00+00:00,3.0885664224624634
2025-11-08 06:10:00+00:00,
2025-11-08 06:15:00+00:00,
2025-11-08 06:20:00+00:00,
2025-11-08 06:25:00+00:00,
2025-11-08 06:30:00+00:00,
2025-11-08 06:35:00+00:00,
2025-11-08 06:40:00+00:00,
2025-11-08 06:45:00+00:00,
2025-11-08 06:50:00+00:00,
2025-11-08 06:55:00+00:00,
2025-11-08 07:00:00+00:00,
2025-11-08 07:05:00+00:00,3.322498321533203
2025-11-08 07:10:00+00:00,6.367125988006592
2025-11-08 07:15:00+00:00,5.389583110809326
2025-11-08 07:20:00+00:00,5.2318503856658936
2025-11-08 07:25:00+00:00,
2025-11-08 07:30:00+00:00,5.118387460708618
2025-11-08 07:35:00+00:00,7.391496896743774
2025-11-08 07:40:00+00:00,4.1517603397369385
2025-11-08 07:45:00+00:00,4.2452991008758545
2025-11-08 07:50:00+00:00,5.138145923614502
2025-11-08 07:55:00+00:00,
2025-11-08 08:00:00+00:00,6.354166507720947
2025-11-08 08:05:00+00:00,4.583458423614502
2025-11-08 08:10:00+00:00,
2025-11-08 08:15:00+00:00,
2025-11-08 08:20:00+00:00,
2025-11-08 08:25:00+00:00,
2025-11-08 08:30:00+00:00,
2025-11-08 08:35:00+00:00,
2025-11-08 08:40:00+00:00,
2025-11-08 08:45:00+00:00,
2025-11-08 08:50:00+00:00,
2025-11-08 08:55:00+00:00,
2025-11-08 09:00:00+00:00,
2025-11-08 09:05:00+00:00,4.201122999191284
2025-11-08 09:10:00+00:00,4.265850305557251
2025-11-08 09:15:00+00:00,6.557508945465088
2025-11-08 09:20:00+00:00,6.3440937995910645
2025-11-08 09:25:00+00:00,4.711776256561279
2025-11-08 09:30:00+00:00,4.245959758758545
2025-11-08 09:35:00+00:00,6.2323408126831055
2025-11-08 09:40:00+00:00,
2025-11-08 09:45:00+00:00,6.38657546043396
2025-11-08 09:50:00+00:00,6.42005467414856
2025-11-08 09:55:00+00:00,6.270397901535034
2025-11-08 10:00:00+00:00,6.260982275009155
2025-11-08 10:05:00+00:00,3.212421417236328
2025-11-08 10:10:00+00:00,
2025-11-08 10:15:00+00:00,
2025-11-08 10:20:00+00:00,
2025-11-08 10:25:00+00:00,
2025-11-08 10:30:00+00:00,
2025-11-08 10:35:00+00:00,
2025-11-08 10:40:00+00:00,
2025-11-08 10:45:00+00:00,
2025-11-08 10:50:00+00:00,
2025-11-08 10:55:00+00:00,
2025-11-08 11:00:00+00:00,
2025-11-08 11:05:00+00:00,2.237058877944946
2025-11-08 11:10:00+00:00,3.1877596378326416
2025-11-08 11:15:00+00:00,6.249159574508667
2025-11-08 11:20:00+00:00,6.325506210327148
2025-11-08 11:25:00+00:00,6.46359395980835
2025-11-08 11:30:00+00:00,5.311554670333862
2025-11-08 11:35:00+00:00,6.402342796325684
2025-11-08 11:40:00+00:00,
2025-11-08 11:45:00+00:00,4.293311834335327
2025-11-08 11:50:00+00:00,3.82920241355896
2025-11-08 11:55:00+00:00,2.119718313217163
2025-11-08 12:00:00+00:00,2.1410317420959473
2025-11-08 12:05:00+00:00,3.1747734546661377
2025-11-08 12:10:00+00:00,
2025-11-08 12:15:00+00:00,
2025-11-08 12:20:00+00:00,
2025-11-08 12:25:00+00:00,
2025-11-08 12:30:00+00:00,
2025-11-08 12:35:00+00:00,
2025-11-08 12:40:00+00:00,
2025-11-08 12:45:00+00:00,
2025-11-08 12:50:00+00:00,
2025-11-08 12:55:00+00:00,
2025-11-08 13:00:00+00:00,
2025-11-08 13:05:00+00:00,4.1134374141693115
2025-11-08 13:10:00+00:00,
2025-11-08 13:15:00+00:00,7.394350051879883
2025-11-08 13:20:00+00:00,5.411661148071289
2025-11-08 13:25:00+00:00,3.2346224784851074
2025-11-08 13:30:00+00:00,7.355412721633911
2025-11-08 13:35:00+00:00,7.340033054351807
2025-11-08 13:40:00+00:00,
2025-11-08 13:45:00+00:00,7.516779899597168
2025-11-08 13:50:00+00:00,7.528900623321533
2025-11-08 13:55:00+00:00,7.426680088043213
2025-11-08 14:00:00+00:00,5.214249849319458
2025-11-08 14:05:00+00:00,3.6913900375366215
2025-11-08 14:10:00+00:00,
2025-11-08 14:15:00+00:00,
2025-11-08 14:20:00+00:00,
2025-11-08 14:25:00+00:00,
2025-11-08 14:30:00+00:00,
2025-11-08 14:35:00+00:00,
2025-11-08 14:40:00+00:00,
2025-11-08 14:45:00+00:00,
2025-11-08 14:50:00+00:00,
2025-11-08 14:55:00+00:00,
2025-11-08 15:00:00+00:00,
2025-11-08 15:05:00+00:00,2.770803769429525
2025-11-08 15:10:00+00:00,6.33003568649292
2025-11-08 15:15:00+00:00,5.313836216926575
2025-11-08 15:20:00+00:00,5.3745527267456055
2025-11-08 15:25:00+00:00,
2025-11-08 15:30:00+00:00,6.385090589523315
2025-11-08 15:35:00+00:00,7.216578483581543
2025-11-08 15:40:00+00:00,2.1657724380493164
2025-11-08 15:45:00+00:00,7.378260135650635
2025-11-08 15:50:00+00:00,6.418900012969971
2025-11-08 15:55:00+00:00,
2025-11-08 16:00:00+00:00,4.857129216194153
2025-11-08 16:05:00+00:00,2.7515389919281006
2025-11-08 16:10:00+00:00,
2025-11-08 16:15:00+00:00,
2025-11-08 16:20:00+00:00,
2025-11-08 16:25:00+00:00,
2025-11-08 16:30:00+00:00,
2025-11-08 16:35:00+00:00,
2025-11-08 16:40:00+00:00,
2025-11-08 16:45:00+00:00,
2025-11-08 16:50:00+00:00,
2025-11-08 16:55:00+00:00,
2025-11-08 17:00:00+00:00,
2025-11-08 17:05:00+00:00,4.547214984893799
2025-11-08 17:10:00+00:00,3.2218451499938965
2025-11-08 17:15:00+00:00,6.3886878490448
2025-11-08 17:20:00+00:00,6.197343587875366
2025-11-08 17:25:00+00:00,6.4509594440460205
2025-11-08 17:30:00+00:00,2.1699271202087402
2025-11-08 17:35:00+00:00,2.1183698177337646
2025-11-08 17:40:00+00:00,
2025-11-08 17:45:00+00:00,5.378223657608032
2025-11-08 17:50:00+00:00,6.1765310764312735
2025-11-08 17:55:00+00:00,4.263951301574707
2025-11-08 18:00:00+00:00,3.2168602943420406
2025-11-08 18:05:00+00:00,4.649120450019836
2025-11-08 18:10:00+00:00,
2025-11-08 18:15:00+00:00,
2025-11-08 18:20:00+00:00,
2025-11-08 18:25:00+00:00,
2025-11-08 18:30:00+00:00,
2025-11-08 18:35:00+00:00,
2025-11-08 18:40:00+00:00,
2025-11-08 18:45:00+00:00,
2025-11-08 18:50:00+00:00,
2025-11-08 18:55:00+00:00,
2025-11-08 19:00:00+00:00,
2025-11-08 19:05:00+00:00,3.224609851837158
2025-11-08 19:10:00+00:00,3.1726508140563965
2025-11-08 19:15:00+00:00,6.254361152648926
2025-11-08 19:20:00+00:00,5.42021369934082
2025-11-08 19:25:00+00:00,4.298651099205017
2025-11-08 19:30:00+00:00,5.252203464508057
2025-11-08 19:35:00+00:00,6.331001043319702
2025-11-08 19:40:00+00:00,
2025-11-08 19:45:00+00:00,6.478434562683106
2025-11-08 19:50:00+00:00,5.256900787353515
2025-11-08 19:55:00+00:00,5.365323305130005
2025-11-08 20:00:00+00:00,8.34215521812439
2025-11-08 20:05:00+00:00,2.2331764698028564
2025-11-08 20:10:00+00:00,
2025-11-08 20:15:00+00:00,
2025-11-08 20:20:00+00:00,
2025-11-08 20:25:00+00:00,
2025-11-08 20:30:00+00:00,
2025-11-08 20:35:00+00:00,
2025-11-08 20:40:00+00:00,
2025-11-08 20:45:00+00:00,
2025-11-08 20:50:00+00:00,
2025-11-08 20:55:00+00:00,
2025-11-08 21:00:00+00:00,
2025-11-08 21:05:00+00:00,4.241513729095459
2025-11-08 21:10:00+00:00,
2025-11-08 21:15:00+00:00,5.2611329555511475
2025-11-08 21:20:00+00:00,3.22453236579895
2025-11-08 21:25:00+00:00,7.278417348861694
2025-11-08 21:30:00+00:00,6.485891103744507
2025-11-08 21:35:00+00:00,6.382099390029907
2025-11-08 21:40:00+00:00,
2025-11-08 21:45:00+00:00,6.155325412750244
2025-11-08 21:50:00+00:00,5.379787921905518
2025-11-08 21:55:00+00:00,7.423638343811035
2025-11-08 22:00:00+00:00,7.260437488555908
2025-11-08 22:05:00+00:00,4.724066734313965
2025-11-08 22:10:00+00:00,
2025-11-08 22:15:00+00:00,
2025-11-08 22:20:00+00:00,
2025-11-08 22:25:00+00:00,
2025-11-08 22:30:00+00:00,
2025-11-08 22:35:00+00:00,
2025-11-08 22:40:00+00:00,
2025-11-08 22:45:00+00:00,
2025-11-08 22:50:00+00:00,
2025-11-08 22:55:00+00:00,
2025-11-08 23:00:00+00:00,
2025-11-08 23:05:00+00:00,4.232236623764038
2025-11-08 23:10:00+00:00,4.161465406417847
2025-11-08 23:15:00+00:00,3.2557270526885986
2025-11-08 23:20:00+00:00,5.169151544570923
2025-11-08 23:25:00+00:00,6.2721474170684814
2025-11-08 23:30:00+00:00,7.174323320388794
2025-11-08 23:35:00+00:00,7.349332571029663
2025-11-08 23:40:00+00:00,
2025-11-08 23:45:00+00:00,7.34411883354187
2025-11-08 23:50:00+00:00,6.342684268951416
2025-11-08 23:55:00+00:00,5.458144903182983
2025-11-09 00:00:00+00:00,6.325852632522583
2025-11-09 00:05:00+00:00,3.2478973865509033
2025-11-09 00:10:00+00:00,
2025-11-09 00:15:00+00:00,
2025-11-09 00:20:00+00:00,
2025-11-09 00:25:00+00:00,
2025-11-09 00:30:00+00:00,
2025-11-09 00:35:00+00:00,
2025-11-09 00:40:00+00:00,
2025-11-09 00:45:00+00:00,
2025-11-09 00:50:00+00:00,
2025-11-09 00:55:00+00:00,
2025-11-09 01:00:00+00:00,
2025-11-09 01:05:00+00:00,2.2347617149353027
2025-11-09 01:10:00+00:00,
2025-11-09 01:15:00+00:00,6.397195100784302
2025-11-09 01:20:00+00:00,6.2586493492126465
2025-11-09 01:25:00+00:00,5.433776140213014
2025-11-09 01:30:00+00:00,2.341920852661133
2025-11-09 01:35:00+00:00,6.587479829788208
2025-11-09 01:40:00+00:00,
2025-11-09 01:45:00+00:00,6.467080116271973
2025-11-09 01:50:00+00:00,5.275665760040283
2025-11-09 01:55:00+00:00,4.3033283948898315
2025-11-09 02:00:00+00:00,6.351343631744385
2025-11-09 02:05:00+00:00,3.182742714881897
2025-11-09 02:10:00+00:00,
2025-11-09 02:15:00+00:00,
2025-11-09 02:20:00+00:00,
2025-11-09 02:25:00+00:00,
2025-11-09 02:30:00+00:00,
2025-11-09 02:35:00+00:00,
2025-11-09 02:40:00+00:00,
2025-11-09 02:45:00+00:00,
2025-11-09 02:50:00+00:00,
2025-11-09 02:55:00+00:00,
2025-11-09 03:00:00+00:00,
2025-11-09 03:05:00+00:00,2.7522350549697876
2025-11-09 03:10:00+00:00,5.274068593978882
2025-11-09 03:15:00+00:00,5.363531589508057
2025-11-09 03:20:00+00:00,3.1269938945770264
2025-11-09 03:25:00+00:00,
2025-11-09 03:30:00+00:00,2.1563498973846436
2025-11-09 03:35:00+00:00,3.3110029697418213
2025-11-09 03:40:00+00:00,3.1185455322265625
2025-11-09 03:45:00+00:00,3.169827699661255
2025-11-09 03:50:00+00:00,3.210263729095459
2025-11-09 03:55:00+00:00,
2025-11-09 04:00:00+00:00,2.1134488582611084
2025-11-09 04:05:00+00:00,2.720553994178772
2025-11-09 04:10:00+00:00,
2025-11-09 04:15:00+00:00,
2025-11-09 04:20:00+00:00,
2025-11-09 04:25:00+00:00,
2025-11-09 04:30:00+00:00,
2025-11-09 04:35:00+00:00,
2025-11-09 04:40:00+00:00,
2025-11-09 04:45:00+00:00,
2025-11-09 04:50:00+00:00,
2025-11-09 04:55:00+00:00,
2025-11-09 05:00:00+00:00,
2025-11-09 05:05:00+00:00,3.1571788787841797
2025-11-09 05:10:00+00:00,
2025-11-09 05:15:00+00:00,3.1490073204040527
2025-11-09 05:20:00+00:00,7.397186517715455
2025-11-09 05:25:00+00:00,2.1652307510375977
2025-11-09 05:30:00+00:00,2.1723153591156006
2025-11-09 05:35:00+00:00,6.330848932266236
2025-11-09 05:40:00+00:00,
2025-11-09 05:45:00+00:00,2.15997314453125
2025-11-09 05:50:00+00:00,2.1148123741149902
2025-11-09 05:55:00+00:00,3.4845218658447266
2025-11-09 06:00:00+00:00,4.276462078094482
2025-11-09 06:05:00+00:00,3.68548321723938
2025-11-09 06:10:00+00:00,
2025-11-09 06:15:00+00:00,
2025-11-09 06:20:00+00:00,
2025-11-09 06:25:00+00:00,
2025-11-09 06:30:00+00:00,
2025-11-09 06:35:00+00:00,
2025-11-09 06:40:00+00:00,
2025-11-09 06:45:00+00:00,
2025-11-09 06:50:00+00:00,
2025-11-09 06:55:00+00:00,
2025-11-09 07:00:00+00:00,
2025-11-09 07:05:00+00:00,2.0785295963287354
2025-11-09 07:10:00+00:00,6.507472991943359
2025-11-09 07:15:00+00:00,6.379773378372193
2025-11-09 07:20:00+00:00,3.289023876190185
2025-11-09 07:25:00+00:00,
2025-11-09 07:30:00+00:00,7.313565015792847
2025-11-09 07:35:00+00:00,3.141002893447876
2025-11-09 07:40:00+00:00,7.436220169067383
2025-11-09 07:45:00+00:00,6.292366981506348
2025-11-09 07:50:00+00:00,2.155679225921631
2025-11-09 07:55:00+00:00,
2025-11-09 08:00:00+00:00,6.254934787750244
2025-11-09 08:05:00+00:00,3.15888774394989
2025-11-09 08:10:00+00:00,
2025-11-09 08:15:00+00:00,
2025-11-09 08:20:00+00:00,
2025-11-09 08:25:00+00:00,
2025-11-09 08:30:00+00:00,
2025-11-09 08:35:00+00:00,
2025-11-09 08:40:00+00:00,
2025-11-09 08:45:00+00:00,
2025-11-09 08:50:00+00:00,
2025-11-09 08:55:00+00:00,
2025-11-09 09:00:00+00:00,
2025-11-09 09:05:00+00:00,3.8012806177139282
2025-11-09 09:10:00+00:00,
2025-11-09 09:15:00+00:00,3.3800425529479976
2025-11-09 09:20:00+00:00,3.1770682334899902
2025-11-09 09:25:00+00:00,2.1866352558135986
2025-11-09 09:30:00+00:00,5.135114431381226
2025-11-09 09:35:00+00:00,4.326878547668457
2025-11-09 09:40:00+00:00,
2025-11-09 09:45:00+00:00,6.205777883529663
2025-11-09 09:50:00+00:00,4.712848901748657
2025-11-09 09:55:00+00:00,3.2483818531036377
2025-11-09 10:00:00+00:00,3.1001231670379634
2025-11-09 10:05:00+00:00,3.1240015029907227
2025-11-09 10:10:00+00:00,
2025-11-09 10:15:00+00:00,
2025-11-09 10:20:00+00:00,
2025-11-09 10:25:00+00:00,
2025-11-09 10:30:00+00:00,
2025-11-09 10:35:00+00:00,
2025-11-09 10:40:00+00:00,
2025-11-09 10:45:00+00:00,
2025-11-09 10:50:00+00:00,
2025-11-09 10:55:00+00:00,
2025-11-09 11:00:00+00:00,
2025-11-09 11:05:00+00:00,2.1832468509674072
2025-11-09 11:10:00+00:00,2.1952297687530518
2025-11-09 11:15:00+00:00,2.2367331981658936
2025-11-09 11:20:00+00:00,2.225588321685791
2025-11-09 11:25:00+00:00,
2025-11-09 11:30:00+00:00,3.185971736907959
2025-11-09 11:35:00+00:00,5.2144694328308105
2025-11-09 11:40:00+00:00,2.106184482574463
2025-11-09 11:45:00+00:00,2.11234188079834
2025-11-09 11:50:00+00:00,3.2620341777801514
2025-11-09 11:55:00+00:00,
2025-11-09 12:00:00+00:00,3.236702919006347
2025-11-09 12:05:00+00:00,3.2196148633956914
2025-11-09 12:10:00+00:00,
2025-11-09 12:15:00+00:00,
2025-11-09 12:20:00+00:00,
2025-11-09 12:25:00+00:00,
2025-11-09 12:30:00+00:00,
2025-11-09 12:35:00+00:00,
2025-11-09 12:40:00+00:00,
2025-11-09 12:45:00+00:00,
2025-11-09 12:50:00+00:00,
2025-11-09 12:55:00+00:00,
2025-11-09 13:00:00+00:00,
2025-11-09 13:05:00+00:00,2.3192107677459712
2025-11-09 13:10:00+00:00,
2025-11-09 13:15:00+00:00,5.28245735168457
2025-11-09 13:20:00+00:00,3.388903856277466
2025-11-09 13:25:00+00:00,2.116074562072754
2025-11-09 13:30:00+00:00,2.0647382736206055
2025-11-09 13:35:00+00:00,3.1586873531341553
2025-11-09 13:40:00+00:00,
2025-11-09 13:45:00+00:00,3.2835066318511963
2025-11-09 13:50:00+00:00,3.1908156871795654
2025-11-09 13:55:00+00:00,3.2108397483825684
2025-11-09 14:00:00+00:00,3.0780482292175293
2025-11-09 14:05:00+00:00,4.186548709869385
2025-11-09 14:10:00+00:00,
2025-11-09 14:15:00+00:00,
2025-11-09 14:20:00+00:00,
2025-11-09 14:25:00+00:00,
2025-11-09 14:30:00+00:00,
2025-11-09 14:35:00+00:00,
2025-11-09 14:40:00+00:00,
2025-11-09 14:45:00+00:00,
2025-11-09 14:50:00+00:00,
2025-11-09 14:55:00+00:00,
2025-11-09 15:00:00+00:00,
2025-11-09 15:05:00+00:00,2.095382332801819
2025-11-09 15:10:00+00:00,2.30008339881897
2025-11-09 15:15:00+00:00,2.1161422729492188
2025-11-09 15:20:00+00:00,7.514435291290283
2025-11-09 15:25:00+00:00,
2025-11-09 15:30:00+00:00,3.204373359680176
2025-11-09 15:35:00+00:00,4.3265063762664795
2025-11-09 15:40:00+00:00,2.2066683769226074
2025-11-09 15:45:00+00:00,3.122621536254883
2025-11-09 15:50:00+00:00,2.336156129837036
2025-11-09 15:55:00+00:00,
2025-11-09 16:00:00+00:00,2.158360481262207
2025-11-09 16:05:00+00:00,2.6915053129196167
2025-11-09 16:10:00+00:00,
2025-11-09 16:15:00+00:00,
2025-11-09 16:20:00+00:00,
2025-11-09 16:25:00+00:00,
2025-11-09 16:30:00+00:00,
2025-11-09 16:35:00+00:00,
2025-11-09 16:40:00+00:00,
2025-11-09 16:45:00+00:00,
2025-11-09 16:50:00+00:00,
2025-11-09 16:55:00+00:00,
2025-11-09 17:00:00+00:00,
2025-11-09 17:05:00+00:00,3.2492072582244877
2025-11-09 17:10:00+00:00,2.1661794185638428
2025-11-09 17:15:00+00:00,2.120605707168579
2025-11-09 17:20:00+00:00,2.172621488571167
2025-11-09 17:25:00+00:00,4.372960686683655
2025-11-09 17:30:00+00:00,2.1930201053619385
2025-11-09 17:35:00+00:00,2.1644508838653564
2025-11-09 17:40:00+00:00,
2025-11-09 17:45:00+00:00,2.1213042736053467
2025-11-09 17:50:00+00:00,2.190145969390869
2025-11-09 17:55:00+00:00,2.1957170963287354
2025-11-09 18:00:00+00:00,3.263496160507202
2025-11-09 18:05:00+00:00,3.1344878673553467
2025-11-09 18:10:00+00:00,
2025-11-09 18:15:00+00:00,
2025-11-09 18:20:00+00:00,
2025-11-09 18:25:00+00:00,
2025-11-09 18:30:00+00:00,
2025-11-09 18:35:00+00:00,
2025-11-09 18:40:00+00:00,
2025-11-09 18:45:00+00:00,
2025-11-09 18:50:00+00:00,
2025-11-09 18:55:00+00:00,
2025-11-09 19:00:00+00:00,
2025-11-09 19:05:00+00:00,4.2248375415802
2025-11-09 19:10:00+00:00,3.143503427505493
2025-11-09 19:15:00+00:00,2.225923538208008
2025-11-09 19:20:00+00:00,3.133314371109009
2025-11-09 19:25:00+00:00,4.208953142166138
2025-11-09 19:30:00+00:00,4.168958425521851
2025-11-09 19:35:00+00:00,3.2936201095581055
2025-11-09 19:40:00+00:00,
2025-11-09 19:45:00+00:00,3.346979856491089
2025-11-09 19:50:00+00:00,3.4115262031555176
2025-11-09 19:55:00+00:00,3.1505184173583984
2025-11-09 20:00:00+00:00,3.311335325241089
2025-11-09 20:05:00+00:00,3.218069314956665
2025-11-09 20:10:00+00:00,
2025-11-09 20:15:00+00:00,
2025-11-09 20:20:00+00:00,
2025-11-09 20:25:00+00:00,
2025-11-09 20:30:00+00:00,
2025-11-09 20:35:00+00:00,
2025-11-09 20:40:00+00:00,
2025-11-09 20:45:00+00:00,
2025-11-09 20:50:00+00:00,
2025-11-09 20:55:00+00:00,
2025-11-09 21:00:00+00:00,
2025-11-09 21:05:00+00:00,2.1625816822052
2025-11-09 21:10:00+00:00,2.2897186279296875
2025-11-09 21:15:00+00:00,2.1598944664001465
2025-11-09 21:20:00+00:00,2.2312674522399902
2025-11-09 21:25:00+00:00,2.0777359008789062
2025-11-09 21:30:00+00:00,2.18869686126709
2025-11-09 21:35:00+00:00,2.3812489509582515
2025-11-09 21:40:00+00:00,
2025-11-09 21:45:00+00:00,2.1903650760650635
2025-11-09 21:50:00+00:00,2.188235282897949
2025-11-09 21:55:00+00:00,2.1409003734588623
2025-11-09 22:00:00+00:00,3.248500108718872
2025-11-09 22:05:00+00:00,3.092437982559204
2025-11-09 22:10:00+00:00,
2025-11-09 22:15:00+00:00,
2025-11-09 22:20:00+00:00,
2025-11-09 22:25:00+00:00,
2025-11-09 22:30:00+00:00,
2025-11-09 22:35:00+00:00,
2025-11-09 22:40:00+00:00,
2025-11-09 22:45:00+00:00,
2025-11-09 22:50:00+00:00,
2025-11-09 22:55:00+00:00,
2025-11-09 23:00:00+00:00,
2025-11-09 23:05:00+00:00,2.1175343990325928
2025-11-09 23:10:00+00:00,2.3797247409820557
2025-11-09 23:15:00+00:00,2.101215124130249
2025-11-09 23:20:00+00:00,2.1769907474517822
2025-11-09 23:25:00+00:00,3.085402488708496
2025-11-09 23:30:00+00:00,3.2309155464172363
2025-11-09 23:35:00+00:00,2.234708547592163
2025-11-09 23:40:00+00:00,
2025-11-09 23:45:00+00:00,3.1029605865478516
2025-11-09 23:50:00+00:00,3.2092220783233643
2025-11-09 23:55:00+00:00,3.2483217716217037
2025-11-10 00:00:00+00:00,4.301650524139404
2025-11-10 00:05:00+00:00,3.1022603511810303
2025-11-10 00:10:00+00:00,
2025-11-10 00:15:00+00:00,
2025-11-10 00:20:00+00:00,
2025-11-10 00:25:00+00:00,
2025-11-10 00:30:00+00:00,
2025-11-10 00:35:00+00:00,
2025-11-10 00:40:00+00:00,
2025-11-10 00:45:00+00:00,
2025-11-10 00:50:00+00:00,
2025-11-10 00:55:00+00:00,
2025-11-10 01:00:00+00:00,
2025-11-10 01:05:00+00:00,2.236672878265381
2025-11-10 01:10:00+00:00,2.071485757827759
2025-11-10 01:15:00+00:00,2.215332508087158
2025-11-10 01:20:00+00:00,2.1919682025909424
2025-11-10 01:25:00+00:00,2.1351006031036377
2025-11-10 01:30:00+00:00,2.1590464115142822
2025-11-10 01:35:00+00:00,2.1372509002685547
2025-11-10 01:40:00+00:00,
2025-11-10 01:45:00+00:00,2.1166133880615234
2025-11-10 01:50:00+00:00,2.3255245685577393
2025-11-10 01:55:00+00:00,3.138856172561646
2025-11-10 02:00:00+00:00,2.1749813556671143
2025-11-10 02:05:00+00:00,3.2673280239105225
2025-11-10 02:10:00+00:00,
2025-11-10 02:15:00+00:00,
2025-11-10 02:20:00+00:00,
2025-11-10 02:25:00+00:00,
2025-11-10 02:30:00+00:00,
2025-11-10 02:35:00+00:00,
2025-11-10 02:40:00+00:00,
2025-11-10 02:45:00+00:00,
2025-11-10 02:50:00+00:00,
2025-11-10 02:55:00+00:00,
2025-11-10 03:00:00+00:00,
2025-11-10 03:05:00+00:00,3.113309860229492
2025-11-10 03:10:00+00:00,2.7144360542297363
2025-11-10 03:15:00+00:00,2.212301731109619
2025-11-10 03:20:00+00:00,2.1754274368286133
2025-11-10 03:25:00+00:00,2.1508092880249023
2025-11-10 03:30:00+00:00,2.0767226219177246
2025-11-10 03:35:00+00:00,2.1606433391571045
2025-11-10 03:40:00+00:00,
2025-11-10 03:45:00+00:00,2.154191493988037
2025-11-10 03:50:00+00:00,2.104369878768921
2025-11-10 03:55:00+00:00,2.199248790740967
2025-11-10 04:00:00+00:00,3.2217350006103516
2025-11-10 04:05:00+00:00,
2025-11-10 04:10:00+00:00,
2025-11-10 04:15:00+00:00,
2025-11-10 04:20:00+00:00,
2025-11-10 04:25:00+00:00,
2025-11-10 04:30:00+00:00,
2025-11-10 04:35:00+00:00,
2025-11-10 04:40:00+00:00,
2025-11-10 04:45:00+00:00,
2025-11-10 04:50:00+00:00,
2025-11-10 04:55:00+00:00,
2025-11-10 05:00:00+00:00,
2025-11-10 05:05:00+00:00,
2025-11-10 05:10:00+00:00,
2025-11-10 05:15:00+00:00,
2025-11-10 05:20:00+00:00,
2025-11-10 05:25:00+00:00,
2025-11-10 05:30:00+00:00,
2025-11-10 05:35:00+00:00,
2025-11-10 05:40:00+00:00,
2025-11-10 05:45:00+00:00,
2025-11-10 05:50:00+00:00,
2025-11-10 05:55:00+00:00,
2025-11-10 06:00:00+00:00,
2025-11-10 06:05:00+00:00,
2025-11-10 06:10:00+00:00,
2025-11-10 06:15:00+00:00,
2025-11-10 06:20:00+00:00,
2025-11-10 06:25:00+00:00,
2025-11-10 06:30:00+00:00,
2025-11-10 06:35:00+00:00,
2025-11-10 06:40:00+00:00,
2025-11-10 06:45:00+00:00,
2025-11-10 06:50:00+00:00,
2025-11-10 06:55:00+00:00,
2025-11-10 07:00:00+00:00,
2025-11-10 07:05:00+00:00,
2025-11-10 07:10:00+00:00,
2025-11-10 07:15:00+00:00,
2025-11-10 07:20:00+00:00,
2025-11-10 07:25:00+00:00,
2025-11-10 07:30:00+00:00,
2025-11-10 07:35:00+00:00,
2025-11-10 07:40:00+00:00,
2025-11-10 07:45:00+00:00,
2025-11-10 07:50:00+00:00,
2025-11-10 07:55:00+00:00,
2025-11-10 08:00:00+00:00,
2025-11-10 08:05:00+00:00,
2025-11-10 08:10:00+00:00,
2025-11-10 08:15:00+00:00,
2025-11-10 08:20:00+00:00,
2025-11-10 08:25:00+00:00,
2025-11-10 08:30:00+00:00,
2025-11-10 08:35:00+00:00,
2025-11-10 08:40:00+00:00,
2025-11-10 08:45:00+00:00,
2025-11-10 08:50:00+00:00,
2025-11-10 08:55:00+00:00,
2025-11-10 09:00:00+00:00,
2025-11-10 09:05:00+00:00,
2025-11-10 09:10:00+00:00,
2025-11-10 09:15:00+00:00,
2025-11-10 09:20:00+00:00,
2025-11-10 09:25:00+00:00,
2025-11-10 09:30:00+00:00,
2025-11-10 09:35:00+00:00,
2025-11-10 09:40:00+00:00,
2025-11-10 09:45:00+00:00,
2025-11-10 09:50:00+00:00,
2025-11-10 09:55:00+00:00,
2025-11-10 10:00:00+00:00,
2025-11-10 10:05:00+00:00,
2025-11-10 10:10:00+00:00,
2025-11-10 10:15:00+00:00,
2025-11-10 10:20:00+00:00,
2025-11-10 10:25:00+00:00,
2025-11-10 10:30:00+00:00,
2025-11-10 10:35:00+00:00,
2025-11-10 10:40:00+00:00,
2025-11-10 10:45:00+00:00,
2025-11-10 10:50:00+00:00,
2025-11-10 10:55:00+00:00,
2025-11-10 11:00:00+00:00,
2025-11-10 11:05:00+00:00,
2025-11-10 11:10:00+00:00,
2025-11-10 11:15:00+00:00,
2025-11-10 11:20:00+00:00,
2025-11-10 11:25:00+00:00,
2025-11-10 11:30:00+00:00,
2025-11-10 11:35:00+00:00,
2025-11-10 11:40:00+00:00,
2025-11-10 11:45:00+00:00,
2025-11-10 11:50:00+00:00,
2025-11-10 11:55:00+00:00,
2025-11-10 12:00:00+00:00,
2025-11-10 12:05:00+00:00,
2025-11-10 12:10:00+00:00,
2025-11-10 12:15:00+00:00,
2025-11-10 12:20:00+00:00,
2025-11-10 12:25:00+00:00,
2025-11-10 12:30:00+00:00,
2025-11-10 12:35:00+00:00,
2025-11-10 12:40:00+00:00,
2025-11-10 12:45:00+00:00,
2025-11-10 12:50:00+00:00,
2025-11-10 12:55:00+00:00,
2025-11-10 13:00:00+00:00,
2025-11-10 13:05:00+00:00,
2025-11-10 13:10:00+00:00,
2025-11-10 13:15:00+00:00,
2025-11-10 13:20:00+00:00,
2025-11-10 13:25:00+00:00,
2025-11-10 13:30:00+00:00,
2025-11-10 13:35:00+00:00,
2025-11-10 13:40:00+00:00,
2025-11-10 13:45:00+00:00,
2025-11-10 13:50:00+00:00,
2025-11-10 13:55:00+00:00,
2025-11-10 14:00:00+00:00,
2025-11-10 14:05:00+00:00,
2025-11-10 14:10:00+00:00,
2025-11-10 14:15:00+00:00,
2025-11-10 14:20:00+00:00,
2025-11-10 14:25:00+00:00,
2025-11-10 14:30:00+00:00,
2025-11-10 14:35:00+00:00,
2025-11-10 14:40:00+00:00,
2025-11-10 14:45:00+00:00,
2025-11-10 14:50:00+00:00,
2025-11-10 14:55:00+00:00,
2025-11-10 15:00:00+00:00,
2025-11-10 15:05:00+00:00,
2025-11-10 15:10:00+00:00,
2025-11-10 15:15:00+00:00,
2025-11-10 15:20:00+00:00,
2025-11-10 15:25:00+00:00,
2025-11-10 15:30:00+00:00,
2025-11-10 15:35:00+00:00,
2025-11-10 15:40:00+00:00,
2025-11-10 15:45:00+00:00,
2025-11-10 15:50:00+00:00,
2025-11-10 15:55:00+00:00,
2025-11-10 16:00:00+00:00,
2025-11-10 16:05:00+00:00,
2025-11-10 16:10:00+00:00,
2025-11-10 16:15:00+00:00,
2025-11-10 16:20:00+00:00,
2025-11-10 16:25:00+00:00,
2025-11-10 16:30:00+00:00,
2025-11-10 16:35:00+00:00,
2025-11-10 16:40:00+00:00,
2025-11-10 16:45:00+00:00,
2025-11-10 16:50:00+00:00,
2025-11-10 16:55:00+00:00,
2025-11-10 17:00:00+00:00,
2025-11-10 17:05:00+00:00,
2025-11-10 17:10:00+00:00,
2025-11-10 17:15:00+00:00,
2025-11-10 17:20:00+00:00,
2025-11-10 17:25:00+00:00,
2025-11-10 17:30:00+00:00,
2025-11-10 17:35:00+00:00,
2025-11-10 17:40:00+00:00,
2025-11-10 17:45:00+00:00,
2025-11-10 17:50:00+00:00,
2025-11-10 17:55:00+00:00,
2025-11-10 18:00:00+00:00,
2025-11-10 18:05:00+00:00,3.2463364601135254
2025-11-10 18:10:00+00:00,
2025-11-10 18:15:00+00:00,
2025-11-10 18:20:00+00:00,
2025-11-10 18:25:00+00:00,
2025-11-10 18:30:00+00:00,
2025-11-10 18:35:00+00:00,
2025-11-10 18:40:00+00:00,
2025-11-10 18:45:00+00:00,
2025-11-10 18:50:00+00:00,
2025-11-10 18:55:00+00:00,
2025-11-10 19:00:00+00:00,
2025-11-10 19:05:00+00:00,4.156261205673218
2025-11-10 19:10:00+00:00,3.3539960384368896
2025-11-10 19:15:00+00:00,3.108233690261841
2025-11-10 19:20:00+00:00,3.2959277629852295
2025-11-10 19:25:00+00:00,2.074587106704712
2025-11-10 19:30:00+00:00,2.1014866828918457
2025-11-10 19:35:00+00:00,2.2935538291931152
2025-11-10 19:40:00+00:00,
2025-11-10 19:45:00+00:00,3.163498640060425
2025-11-10 19:50:00+00:00,2.1494038105010986
2025-11-10 19:55:00+00:00,2.092266321182251
2025-11-10 20:00:00+00:00,2.082280158996582
2025-11-10 20:05:00+00:00,3.115748405456543
2025-11-10 20:10:00+00:00,
2025-11-10 20:15:00+00:00,
2025-11-10 20:20:00+00:00,
2025-11-10 20:25:00+00:00,
2025-11-10 20:30:00+00:00,
2025-11-10 20:35:00+00:00,
2025-11-10 20:40:00+00:00,
2025-11-10 20:45:00+00:00,
2025-11-10 20:50:00+00:00,
2025-11-10 20:55:00+00:00,
2025-11-10 21:00:00+00:00,
2025-11-10 21:05:00+00:00,3.2452609539031982
2025-11-10 21:10:00+00:00,2.154888391494751
2025-11-10 21:15:00+00:00,2.094717025756836
2025-11-10 21:20:00+00:00,3.19111704826355
2025-11-10 21:25:00+00:00,2.4062018394470215
2025-11-10 21:30:00+00:00,2.0650014877319336
2025-11-10 21:35:00+00:00,3.105759859085083
2025-11-10 21:40:00+00:00,
2025-11-10 21:45:00+00:00,2.182309627532959
2025-11-10 21:50:00+00:00,3.086398601531983
2025-11-10 21:55:00+00:00,3.1454429626464844
2025-11-10 22:00:00+00:00,3.1345012187957764
2025-11-10 22:05:00+00:00,2.153508186340332
2025-11-10 22:10:00+00:00,
2025-11-10 22:15:00+00:00,
2025-11-10 22:20:00+00:00,
2025-11-10 22:25:00+00:00,
2025-11-10 22:30:00+00:00,
2025-11-10 22:35:00+00:00,
2025-11-10 22:40:00+00:00,
2025-11-10 22:45:00+00:00,
2025-11-10 22:50:00+00:00,
2025-11-10 22:55:00+00:00,
2025-11-10 23:00:00+00:00,
2025-11-10 23:05:00+00:00,3.196633815765381
2025-11-10 23:10:00+00:00,2.2110955715179443
2025-11-10 23:15:00+00:00,2.1686477661132812
2025-11-10 23:20:00+00:00,3.2586302757263184
2025-11-10 23:25:00+00:00,3.227919816970825
2025-11-10 23:30:00+00:00,2.1508090496063232
2025-11-10 23:35:00+00:00,3.1104061603546143
2025-11-10 23:40:00+00:00,
2025-11-10 23:45:00+00:00,4.263837099075317
2025-11-10 23:50:00+00:00,3.294539213180542
2025-11-10 23:55:00+00:00,3.7561163902282715
2025-11-11 00:00:00+00:00,3.367386817932129
2025-11-11 00:05:00+00:00,3.1749887466430664
2025-11-11 00:10:00+00:00,
2025-11-11 00:15:00+00:00,
2025-11-11 00:20:00+00:00,
2025-11-11 00:25:00+00:00,
2025-11-11 00:30:00+00:00,
2025-11-11 00:35:00+00:00,
2025-11-11 00:40:00+00:00,
2025-11-11 00:45:00+00:00,
2025-11-11 00:50:00+00:00,
2025-11-11 00:55:00+00:00,
2025-11-11 01:00:00+00:00,
2025-11-11 01:05:00+00:00,3.1910476684570312
2025-11-11 01:10:00+00:00,2.1120307445526123
2025-11-11 01:15:00+00:00,3.085243940353394
2025-11-11 01:20:00+00:00,2.274278163909912
2025-11-11 01:25:00+00:00,2.2077457904815674
2025-11-11 01:30:00+00:00,3.173762321472168
2025-11-11 01:35:00+00:00,3.154110431671143
2025-11-11 01:40:00+00:00,
2025-11-11 01:45:00+00:00,3.3608436584472656
2025-11-11 01:50:00+00:00,3.105203866958618
2025-11-11 01:55:00+00:00,3.4816155433654785
2025-11-11 02:00:00+00:00,3.240248680114746
2025-11-11 02:05:00+00:00,3.104543685913086
2025-11-11 02:10:00+00:00,
2025-11-11 02:15:00+00:00,
2025-11-11 02:20:00+00:00,
2025-11-11 02:25:00+00:00,
2025-11-11 02:30:00+00:00,
2025-11-11 02:35:00+00:00,
2025-11-11 02:40:00+00:00,
2025-11-11 02:45:00+00:00,
2025-11-11 02:50:00+00:00,
2025-11-11 02:55:00+00:00,
2025-11-11 03:00:00+00:00,
2025-11-11 03:05:00+00:00,3.3166658878326416
2025-11-11 03:10:00+00:00,3.1722779273986816
2025-11-11 03:15:00+00:00,2.1399168968200684
2025-11-11 03:20:00+00:00,3.238198280334473
2025-11-11 03:25:00+00:00,2.20597767829895
2025-11-11 03:30:00+00:00,2.1125383377075195
2025-11-11 03:35:00+00:00,2.287022113800049
2025-11-11 03:40:00+00:00,
2025-11-11 03:45:00+00:00,2.19991397857666
2025-11-11 03:50:00+00:00,2.2180356979370117
2025-11-11 03:55:00+00:00,2.266852617263794
2025-11-11 04:00:00+00:00,2.1825311183929443
2025-11-11 04:05:00+00:00,
2025-11-11 04:10:00+00:00,
2025-11-11 04:15:00+00:00,
2025-11-11 04:20:00+00:00,
2025-11-11 04:25:00+00:00,
2025-11-11 04:30:00+00:00,
2025-11-11 04:35:00+00:00,
2025-11-11 04:40:00+00:00,
2025-11-11 04:45:00+00:00,
2025-11-11 04:50:00+00:00,
2025-11-11 04:55:00+00:00,
2025-11-11 05:00:00+00:00,
2025-11-11 05:05:00+00:00,
2025-11-11 05:10:00+00:00,
2025-11-11 05:15:00+00:00,
2025-11-11 05:20:00+00:00,
2025-11-11 05:25:00+00:00,
2025-11-11 05:30:00+00:00,
2025-11-11 05:35:00+00:00,
2025-11-11 05:40:00+00:00,
2025-11-11 05:45:00+00:00,
2025-11-11 05:50:00+00:00,
2025-11-11 05:55:00+00:00,
2025-11-11 06:00:00+00:00,
2025-11-11 06:05:00+00:00,
2025-11-11 06:10:00+00:00,
2025-11-11 06:15:00+00:00,
2025-11-11 06:20:00+00:00,
2025-11-11 06:25:00+00:00,
2025-11-11 06:30:00+00:00,
2025-11-11 06:35:00+00:00,
2025-11-11 06:40:00+00:00,
2025-11-11 06:45:00+00:00,
2025-11-11 06:50:00+00:00,
2025-11-11 06:55:00+00:00,
2025-11-11 07:00:00+00:00,
2025-11-11 07:05:00+00:00,
2025-11-11 07:10:00+00:00,
2025-11-11 07:15:00+00:00,
2025-11-11 07:20:00+00:00,
2025-11-11 07:25:00+00:00,
2025-11-11 07:30:00+00:00,
2025-11-11 07:35:00+00:00,
2025-11-11 07:40:00+00:00,
2025-11-11 07:45:00+00:00,
2025-11-11 07:50:00+00:00,
2025-11-11 07:55:00+00:00,
2025-11-11 08:00:00+00:00,
2025-11-11 08:05:00+00:00,
2025-11-11 08:10:00+00:00,
2025-11-11 08:15:00+00:00,
2025-11-11 08:20:00+00:00,
2025-11-11 08:25:00+00:00,
2025-11-11 08:30:00+00:00,
2025-11-11 08:35:00+00:00,
2025-11-11 08:40:00+00:00,
2025-11-11 08:45:00+00:00,
2025-11-11 08:50:00+00:00,
2025-11-11 08:55:00+00:00,
2025-11-11 09:00:00+00:00,
2025-11-11 09:05:00+00:00,
2025-11-11 09:10:00+00:00,
2025-11-11 09:15:00+00:00,
2025-11-11 09:20:00+00:00,
2025-11-11 09:25:00+00:00,
2025-11-11 09:30:00+00:00,
2025-11-11 09:35:00+00:00,
2025-11-11 09:40:00+00:00,
2025-11-11 09:45:00+00:00,
2025-11-11 09:50:00+00:00,
2025-11-11 09:55:00+00:00,
2025-11-11 10:00:00+00:00,
2025-11-11 10:05:00+00:00,
2025-11-11 10:10:00+00:00,
2025-11-11 10:15:00+00:00,
2025-11-11 10:20:00+00:00,
2025-11-11 10:25:00+00:00,
2025-11-11 10:30:00+00:00,
2025-11-11 10:35:00+00:00,
2025-11-11 10:40:00+00:00,
2025-11-11 10:45:00+00:00,
2025-11-11 10:50:00+00:00,
2025-11-11 10:55:00+00:00,
2025-11-11 11:00:00+00:00,
2025-11-11 11:05:00+00:00,
2025-11-11 11:10:00+00:00,
2025-11-11 11:15:00+00:00,
2025-11-11 11:20:00+00:00,
2025-11-11 11:25:00+00:00,
2025-11-11 11:30:00+00:00,
2025-11-11 11:35:00+00:00,
2025-11-11 11:40:00+00:00,
2025-11-11 11:45:00+00:00,
2025-11-11 11:50:00+00:00,
2025-11-11 11:55:00+00:00,
2025-11-11 12:00:00+00:00,
2025-11-11 12:05:00+00:00,
2025-11-11 12:10:00+00:00,
2025-11-11 12:15:00+00:00,
2025-11-11 12:20:00+00:00,
2025-11-11 12:25:00+00:00,
2025-11-11 12:30:00+00:00,
2025-11-11 12:35:00+00:00,
2025-11-11 12:40:00+00:00,
2025-11-11 12:45:00+00:00,
2025-11-11 12:50:00+00:00,
2025-11-11 12:55:00+00:00,
2025-11-11 13:00:00+00:00,
2025-11-11 13:05:00+00:00,
2025-11-11 13:10:00+00:00,
2025-11-11 13:15:00+00:00,
2025-11-11 13:20:00+00:00,
2025-11-11 13:25:00+00:00,
2025-11-11 13:30:00+00:00,
2025-11-11 13:35:00+00:00,
2025-11-11 13:40:00+00:00,
2025-11-11 13:45:00+00:00,
2025-11-11 13:50:00+00:00,
2025-11-11 13:55:00+00:00,
2025-11-11 14:00:00+00:00,
2025-11-11 14:05:00+00:00,
2025-11-11 14:10:00+00:00,
2025-11-11 14:15:00+00:00,
2025-11-11 14:20:00+00:00,
2025-11-11 14:25:00+00:00,
2025-11-11 14:30:00+00:00,
2025-11-11 14:35:00+00:00,
2025-11-11 14:40:00+00:00,
2025-11-11 14:45:00+00:00,
2025-11-11 14:50:00+00:00,
2025-11-11 14:55:00+00:00,
2025-11-11 15:00:00+00:00,
2025-11-11 15:05:00+00:00,
2025-11-11 15:10:00+00:00,
2025-11-11 15:15:00+00:00,
2025-11-11 15:20:00+00:00,
2025-11-11 15:25:00+00:00,
2025-11-11 15:30:00+00:00,
2025-11-11 15:35:00+00:00,
2025-11-11 15:40:00+00:00,
2025-11-11 15:45:00+00:00,
2025-11-11 15:50:00+00:00,
2025-11-11 15:55:00+00:00,
2025-11-11 16:00:00+00:00,
2025-11-11 16:05:00+00:00,
2025-11-11 16:10:00+00:00,
2025-11-11 16:15:00+00:00,
2025-11-11 16:20:00+00:00,
2025-11-11 16:25:00+00:00,
2025-11-11 16:30:00+00:00,
2025-11-11 16:35:00+00:00,
2025-11-11 16:40:00+00:00,
2025-11-11 16:45:00+00:00,
2025-11-11 16:50:00+00:00,
2025-11-11 16:55:00+00:00,
2025-11-11 17:00:00+00:00,
2025-11-11 17:05:00+00:00,
2025-11-11 17:10:00+00:00,
2025-11-11 17:15:00+00:00,
2025-11-11 17:20:00+00:00,
2025-11-11 17:25:00+00:00,
2025-11-11 17:30:00+00:00,
2025-11-11 17:35:00+00:00,
2025-11-11 17:40:00+00:00,
2025-11-11 17:45:00+00:00,
2025-11-11 17:50:00+00:00,
2025-11-11 17:55:00+00:00,
2025-11-11 18:00:00+00:00,
2025-11-11 18:05:00+00:00,2.741750478744507
2025-11-11 18:10:00+00:00,
2025-11-11 18:15:00+00:00,
2025-11-11 18:20:00+00:00,
2025-11-11 18:25:00+00:00,
2025-11-11 18:30:00+00:00,
2025-11-11 18:35:00+00:00,
2025-11-11 18:40:00+00:00,
2025-11-11 18:45:00+00:00,
2025-11-11 18:50:00+00:00,
2025-11-11 18:55:00+00:00,
2025-11-11 19:00:00+00:00,
2025-11-11 19:05:00+00:00,3.7159372568130493
2025-11-11 19:10:00+00:00,5.227375507354736
2025-11-11 19:15:00+00:00,3.1560921669006348
2025-11-11 19:20:00+00:00,3.1712958812713623
2025-11-11 19:25:00+00:00,
2025-11-11 19:30:00+00:00,2.267705917358399
2025-11-11 19:35:00+00:00,3.1397533416748047
2025-11-11 19:40:00+00:00,3.135868787765503
2025-11-11 19:45:00+00:00,3.209362030029297
2025-11-11 19:50:00+00:00,4.235564231872559
2025-11-11 19:55:00+00:00,
2025-11-11 20:00:00+00:00,4.151439189910889
2025-11-11 20:05:00+00:00,3.1223456859588623
2025-11-11 20:10:00+00:00,
2025-11-11 20:15:00+00:00,
2025-11-11 20:20:00+00:00,
2025-11-11 20:25:00+00:00,
2025-11-11 20:30:00+00:00,
2025-11-11 20:35:00+00:00,
2025-11-11 20:40:00+00:00,
2025-11-11 20:45:00+00:00,
2025-11-11 20:50:00+00:00,
2025-11-11 20:55:00+00:00,
2025-11-11 21:00:00+00:00,
2025-11-11 21:05:00+00:00,2.083350896835327
2025-11-11 21:10:00+00:00,2.1356263160705566
2025-11-11 21:15:00+00:00,2.252893686294556
2025-11-11 21:20:00+00:00,3.21779203414917
2025-11-11 21:25:00+00:00,3.086164712905884
2025-11-11 21:30:00+00:00,2.128269910812378
2025-11-11 21:35:00+00:00,2.279945135116577
2025-11-11 21:40:00+00:00,
2025-11-11 21:45:00+00:00,2.2379651069641113
2025-11-11 21:50:00+00:00,2.0870139598846436
2025-11-11 21:55:00+00:00,2.1131792068481445
2025-11-11 22:00:00+00:00,2.1078875064849854
2025-11-11 22:05:00+00:00,2.0685176849365234
2025-11-11 22:10:00+00:00,
2025-11-11 22:15:00+00:00,
2025-11-11 22:20:00+00:00,
2025-11-11 22:25:00+00:00,
2025-11-11 22:30:00+00:00,
2025-11-11 22:35:00+00:00,
2025-11-11 22:40:00+00:00,
2025-11-11 22:45:00+00:00,
2025-11-11 22:50:00+00:00,
2025-11-11 22:55:00+00:00,
2025-11-11 23:00:00+00:00,
2025-11-11 23:05:00+00:00,3.1779874563217163
2025-11-11 23:10:00+00:00,2.1359574794769287
2025-11-11 23:15:00+00:00,2.2016336917877197
2025-11-11 23:20:00+00:00,2.1683478355407715
2025-11-11 23:25:00+00:00,
2025-11-11 23:30:00+00:00,2.1846256256103516
2025-11-11 23:35:00+00:00,2.3984200954437256
2025-11-11 23:40:00+00:00,2.1907575130462646
2025-11-11 23:45:00+00:00,2.1432535648345947
2025-11-11 23:50:00+00:00,2.0848865509033203
2025-11-11 23:55:00+00:00,
2025-11-12 00:00:00+00:00,3.203796148300171
2025-11-12 00:05:00+00:00,3.1571494340896606
2025-11-12 00:10:00+00:00,
2025-11-12 00:15:00+00:00,
2025-11-12 00:20:00+00:00,
2025-11-12 00:25:00+00:00,
2025-11-12 00:30:00+00:00,
2025-11-12 00:35:00+00:00,
2025-11-12 00:40:00+00:00,
2025-11-12 00:45:00+00:00,
2025-11-12 00:50:00+00:00,
2025-11-12 00:55:00+00:00,
2025-11-12 01:00:00+00:00,
2025-11-12 01:05:00+00:00,4.294939279556274
2025-11-12 01:10:00+00:00,3.14113450050354
2025-11-12 01:15:00+00:00,3.3025434017181396
2025-11-12 01:20:00+00:00,3.1969094276428223
2025-11-12 01:25:00+00:00,3.0854413509368896
2025-11-12 01:30:00+00:00,4.251735210418701
2025-11-12 01:35:00+00:00,4.4179277420043945
2025-11-12 01:40:00+00:00,
2025-11-12 01:45:00+00:00,3.1970720291137695
2025-11-12 01:50:00+00:00,3.2354326248168945
2025-11-12 01:55:00+00:00,3.178412914276123
2025-11-12 02:00:00+00:00,2.1212637424468994
2025-11-12 02:05:00+00:00,3.3739683628082275
2025-11-12 02:10:00+00:00,
2025-11-12 02:15:00+00:00,
2025-11-12 02:20:00+00:00,
2025-11-12 02:25:00+00:00,
2025-11-12 02:30:00+00:00,
2025-11-12 02:35:00+00:00,
2025-11-12 02:40:00+00:00,
2025-11-12 02:45:00+00:00,
2025-11-12 02:50:00+00:00,
2025-11-12 02:55:00+00:00,
2025-11-12 03:00:00+00:00,
2025-11-12 03:05:00+00:00,3.270953416824341
2025-11-12 03:10:00+00:00,2.238229751586914
2025-11-12 03:15:00+00:00,2.109818696975708
2025-11-12 03:20:00+00:00,2.1338372230529785
2025-11-12 03:25:00+00:00,
2025-11-12 03:30:00+00:00,2.172137975692749
2025-11-12 03:35:00+00:00,2.1863019466400146
2025-11-12 03:40:00+00:00,2.1306917667388916
2025-11-12 03:45:00+00:00,2.1358397006988525
2025-11-12 03:50:00+00:00,2.143395185470581
2025-11-12 03:55:00+00:00,
2025-11-12 04:00:00+00:00,3.2964062690734863
2025-11-12 04:05:00+00:00,
2025-11-12 04:10:00+00:00,
2025-11-12 04:15:00+00:00,
2025-11-12 04:20:00+00:00,
2025-11-12 04:25:00+00:00,
2025-11-12 04:30:00+00:00,
2025-11-12 04:35:00+00:00,
2025-11-12 04:40:00+00:00,
2025-11-12 04:45:00+00:00,
2025-11-12 04:50:00+00:00,
2025-11-12 04:55:00+00:00,
2025-11-12 05:00:00+00:00,
2025-11-12 05:05:00+00:00,
2025-11-12 05:10:00+00:00,
2025-11-12 05:15:00+00:00,
2025-11-12 05:20:00+00:00,
2025-11-12 05:25:00+00:00,
2025-11-12 05:30:00+00:00,
2025-11-12 05:35:00+00:00,
2025-11-12 05:40:00+00:00,
2025-11-12 05:45:00+00:00,
2025-11-12 05:50:00+00:00,
2025-11-12 05:55:00+00:00,
2025-11-12 06:00:00+00:00,
2025-11-12 06:05:00+00:00,
2025-11-12 06:10:00+00:00,
2025-11-12 06:15:00+00:00,
2025-11-12 06:20:00+00:00,
2025-11-12 06:25:00+00:00,
2025-11-12 06:30:00+00:00,
2025-11-12 06:35:00+00:00,
2025-11-12 06:40:00+00:00,
2025-11-12 06:45:00+00:00,
2025-11-12 06:50:00+00:00,
2025-11-12 06:55:00+00:00,
2025-11-12 07:00:00+00:00,
2025-11-12 07:05:00+00:00,
2025-11-12 07:10:00+00:00,
2025-11-12 07:15:00+00:00,
2025-11-12 07:20:00+00:00,
2025-11-12 07:25:00+00:00,
2025-11-12 07:30:00+00:00,
2025-11-12 07:35:00+00:00,
2025-11-12 07:40:00+00:00,
2025-11-12 07:45:00+00:00,
2025-11-12 07:50:00+00:00,
2025-11-12 07:55:00+00:00,
2025-11-12 08:00:00+00:00,
2025-11-12 08:05:00+00:00,
2025-11-12 08:10:00+00:00,
2025-11-12 08:15:00+00:00,
2025-11-12 08:20:00+00:00,
2025-11-12 08:25:00+00:00,
2025-11-12 08:30:00+00:00,
2025-11-12 08:35:00+00:00,
2025-11-12 08:40:00+00:00,
2025-11-12 08:45:00+00:00,
2025-11-12 08:50:00+00:00,
2025-11-12 08:55:00+00:00,
2025-11-12 09:00:00+00:00,
2025-11-12 09:05:00+00:00,
2025-11-12 09:10:00+00:00,
2025-11-12 09:15:00+00:00,
2025-11-12 09:20:00+00:00,
2025-11-12 09:25:00+00:00,
2025-11-12 09:30:00+00:00,
2025-11-12 09:35:00+00:00,
2025-11-12 09:40:00+00:00,
2025-11-12 09:45:00+00:00,
2025-11-12 09:50:00+00:00,
2025-11-12 09:55:00+00:00,
2025-11-12 10:00:00+00:00,
2025-11-12 10:05:00+00:00,
2025-11-12 10:10:00+00:00,
2025-11-12 10:15:00+00:00,
2025-11-12 10:20:00+00:00,
2025-11-12 10:25:00+00:00,
2025-11-12 10:30:00+00:00,
2025-11-12 10:35:00+00:00,
2025-11-12 10:40:00+00:00,
2025-11-12 10:45:00+00:00,
2025-11-12 10:50:00+00:00,
2025-11-12 10:55:00+00:00,
2025-11-12 11:00:00+00:00,
2025-11-12 11:05:00+00:00,
2025-11-12 11:10:00+00:00,
2025-11-12 11:15:00+00:00,
2025-11-12 11:20:00+00:00,
2025-11-12 11:25:00+00:00,
2025-11-12 11:30:00+00:00,
2025-11-12 11:35:00+00:00,
2025-11-12 11:40:00+00:00,
2025-11-12 11:45:00+00:00,
2025-11-12 11:50:00+00:00,
2025-11-12 11:55:00+00:00,
2025-11-12 12:00:00+00:00,
2025-11-12 12:05:00+00:00,
2025-11-12 12:10:00+00:00,
2025-11-12 12:15:00+00:00,
2025-11-12 12:20:00+00:00,
2025-11-12 12:25:00+00:00,
2025-11-12 12:30:00+00:00,
2025-11-12 12:35:00+00:00,
2025-11-12 12:40:00+00:00,
2025-11-12 12:45:00+00:00,
2025-11-12 12:50:00+00:00,
2025-11-12 12:55:00+00:00,
2025-11-12 13:00:00+00:00,
2025-11-12 13:05:00+00:00,
2025-11-12 13:10:00+00:00,
2025-11-12 13:15:00+00:00,
2025-11-12 13:20:00+00:00,
2025-11-12 13:25:00+00:00,
2025-11-12 13:30:00+00:00,
2025-11-12 13:35:00+00:00,
2025-11-12 13:40:00+00:00,
2025-11-12 13:45:00+00:00,
2025-11-12 13:50:00+00:00,
2025-11-12 13:55:00+00:00,
2025-11-12 14:00:00+00:00,
2025-11-12 14:05:00+00:00,
2025-11-12 14:10:00+00:00,
2025-11-12 14:15:00+00:00,
2025-11-12 14:20:00+00:00,
2025-11-12 14:25:00+00:00,
2025-11-12 14:30:00+00:00,
2025-11-12 14:35:00+00:00,
2025-11-12 14:40:00+00:00,
2025-11-12 14:45:00+00:00,
2025-11-12 14:50:00+00:00,
2025-11-12 14:55:00+00:00,
2025-11-12 15:00:00+00:00,
2025-11-12 15:05:00+00:00,
2025-11-12 15:10:00+00:00,
2025-11-12 15:15:00+00:00,
2025-11-12 15:20:00+00:00,
2025-11-12 15:25:00+00:00,
2025-11-12 15:30:00+00:00,
2025-11-12 15:35:00+00:00,
2025-11-12 15:40:00+00:00,
2025-11-12 15:45:00+00:00,
2025-11-12 15:50:00+00:00,
2025-11-12 15:55:00+00:00,
2025-11-12 16:00:00+00:00,
2025-11-12 16:05:00+00:00,
2025-11-12 16:10:00+00:00,
2025-11-12 16:15:00+00:00,
2025-11-12 16:20:00+00:00,
2025-11-12 16:25:00+00:00,
2025-11-12 16:30:00+00:00,
2025-11-12 16:35:00+00:00,
2025-11-12 16:40:00+00:00,
2025-11-12 16:45:00+00:00,
2025-11-12 16:50:00+00:00,
2025-11-12 16:55:00+00:00,
2025-11-12 17:00:00+00:00,
2025-11-12 17:05:00+00:00,
2025-11-12 17:10:00+00:00,
2025-11-12 17:15:00+00:00,
2025-11-12 17:20:00+00:00,
2025-11-12 17:25:00+00:00,
2025-11-12 17:30:00+00:00,
2025-11-12 17:35:00+00:00,
2025-11-12 17:40:00+00:00,
2025-11-12 17:45:00+00:00,
2025-11-12 17:50:00+00:00,
2025-11-12 17:55:00+00:00,
2025-11-12 18:00:00+00:00,
2025-11-12 18:05:00+00:00,2.2425713539123535
2025-11-12 18:10:00+00:00,
2025-11-12 18:15:00+00:00,
2025-11-12 18:20:00+00:00,
2025-11-12 18:25:00+00:00,
2025-11-12 18:30:00+00:00,
2025-11-12 18:35:00+00:00,
2025-11-12 18:40:00+00:00,
2025-11-12 18:45:00+00:00,
2025-11-12 18:50:00+00:00,
2025-11-12 18:55:00+00:00,
2025-11-12 19:00:00+00:00,
2025-11-12 19:05:00+00:00,2.105747938156128
2025-11-12 19:10:00+00:00,2.0848376750946045
2025-11-12 19:15:00+00:00,2.115741491317749
2025-11-12 19:20:00+00:00,2.216510772705078
2025-11-12 19:25:00+00:00,2.2029316425323486
2025-11-12 19:30:00+00:00,2.090182304382324
2025-11-12 19:35:00+00:00,2.21737003326416
2025-11-12 19:40:00+00:00,
2025-11-12 19:45:00+00:00,2.1192173957824707
2025-11-12 19:50:00+00:00,2.07857346534729
2025-11-12 19:55:00+00:00,2.1373417377471924
2025-11-12 20:00:00+00:00,2.186180830001831
2025-11-12 20:05:00+00:00,3.1628878116607666
2025-11-12 20:10:00+00:00,
2025-11-12 20:15:00+00:00,
2025-11-12 20:20:00+00:00,
2025-11-12 20:25:00+00:00,
2025-11-12 20:30:00+00:00,
2025-11-12 20:35:00+00:00,
2025-11-12 20:40:00+00:00,
2025-11-12 20:45:00+00:00,
2025-11-12 20:50:00+00:00,
2025-11-12 20:55:00+00:00,
2025-11-12 21:00:00+00:00,
2025-11-12 21:05:00+00:00,2.058591365814209
2025-11-12 21:10:00+00:00,3.2752881050109863
2025-11-12 21:15:00+00:00,2.1354665756225586
2025-11-12 21:20:00+00:00,3.111088991165161
2025-11-12 21:25:00+00:00,2.287624955177307
2025-11-12 21:30:00+00:00,2.1362531185150146
2025-11-12 21:35:00+00:00,2.2473483085632324
2025-11-12 21:40:00+00:00,
2025-11-12 21:45:00+00:00,2.1996421813964844
2025-11-12 21:50:00+00:00,3.15135645866394
2025-11-12 21:55:00+00:00,3.1496217250823975
2025-11-12 22:00:00+00:00,3.2274763584136963
2025-11-12 22:05:00+00:00,4.3833513259887695
2025-11-12 22:10:00+00:00,
2025-11-12 22:15:00+00:00,
2025-11-12 22:20:00+00:00,
2025-11-12 22:25:00+00:00,
2025-11-12 22:30:00+00:00,
2025-11-12 22:35:00+00:00,
2025-11-12 22:40:00+00:00,
2025-11-12 22:45:00+00:00,
2025-11-12 22:50:00+00:00,
2025-11-12 22:55:00+00:00,
2025-11-12 23:00:00+00:00,
2025-11-12 23:05:00+00:00,3.0929696559906006
2025-11-12 23:10:00+00:00,2.267711639404297
2025-11-12 23:15:00+00:00,2.0708065032958984
2025-11-12 23:20:00+00:00,2.167214870452881
2025-11-12 23:25:00+00:00,3.112783908843994
2025-11-12 23:30:00+00:00,2.101865768432617
2025-11-12 23:35:00+00:00,2.176373243331909
2025-11-12 23:40:00+00:00,
2025-11-12 23:45:00+00:00,2.110583782196045
2025-11-12 23:50:00+00:00,2.064317226409912
2025-11-12 23:55:00+00:00,3.138965129852295
2025-11-13 00:00:00+00:00,2.0750720500946045
2025-11-13 00:05:00+00:00,3.5807244777679443
2025-11-13 00:10:00+00:00,
2025-11-13 00:15:00+00:00,
2025-11-13 00:20:00+00:00,
2025-11-13 00:25:00+00:00,
2025-11-13 00:30:00+00:00,
2025-11-13 00:35:00+00:00,
2025-11-13 00:40:00+00:00,
2025-11-13 00:45:00+00:00,
2025-11-13 00:50:00+00:00,
2025-11-13 00:55:00+00:00,
2025-11-13 01:00:00+00:00,
2025-11-13 01:05:00+00:00,3.214629650115967
2025-11-13 01:10:00+00:00,2.0588698387145996
2025-11-13 01:15:00+00:00,2.193869113922119
2025-11-13 01:20:00+00:00,2.231431245803833
2025-11-13 01:25:00+00:00,2.214181900024414
2025-11-13 01:30:00+00:00,2.100022315979004
2025-11-13 01:35:00+00:00,2.06675124168396
2025-11-13 01:40:00+00:00,
2025-11-13 01:45:00+00:00,2.109736442565918
2025-11-13 01:50:00+00:00,2.0698516368865967
2025-11-13 01:55:00+00:00,2.2260947227478027
2025-11-13 02:00:00+00:00,2.0612924098968506
2025-11-13 02:05:00+00:00,4.147078990936279
2025-11-13 02:10:00+00:00,
2025-11-13 02:15:00+00:00,
2025-11-13 02:20:00+00:00,
2025-11-13 02:25:00+00:00,
2025-11-13 02:30:00+00:00,
2025-11-13 02:35:00+00:00,
2025-11-13 02:40:00+00:00,
2025-11-13 02:45:00+00:00,
2025-11-13 02:50:00+00:00,
2025-11-13 02:55:00+00:00,
2025-11-13 03:00:00+00:00,
2025-11-13 03:05:00+00:00,2.087825059890747
2025-11-13 03:10:00+00:00,4.1607346534729
2025-11-13 03:15:00+00:00,4.193840265274048
2025-11-13 03:20:00+00:00,3.1338796615600586
2025-11-13 03:25:00+00:00,3.1626858711242676
2025-11-13 03:30:00+00:00,3.0884344577789307
2025-11-13 03:35:00+00:00,3.084734439849854
2025-11-13 03:40:00+00:00,
2025-11-13 03:45:00+00:00,3.245109796524048
2025-11-13 03:50:00+00:00,3.1343281269073486
2025-11-13 03:55:00+00:00,2.2817397117614746
2025-11-13 04:00:00+00:00,3.1328001022338867
2025-11-13 04:05:00+00:00,
2025-11-13 04:10:00+00:00,
2025-11-13 04:15:00+00:00,
2025-11-13 04:20:00+00:00,
2025-11-13 04:25:00+00:00,
2025-11-13 04:30:00+00:00,
2025-11-13 04:35:00+00:00,
2025-11-13 04:40:00+00:00,
2025-11-13 04:45:00+00:00,
2025-11-13 04:50:00+00:00,
2025-11-13 04:55:00+00:00,
2025-11-13 05:00:00+00:00,
2025-11-13 05:05:00+00:00,
2025-11-13 05:10:00+00:00,
2025-11-13 05:15:00+00:00,
2025-11-13 05:20:00+00:00,
2025-11-13 05:25:00+00:00,
2025-11-13 05:30:00+00:00,
2025-11-13 05:35:00+00:00,
2025-11-13 05:40:00+00:00,
2025-11-13 05:45:00+00:00,
2025-11-13 05:50:00+00:00,
2025-11-13 05:55:00+00:00,
2025-11-13 06:00:00+00:00,
2025-11-13 06:05:00+00:00,
2025-11-13 06:10:00+00:00,
2025-11-13 06:15:00+00:00,
2025-11-13 06:20:00+00:00,
2025-11-13 06:25:00+00:00,
2025-11-13 06:30:00+00:00,
2025-11-13 06:35:00+00:00,
2025-11-13 06:40:00+00:00,
2025-11-13 06:45:00+00:00,
2025-11-13 06:50:00+00:00,
2025-11-13 06:55:00+00:00,
2025-11-13 07:00:00+00:00,
2025-11-13 07:05:00+00:00,
2025-11-13 07:10:00+00:00,
2025-11-13 07:15:00+00:00,
2025-11-13 07:20:00+00:00,
2025-11-13 07:25:00+00:00,
2025-11-13 07:30:00+00:00,
2025-11-13 07:35:00+00:00,
2025-11-13 07:40:00+00:00,
2025-11-13 07:45:00+00:00,
2025-11-13 07:50:00+00:00,
2025-11-13 07:55:00+00:00,
2025-11-13 08:00:00+00:00,
2025-11-13 08:05:00+00:00,
2025-11-13 08:10:00+00:00,
2025-11-13 08:15:00+00:00,
2025-11-13 08:20:00+00:00,
2025-11-13 08:25:00+00:00,
2025-11-13 08:30:00+00:00,
2025-11-13 08:35:00+00:00,
2025-11-13 08:40:00+00:00,
2025-11-13 08:45:00+00:00,
2025-11-13 08:50:00+00:00,
2025-11-13 08:55:00+00:00,
2025-11-13 09:00:00+00:00,
2025-11-13 09:05:00+00:00,
2025-11-13 09:10:00+00:00,
2025-11-13 09:15:00+00:00,
2025-11-13 09:20:00+00:00,
2025-11-13 09:25:00+00:00,
2025-11-13 09:30:00+00:00,
2025-11-13 09:35:00+00:00,
2025-11-13 09:40:00+00:00,
2025-11-13 09:45:00+00:00,
2025-11-13 09:50:00+00:00,
2025-11-13 09:55:00+00:00,
2025-11-13 10:00:00+00:00,
2025-11-13 10:05:00+00:00,
2025-11-13 10:10:00+00:00,
2025-11-13 10:15:00+00:00,
2025-11-13 10:20:00+00:00,
2025-11-13 10:25:00+00:00,
2025-11-13 10:30:00+00:00,
2025-11-13 10:35:00+00:00,
2025-11-13 10:40:00+00:00,
2025-11-13 10:45:00+00:00,
2025-11-13 10:50:00+00:00,
2025-11-13 10:55:00+00:00,
2025-11-13 11:00:00+00:00,
2025-11-13 11:05:00+00:00,
2025-11-13 11:10:00+00:00,
2025-11-13 11:15:00+00:00,
2025-11-13 11:20:00+00:00,
2025-11-13 11:25:00+00:00,
2025-11-13 11:30:00+00:00,
2025-11-13 11:35:00+00:00,
2025-11-13 11:40:00+00:00,
2025-11-13 11:45:00+00:00,
2025-11-13 11:50:00+00:00,
2025-11-13 11:55:00+00:00,
2025-11-13 12:00:00+00:00,
2025-11-13 12:05:00+00:00,
2025-11-13 12:10:00+00:00,
2025-11-13 12:15:00+00:00,
2025-11-13 12:20:00+00:00,
2025-11-13 12:25:00+00:00,
2025-11-13 12:30:00+00:00,
2025-11-13 12:35:00+00:00,
2025-11-13 12:40:00+00:00,
2025-11-13 12:45:00+00:00,
2025-11-13 12:50:00+00:00,
2025-11-13 12:55:00+00:00,
2025-11-13 13:00:00+00:00,
2025-11-13 13:05:00+00:00,
2025-11-13 13:10:00+00:00,
2025-11-13 13:15:00+00:00,
2025-11-13 13:20:00+00:00,
2025-11-13 13:25:00+00:00,
2025-11-13 13:30:00+00:00,
2025-11-13 13:35:00+00:00,
2025-11-13 13:40:00+00:00,
2025-11-13 13:45:00+00:00,
2025-11-13 13:50:00+00:00,
2025-11-13 13:55:00+00:00,
2025-11-13 14:00:00+00:00,
2025-11-13 14:05:00+00:00,
2025-11-13 14:10:00+00:00,
2025-11-13 14:15:00+00:00,
2025-11-13 14:20:00+00:00,
2025-11-13 14:25:00+00:00,
2025-11-13 14:30:00+00:00,
2025-11-13 14:35:00+00:00,
2025-11-13 14:40:00+00:00,
2025-11-13 14:45:00+00:00,
2025-11-13 14:50:00+00:00,
2025-11-13 14:55:00+00:00,
2025-11-13 15:00:00+00:00,
2025-11-13 15:05:00+00:00,
2025-11-13 15:10:00+00:00,
2025-11-13 15:15:00+00:00,
2025-11-13 15:20:00+00:00,
2025-11-13 15:25:00+00:00,
2025-11-13 15:30:00+00:00,
2025-11-13 15:35:00+00:00,
2025-11-13 15:40:00+00:00,
2025-11-13 15:45:00+00:00,
2025-11-13 15:50:00+00:00,
2025-11-13 15:55:00+00:00,
2025-11-13 16:00:00+00:00,
2025-11-13 16:05:00+00:00,
2025-11-13 16:10:00+00:00,
2025-11-13 16:15:00+00:00,
2025-11-13 16:20:00+00:00,
2025-11-13 16:25:00+00:00,
2025-11-13 16:30:00+00:00,
2025-11-13 16:35:00+00:00,
2025-11-13 16:40:00+00:00,
2025-11-13 16:45:00+00:00,
2025-11-13 16:50:00+00:00,
2025-11-13 16:55:00+00:00,
2025-11-13 17:00:00+00:00,
2025-11-13 17:05:00+00:00,
2025-11-13 17:10:00+00:00,
2025-11-13 17:15:00+00:00,
2025-11-13 17:20:00+00:00,
2025-11-13 17:25:00+00:00,
2025-11-13 17:30:00+00:00,
2025-11-13 17:35:00+00:00,
2025-11-13 17:40:00+00:00,
2025-11-13 17:45:00+00:00,
2025-11-13 17:50:00+00:00,
2025-11-13 17:55:00+00:00,
2025-11-13 18:00:00+00:00,
2025-11-13 18:05:00+00:00,2.114418864250183
2025-11-13 18:10:00+00:00,
2025-11-13 18:15:00+00:00,
2025-11-13 18:20:00+00:00,
2025-11-13 18:25:00+00:00,
2025-11-13 18:30:00+00:00,
2025-11-13 18:35:00+00:00,
2025-11-13 18:40:00+00:00,
2025-11-13 18:45:00+00:00,
2025-11-13 18:50:00+00:00,
2025-11-13 18:55:00+00:00,
2025-11-13 19:00:00+00:00,
2025-11-13 19:05:00+00:00,3.123098850250244
2025-11-13 19:10:00+00:00,3.1288840770721436
2025-11-13 19:15:00+00:00,2.1642990112304688
2025-11-13 19:20:00+00:00,3.4558987617492676
2025-11-13 19:25:00+00:00,4.112018823623657
2025-11-13 19:30:00+00:00,3.104313611984253
2025-11-13 19:35:00+00:00,2.4530880451202393
2025-11-13 19:40:00+00:00,
2025-11-13 19:45:00+00:00,3.1262030601501465
2025-11-13 19:50:00+00:00,3.1405484676361084
2025-11-13 19:55:00+00:00,5.310277938842773
2025-11-13 20:00:00+00:00,3.186852216720581
2025-11-13 20:05:00+00:00,4.370172739028931
2025-11-13 20:10:00+00:00,
2025-11-13 20:15:00+00:00,
2025-11-13 20:20:00+00:00,
2025-11-13 20:25:00+00:00,
2025-11-13 20:30:00+00:00,
2025-11-13 20:35:00+00:00,
2025-11-13 20:40:00+00:00,
2025-11-13 20:45:00+00:00,
2025-11-13 20:50:00+00:00,
2025-11-13 20:55:00+00:00,
2025-11-13 21:00:00+00:00,
2025-11-13 21:05:00+00:00,2.646853804588318
2025-11-13 21:10:00+00:00,3.1296274662017822
2025-11-13 21:15:00+00:00,2.1864137649536133
2025-11-13 21:20:00+00:00,2.1267104148864746
2025-11-13 21:25:00+00:00,
2025-11-13 21:30:00+00:00,2.233687162399292
2025-11-13 21:35:00+00:00,3.135878562927246
2025-11-13 21:40:00+00:00,2.064741373062134
2025-11-13 21:45:00+00:00,2.179871082305908
2025-11-13 21:50:00+00:00,2.1228442192077637
2025-11-13 21:55:00+00:00,
2025-11-13 22:00:00+00:00,2.145127534866333
2025-11-13 22:05:00+00:00,2.1093411445617676
2025-11-13 22:10:00+00:00,
2025-11-13 22:15:00+00:00,
2025-11-13 22:20:00+00:00,
2025-11-13 22:25:00+00:00,
2025-11-13 22:30:00+00:00,
2025-11-13 22:35:00+00:00,
2025-11-13 22:40:00+00:00,
2025-11-13 22:45:00+00:00,
2025-11-13 22:50:00+00:00,
2025-11-13 22:55:00+00:00,
2025-11-13 23:00:00+00:00,
2025-11-13 23:05:00+00:00,2.1390268802642822
2025-11-13 23:10:00+00:00,2.1185343265533447
2025-11-13 23:15:00+00:00,2.0513296127319336
2025-11-13 23:20:00+00:00,2.1961076259613037
2025-11-13 23:25:00+00:00,2.158257007598877
2025-11-13 23:30:00+00:00,2.1107423305511475
2025-11-13 23:35:00+00:00,2.101551055908203
2025-11-13 23:40:00+00:00,
2025-11-13 23:45:00+00:00,2.121342182159424
2025-11-13 23:50:00+00:00,2.097663640975952
2025-11-13 23:55:00+00:00,2.0711963176727295
2025-11-14 00:00:00+00:00,2.1168501377105713
2025-11-14 00:05:00+00:00,2.0957753658294678
2025-11-14 00:10:00+00:00,
2025-11-14 00:15:00+00:00,
2025-11-14 00:20:00+00:00,
2025-11-14 00:25:00+00:00,
2025-11-14 00:30:00+00:00,
2025-11-14 00:35:00+00:00,
2025-11-14 00:40:00+00:00,
2025-11-14 00:45:00+00:00,
2025-11-14 00:50:00+00:00,
2025-11-14 00:55:00+00:00,
2025-11-14 01:00:00+00:00,
2025-11-14 01:05:00+00:00,2.141991376876831
2025-11-14 01:10:00+00:00,3.1588101387023926
2025-11-14 01:15:00+00:00,2.1840219497680664
2025-11-14 01:20:00+00:00,3.2229669094085693
2025-11-14 01:25:00+00:00,3.228808641433716
2025-11-14 01:30:00+00:00,3.214601516723633
2025-11-14 01:35:00+00:00,3.119990110397339
2025-11-14 01:40:00+00:00,
2025-11-14 01:45:00+00:00,4.104446887969971
2025-11-14 01:50:00+00:00,4.370566129684448
2025-11-14 01:55:00+00:00,3.118398666381836
2025-11-14 02:00:00+00:00,2.1529691219329834
2025-11-14 02:05:00+00:00,2.2251663208007812
2025-11-14 02:10:00+00:00,
2025-11-14 02:15:00+00:00,
2025-11-14 02:20:00+00:00,
2025-11-14 02:25:00+00:00,
2025-11-14 02:30:00+00:00,
2025-11-14 02:35:00+00:00,
2025-11-14 02:40:00+00:00,
2025-11-14 02:45:00+00:00,
2025-11-14 02:50:00+00:00,
2025-11-14 02:55:00+00:00,
2025-11-14 03:00:00+00:00,
2025-11-14 03:05:00+00:00,3.3801782131195064
2025-11-14 03:10:00+00:00,2.3572323322296143
2025-11-14 03:15:00+00:00,2.111729145050049
2025-11-14 03:20:00+00:00,3.25272274017334
2025-11-14 03:25:00+00:00,3.1648244857788086
2025-11-14 03:30:00+00:00,4.1121954917907715
2025-11-14 03:35:00+00:00,3.26981782913208
2025-11-14 03:40:00+00:00,
2025-11-14 03:45:00+00:00,2.720857620239258
2025-11-14 03:50:00+00:00,2.066868305206299
2025-11-14 03:55:00+00:00,3.0823464393615723
2025-11-14 04:00:00+00:00,2.120108127593994
2025-11-14 04:05:00+00:00,
2025-11-14 04:10:00+00:00,
2025-11-14 04:15:00+00:00,
2025-11-14 04:20:00+00:00,
2025-11-14 04:25:00+00:00,
2025-11-14 04:30:00+00:00,
2025-11-14 04:35:00+00:00,
2025-11-14 04:40:00+00:00,
2025-11-14 04:45:00+00:00,
2025-11-14 04:50:00+00:00,
2025-11-14 04:55:00+00:00,
2025-11-14 05:00:00+00:00,
2025-11-14 05:05:00+00:00,
2025-11-14 05:10:00+00:00,
2025-11-14 05:15:00+00:00,
2025-11-14 05:20:00+00:00,
2025-11-14 05:25:00+00:00,
2025-11-14 05:30:00+00:00,
2025-11-14 05:35:00+00:00,
2025-11-14 05:40:00+00:00,
2025-11-14 05:45:00+00:00,
2025-11-14 05:50:00+00:00,
2025-11-14 05:55:00+00:00,
2025-11-14 06:00:00+00:00,
2025-11-14 06:05:00+00:00,
2025-11-14 06:10:00+00:00,
2025-11-14 06:15:00+00:00,
2025-11-14 06:20:00+00:00,
2025-11-14 06:25:00+00:00,
2025-11-14 06:30:00+00:00,
2025-11-14 06:35:00+00:00,
2025-11-14 06:40:00+00:00,
2025-11-14 06:45:00+00:00,
2025-11-14 06:50:00+00:00,
2025-11-14 06:55:00+00:00,
2025-11-14 07:00:00+00:00,
2025-11-14 07:05:00+00:00,
2025-11-14 07:10:00+00:00,
2025-11-14 07:15:00+00:00,
2025-11-14 07:20:00+00:00,
2025-11-14 07:25:00+00:00,
2025-11-14 07:30:00+00:00,
2025-11-14 07:35:00+00:00,
2025-11-14 07:40:00+00:00,
2025-11-14 07:45:00+00:00,
2025-11-14 07:50:00+00:00,
2025-11-14 07:55:00+00:00,
2025-11-14 08:00:00+00:00,
2025-11-14 08:05:00+00:00,
2025-11-14 08:10:00+00:00,
2025-11-14 08:15:00+00:00,
2025-11-14 08:20:00+00:00,
2025-11-14 08:25:00+00:00,
2025-11-14 08:30:00+00:00,
2025-11-14 08:35:00+00:00,
2025-11-14 08:40:00+00:00,
2025-11-14 08:45:00+00:00,
2025-11-14 08:50:00+00:00,
2025-11-14 08:55:00+00:00,
2025-11-14 09:00:00+00:00,
2025-11-14 09:05:00+00:00,
2025-11-14 09:10:00+00:00,
2025-11-14 09:15:00+00:00,
2025-11-14 09:20:00+00:00,
2025-11-14 09:25:00+00:00,
2025-11-14 09:30:00+00:00,
2025-11-14 09:35:00+00:00,
2025-11-14 09:40:00+00:00,
2025-11-14 09:45:00+00:00,
2025-11-14 09:50:00+00:00,
2025-11-14 09:55:00+00:00,
2025-11-14 10:00:00+00:00,
2025-11-14 10:05:00+00:00,
2025-11-14 10:10:00+00:00,
2025-11-14 10:15:00+00:00,
2025-11-14 10:20:00+00:00,
2025-11-14 10:25:00+00:00,
2025-11-14 10:30:00+00:00,
2025-11-14 10:35:00+00:00,
2025-11-14 10:40:00+00:00,
2025-11-14 10:45:00+00:00,
2025-11-14 10:50:00+00:00,
2025-11-14 10:55:00+00:00,
2025-11-14 11:00:00+00:00,
2025-11-14 11:05:00+00:00,
2025-11-14 11:10:00+00:00,
2025-11-14 11:15:00+00:00,
2025-11-14 11:20:00+00:00,
2025-11-14 11:25:00+00:00,
2025-11-14 11:30:00+00:00,
2025-11-14 11:35:00+00:00,
2025-11-14 11:40:00+00:00,
2025-11-14 11:45:00+00:00,
2025-11-14 11:50:00+00:00,
2025-11-14 11:55:00+00:00,
2025-11-14 12:00:00+00:00,
2025-11-14 12:05:00+00:00,
2025-11-14 12:10:00+00:00,
2025-11-14 12:15:00+00:00,
2025-11-14 12:20:00+00:00,
2025-11-14 12:25:00+00:00,
2025-11-14 12:30:00+00:00,
2025-11-14 12:35:00+00:00,
2025-11-14 12:40:00+00:00,
2025-11-14 12:45:00+00:00,
2025-11-14 12:50:00+00:00,
2025-11-14 12:55:00+00:00,
2025-11-14 13:00:00+00:00,
2025-11-14 13:05:00+00:00,
2025-11-14 13:10:00+00:00,
2025-11-14 13:15:00+00:00,
2025-11-14 13:20:00+00:00,
2025-11-14 13:25:00+00:00,
2025-11-14 13:30:00+00:00,
2025-11-14 13:35:00+00:00,
2025-11-14 13:40:00+00:00,
2025-11-14 13:45:00+00:00,
2025-11-14 13:50:00+00:00,
2025-11-14 13:55:00+00:00,
2025-11-14 14:00:00+00:00,
2025-11-14 14:05:00+00:00,
2025-11-14 14:10:00+00:00,
2025-11-14 14:15:00+00:00,
2025-11-14 14:20:00+00:00,
2025-11-14 14:25:00+00:00,
2025-11-14 14:30:00+00:00,
2025-11-14 14:35:00+00:00,
2025-11-14 14:40:00+00:00,
2025-11-14 14:45:00+00:00,
2025-11-14 14:50:00+00:00,
2025-11-14 14:55:00+00:00,
2025-11-14 15:00:00+00:00,
2025-11-14 15:05:00+00:00,
2025-11-14 15:10:00+00:00,
2025-11-14 15:15:00+00:00,
2025-11-14 15:20:00+00:00,
2025-11-14 15:25:00+00:00,
2025-11-14 15:30:00+00:00,
2025-11-14 15:35:00+00:00,
2025-11-14 15:40:00+00:00,
2025-11-14 15:45:00+00:00,
2025-11-14 15:50:00+00:00,
2025-11-14 15:55:00+00:00,
2025-11-14 16:00:00+00:00,
2025-11-14 16:05:00+00:00,
2025-11-14 16:10:00+00:00,
2025-11-14 16:15:00+00:00,
2025-11-14 16:20:00+00:00,
2025-11-14 16:25:00+00:00,
2025-11-14 16:30:00+00:00,
2025-11-14 16:35:00+00:00,
2025-11-14 16:40:00+00:00,
2025-11-14 16:45:00+00:00,
2025-11-14 16:50:00+00:00,
2025-11-14 16:55:00+00:00,
2025-11-14 17:00:00+00:00,
2025-11-14 17:05:00+00:00,
2025-11-14 17:10:00+00:00,
2025-11-14 17:15:00+00:00,
2025-11-14 17:20:00+00:00,
2025-11-14 17:25:00+00:00,
2025-11-14 17:30:00+00:00,
2025-11-14 17:35:00+00:00,
2025-11-14 17:40:00+00:00,
2025-11-14 17:45:00+00:00,
2025-11-14 17:50:00+00:00,
2025-11-14 17:55:00+00:00,
2025-11-14 18:00:00+00:00,
2025-11-14 18:05:00+00:00,2.616194486618042
2025-11-14 18:10:00+00:00,
2025-11-14 18:15:00+00:00,
2025-11-14 18:20:00+00:00,
2025-11-14 18:25:00+00:00,
2025-11-14 18:30:00+00:00,
2025-11-14 18:35:00+00:00,
2025-11-14 18:40:00+00:00,
2025-11-14 18:45:00+00:00,
2025-11-14 18:50:00+00:00,
2025-11-14 18:55:00+00:00,
2025-11-14 19:00:00+00:00,
2025-11-14 19:05:00+00:00,4.378425598144531
2025-11-14 19:10:00+00:00,2.127607822418213
2025-11-14 19:15:00+00:00,2.127992630004883
2025-11-14 19:20:00+00:00,3.1931133270263676
2025-11-14 19:25:00+00:00,3.2405707836151123
2025-11-14 19:30:00+00:00,3.194929599761963
2025-11-14 19:35:00+00:00,3.1939029693603516
2025-11-14 19:40:00+00:00,
2025-11-14 19:45:00+00:00,2.132859706878662
2025-11-14 19:50:00+00:00,2.1711933612823486
2025-11-14 19:55:00+00:00,2.058230400085449
2025-11-14 20:00:00+00:00,2.1855671405792236
2025-11-14 20:05:00+00:00,4.288461923599243
2025-11-14 20:10:00+00:00,
2025-11-14 20:15:00+00:00,
2025-11-14 20:20:00+00:00,
2025-11-14 20:25:00+00:00,
2025-11-14 20:30:00+00:00,
2025-11-14 20:35:00+00:00,
2025-11-14 20:40:00+00:00,
2025-11-14 20:45:00+00:00,
2025-11-14 20:50:00+00:00,
2025-11-14 20:55:00+00:00,
2025-11-14 21:00:00+00:00,
2025-11-14 21:05:00+00:00,4.253655552864075
2025-11-14 21:10:00+00:00,3.238490343093872
2025-11-14 21:15:00+00:00,3.3051602840423584
2025-11-14 21:20:00+00:00,3.124757289886475
2025-11-14 21:25:00+00:00,
2025-11-14 21:30:00+00:00,3.2302830219268803
2025-11-14 21:35:00+00:00,3.200507164001465
2025-11-14 21:40:00+00:00,4.240736484527588
2025-11-14 21:45:00+00:00,3.234629869461059
2025-11-14 21:50:00+00:00,3.190365791320801
2025-11-14 21:55:00+00:00,
2025-11-14 22:00:00+00:00,3.149397611618042
2025-11-14 22:05:00+00:00,3.1801114082336426
2025-11-14 22:10:00+00:00,
2025-11-14 22:15:00+00:00,
2025-11-14 22:20:00+00:00,
2025-11-14 22:25:00+00:00,
2025-11-14 22:30:00+00:00,
2025-11-14 22:35:00+00:00,
2025-11-14 22:40:00+00:00,
2025-11-14 22:45:00+00:00,
2025-11-14 22:50:00+00:00,
2025-11-14 22:55:00+00:00,
2025-11-14 23:00:00+00:00,
2025-11-14 23:05:00+00:00,2.102630853652954
2025-11-14 23:10:00+00:00,2.2004706859588623
2025-11-14 23:15:00+00:00,3.2168846130371094
2025-11-14 23:20:00+00:00,2.0741703510284424
2025-11-14 23:25:00+00:00,2.1981215476989746
2025-11-14 23:30:00+00:00,2.1035962104797363
2025-11-14 23:35:00+00:00,2.0975069999694824
2025-11-14 23:40:00+00:00,
2025-11-14 23:45:00+00:00,2.1498401165008545
2025-11-14 23:50:00+00:00,3.2642195224761963
2025-11-14 23:55:00+00:00,2.194547653198242
2025-11-15 00:00:00+00:00,2.233976125717163
2025-11-15 00:05:00+00:00,3.1669886112213135
2025-11-15 00:10:00+00:00,
2025-11-15 00:15:00+00:00,
2025-11-15 00:20:00+00:00,
2025-11-15 00:25:00+00:00,
2025-11-15 00:30:00+00:00,
2025-11-15 00:35:00+00:00,
2025-11-15 00:40:00+00:00,
2025-11-15 00:45:00+00:00,
2025-11-15 00:50:00+00:00,
2025-11-15 00:55:00+00:00,
2025-11-15 01:00:00+00:00,
2025-11-15 01:05:00+00:00,2.6096131801605225
2025-11-15 01:10:00+00:00,2.1035304069519043
2025-11-15 01:15:00+00:00,2.1628711223602295
2025-11-15 01:20:00+00:00,2.1083028316497803
2025-11-15 01:25:00+00:00,
2025-11-15 01:30:00+00:00,2.339290618896485
2025-11-15 01:35:00+00:00,2.117755889892578
2025-11-15 01:40:00+00:00,3.1788017749786377
2025-11-15 01:45:00+00:00,3.263484001159668
2025-11-15 01:50:00+00:00,3.0835838317871094
2025-11-15 01:55:00+00:00,
2025-11-15 02:00:00+00:00,3.224621295928955
2025-11-15 02:05:00+00:00,3.7703880071640015
2025-11-15 02:10:00+00:00,
2025-11-15 02:15:00+00:00,
2025-11-15 02:20:00+00:00,
2025-11-15 02:25:00+00:00,
2025-11-15 02:30:00+00:00,
2025-11-15 02:35:00+00:00,
2025-11-15 02:40:00+00:00,
2025-11-15 02:45:00+00:00,
2025-11-15 02:50:00+00:00,
2025-11-15 02:55:00+00:00,
2025-11-15 03:00:00+00:00,
2025-11-15 03:05:00+00:00,2.119206190109253
2025-11-15 03:10:00+00:00,2.32664155960083
2025-11-15 03:15:00+00:00,2.0672497749328613
2025-11-15 03:20:00+00:00,2.108971357345581
2025-11-15 03:25:00+00:00,2.179004430770874
2025-11-15 03:30:00+00:00,2.09411358833313
2025-11-15 03:35:00+00:00,2.122190475463867
2025-11-15 03:40:00+00:00,
2025-11-15 03:45:00+00:00,3.1918814182281494
2025-11-15 03:50:00+00:00,2.1415176391601562
2025-11-15 03:55:00+00:00,2.1741464138031006
2025-11-15 04:00:00+00:00,2.068019390106201
2025-11-15 04:05:00+00:00,2.1999709606170654
2025-11-15 04:10:00+00:00,
2025-11-15 04:15:00+00:00,
2025-11-15 04:20:00+00:00,
2025-11-15 04:25:00+00:00,
2025-11-15 04:30:00+00:00,
2025-11-15 04:35:00+00:00,
2025-11-15 04:40:00+00:00,
2025-11-15 04:45:00+00:00,
2025-11-15 04:50:00+00:00,
2025-11-15 04:55:00+00:00,
2025-11-15 05:00:00+00:00,
2025-11-15 05:05:00+00:00,2.170732021331787
2025-11-15 05:10:00+00:00,2.181993246078491
2025-11-15 05:15:00+00:00,2.111081600189209
2025-11-15 05:20:00+00:00,2.1101787090301514
2025-11-15 05:25:00+00:00,
2025-11-15 05:30:00+00:00,2.1443114280700684
2025-11-15 05:35:00+00:00,2.180377960205078
2025-11-15 05:40:00+00:00,2.2084269523620605
2025-11-15 05:45:00+00:00,2.1695451736450195
2025-11-15 05:50:00+00:00,2.2102389335632324
2025-11-15 05:55:00+00:00,
2025-11-15 06:00:00+00:00,3.2269937992095947
2025-11-15 06:05:00+00:00,2.6317620277404785
2025-11-15 06:10:00+00:00,
2025-11-15 06:15:00+00:00,
2025-11-15 06:20:00+00:00,
2025-11-15 06:25:00+00:00,
2025-11-15 06:30:00+00:00,
2025-11-15 06:35:00+00:00,
2025-11-15 06:40:00+00:00,
2025-11-15 06:45:00+00:00,
2025-11-15 06:50:00+00:00,
2025-11-15 06:55:00+00:00,
2025-11-15 07:00:00+00:00,
2025-11-15 07:05:00+00:00,3.1531143188476562
2025-11-15 07:10:00+00:00,
2025-11-15 07:15:00+00:00,2.1030328273773193
2025-11-15 07:20:00+00:00,3.319855213165283
2025-11-15 07:25:00+00:00,3.0956666469573975
2025-11-15 07:30:00+00:00,3.1599957942962646
2025-11-15 07:35:00+00:00,3.223289728164673
2025-11-15 07:40:00+00:00,
2025-11-15 07:45:00+00:00,3.1641132831573486
2025-11-15 07:50:00+00:00,4.156305551528931
2025-11-15 07:55:00+00:00,3.1075682640075684
2025-11-15 08:00:00+00:00,3.2855710983276367
2025-11-15 08:05:00+00:00,3.1741371154785156
2025-11-15 08:10:00+00:00,
2025-11-15 08:15:00+00:00,
2025-11-15 08:20:00+00:00,
2025-11-15 08:25:00+00:00,
2025-11-15 08:30:00+00:00,
2025-11-15 08:35:00+00:00,
2025-11-15 08:40:00+00:00,
2025-11-15 08:45:00+00:00,
2025-11-15 08:50:00+00:00,
2025-11-15 08:55:00+00:00,
2025-11-15 09:00:00+00:00,
2025-11-15 09:05:00+00:00,2.120814323425293
2025-11-15 09:10:00+00:00,2.1271893978118896
2025-11-15 09:15:00+00:00,3.1204993724823
2025-11-15 09:20:00+00:00,2.1163792610168457
2025-11-15 09:25:00+00:00,2.2459304332733154
2025-11-15 09:30:00+00:00,2.148277521133423
2025-11-15 09:35:00+00:00,2.0859601497650146
2025-11-15 09:40:00+00:00,
2025-11-15 09:45:00+00:00,2.125669240951538
2025-11-15 09:50:00+00:00,2.125023126602173
2025-11-15 09:55:00+00:00,2.13089919090271
2025-11-15 10:00:00+00:00,2.2044053077697754
2025-11-15 10:05:00+00:00,4.170447587966919
2025-11-15 10:10:00+00:00,
2025-11-15 10:15:00+00:00,
2025-11-15 10:20:00+00:00,
2025-11-15 10:25:00+00:00,
2025-11-15 10:30:00+00:00,
2025-11-15 10:35:00+00:00,
2025-11-15 10:40:00+00:00,
2025-11-15 10:45:00+00:00,
2025-11-15 10:50:00+00:00,
2025-11-15 10:55:00+00:00,
2025-11-15 11:00:00+00:00,
2025-11-15 11:05:00+00:00,4.208327293395996
2025-11-15 11:10:00+00:00,3.1662192344665527
2025-11-15 11:15:00+00:00,3.0936460494995117
2025-11-15 11:20:00+00:00,3.2399436235427856
2025-11-15 11:25:00+00:00,3.3752009868621826
2025-11-15 11:30:00+00:00,4.319815397262573
2025-11-15 11:35:00+00:00,3.223612070083618
2025-11-15 11:40:00+00:00,
2025-11-15 11:45:00+00:00,3.0936639308929443
2025-11-15 11:50:00+00:00,3.1468594074249268
2025-11-15 11:55:00+00:00,4.313270092010498
2025-11-15 12:00:00+00:00,3.662198781967163
2025-11-15 12:05:00+00:00,3.1890406608581543
2025-11-15 12:10:00+00:00,
2025-11-15 12:15:00+00:00,
2025-11-15 12:20:00+00:00,
2025-11-15 12:25:00+00:00,
2025-11-15 12:30:00+00:00,
2025-11-15 12:35:00+00:00,
2025-11-15 12:40:00+00:00,
2025-11-15 12:45:00+00:00,
2025-11-15 12:50:00+00:00,
2025-11-15 12:55:00+00:00,
2025-11-15 13:00:00+00:00,
2025-11-15 13:05:00+00:00,2.0729684829711914
2025-11-15 13:10:00+00:00,3.148766040802002
2025-11-15 13:15:00+00:00,2.1473824977874756
2025-11-15 13:20:00+00:00,2.1642794609069824
2025-11-15 13:25:00+00:00,2.157430648803711
2025-11-15 13:30:00+00:00,2.1045055389404297
2025-11-15 13:35:00+00:00,2.2242133617401123
2025-11-15 13:40:00+00:00,
2025-11-15 13:45:00+00:00,2.193312883377075
2025-11-15 13:50:00+00:00,2.148526668548584
2025-11-15 13:55:00+00:00,2.119051456451416
2025-11-15 14:00:00+00:00,2.121027708053589
2025-11-15 14:05:00+00:00,2.159419298171997
2025-11-15 14:10:00+00:00,
2025-11-15 14:15:00+00:00,
2025-11-15 14:20:00+00:00,
2025-11-15 14:25:00+00:00,
2025-11-15 14:30:00+00:00,
2025-11-15 14:35:00+00:00,
2025-11-15 14:40:00+00:00,
2025-11-15 14:45:00+00:00,
2025-11-15 14:50:00+00:00,
2025-11-15 14:55:00+00:00,
2025-11-15 15:00:00+00:00,
2025-11-15 15:05:00+00:00,3.207021713256836
2025-11-15 15:10:00+00:00,2.2549216747283936
2025-11-15 15:15:00+00:00,2.195967674255371
2025-11-15 15:20:00+00:00,2.06611967086792
2025-11-15 15:25:00+00:00,2.133129596710205
2025-11-15 15:30:00+00:00,2.1327221393585205
2025-11-15 15:35:00+00:00,2.229757785797119
2025-11-15 15:40:00+00:00,
2025-11-15 15:45:00+00:00,3.1809632778167725
2025-11-15 15:50:00+00:00,3.1229567527771
2025-11-15 15:55:00+00:00,2.06721568107605
2025-11-15 16:00:00+00:00,2.1517715454101562
2025-11-15 16:05:00+00:00,3.0855884552001953
2025-11-15 16:10:00+00:00,
2025-11-15 16:15:00+00:00,
2025-11-15 16:20:00+00:00,
2025-11-15 16:25:00+00:00,
2025-11-15 16:30:00+00:00,
2025-11-15 16:35:00+00:00,
2025-11-15 16:40:00+00:00,
2025-11-15 16:45:00+00:00,
2025-11-15 16:50:00+00:00,
2025-11-15 16:55:00+00:00,
2025-11-15 17:00:00+00:00,
2025-11-15 17:05:00+00:00,5.3306193351745605
2025-11-15 17:10:00+00:00,4.355527400970459
2025-11-15 17:15:00+00:00,3.135083198547363
2025-11-15 17:20:00+00:00,4.1747095584869385
2025-11-15 17:25:00+00:00,4.397524833679199
2025-11-15 17:30:00+00:00,4.297140121459961
2025-11-15 17:35:00+00:00,3.4268009662628174
2025-11-15 17:40:00+00:00,
2025-11-15 17:45:00+00:00,4.165436267852783
2025-11-15 17:50:00+00:00,3.1485439936319994
2025-11-15 17:55:00+00:00,3.0959014892578125
2025-11-15 18:00:00+00:00,3.1546645164489746
2025-11-15 18:05:00+00:00,2.060624361038208
2025-11-15 18:10:00+00:00,
2025-11-15 18:15:00+00:00,
2025-11-15 18:20:00+00:00,
2025-11-15 18:25:00+00:00,
2025-11-15 18:30:00+00:00,
2025-11-15 18:35:00+00:00,
2025-11-15 18:40:00+00:00,
2025-11-15 18:45:00+00:00,
2025-11-15 18:50:00+00:00,
2025-11-15 18:55:00+00:00,
2025-11-15 19:00:00+00:00,
2025-11-15 19:05:00+00:00,3.094314336776734
2025-11-15 19:10:00+00:00,2.082354784011841
2025-11-15 19:15:00+00:00,2.096729040145874
2025-11-15 19:20:00+00:00,2.1604056358337402
2025-11-15 19:25:00+00:00,3.166985750198364
2025-11-15 19:30:00+00:00,2.270127058029175
2025-11-15 19:35:00+00:00,3.130213975906372
2025-11-15 19:40:00+00:00,
2025-11-15 19:45:00+00:00,2.1940295696258545
2025-11-15 19:50:00+00:00,2.063915491104126
2025-11-15 19:55:00+00:00,2.23213529586792
2025-11-15 20:00:00+00:00,2.185016632080078
2025-11-15 20:05:00+00:00,2.0854249000549316
2025-11-15 20:10:00+00:00,
2025-11-15 20:15:00+00:00,
2025-11-15 20:20:00+00:00,
2025-11-15 20:25:00+00:00,
2025-11-15 20:30:00+00:00,
2025-11-15 20:35:00+00:00,
2025-11-15 20:40:00+00:00,
2025-11-15 20:45:00+00:00,
2025-11-15 20:50:00+00:00,
2025-11-15 20:55:00+00:00,
2025-11-15 21:00:00+00:00,
2025-11-15 21:05:00+00:00,3.6990687847137456
2025-11-15 21:10:00+00:00,4.163378477096558
2025-11-15 21:15:00+00:00,4.131272315979004
2025-11-15 21:20:00+00:00,2.0629355907440186
2025-11-15 21:25:00+00:00,
2025-11-15 21:30:00+00:00,2.315735101699829
2025-11-15 21:35:00+00:00,2.2042009830474854
2025-11-15 21:40:00+00:00,2.134442090988159
2025-11-15 21:45:00+00:00,3.1728708744049072
2025-11-15 21:50:00+00:00,4.207825660705566
2025-11-15 21:55:00+00:00,
2025-11-15 22:00:00+00:00,3.2395641803741455
2025-11-15 22:05:00+00:00,3.766249179840088
2025-11-15 22:10:00+00:00,
2025-11-15 22:15:00+00:00,
2025-11-15 22:20:00+00:00,
2025-11-15 22:25:00+00:00,
2025-11-15 22:30:00+00:00,
2025-11-15 22:35:00+00:00,
2025-11-15 22:40:00+00:00,
2025-11-15 22:45:00+00:00,
2025-11-15 22:50:00+00:00,
2025-11-15 22:55:00+00:00,
2025-11-15 23:00:00+00:00,
2025-11-15 23:05:00+00:00,3.0984044075012207
2025-11-15 23:10:00+00:00,4.224308252334595
2025-11-15 23:15:00+00:00,3.2084410190582275
2025-11-15 23:20:00+00:00,2.181814432144165
2025-11-15 23:25:00+00:00,2.0980396270751953
2025-11-15 23:30:00+00:00,2.1619479656219482
2025-11-15 23:35:00+00:00,2.1007275581359863
2025-11-15 23:40:00+00:00,
2025-11-15 23:45:00+00:00,2.0950276851654053
2025-11-15 23:50:00+00:00,2.1689066886901855
2025-11-15 23:55:00+00:00,2.208077907562256
2025-11-16 00:00:00+00:00,2.1872289180755615
2025-11-16 00:05:00+00:00,4.227845907211304
2025-11-16 00:10:00+00:00,
2025-11-16 00:15:00+00:00,
2025-11-16 00:20:00+00:00,
2025-11-16 00:25:00+00:00,
2025-11-16 00:30:00+00:00,
2025-11-16 00:35:00+00:00,
2025-11-16 00:40:00+00:00,
2025-11-16 00:45:00+00:00,
2025-11-16 00:50:00+00:00,
2025-11-16 00:55:00+00:00,
2025-11-16 01:00:00+00:00,
2025-11-16 01:05:00+00:00,3.157461404800415
2025-11-16 01:10:00+00:00,2.2648916244506836
2025-11-16 01:15:00+00:00,2.1287567615509033
2025-11-16 01:20:00+00:00,2.1255109310150146
2025-11-16 01:25:00+00:00,2.21819806098938
2025-11-16 01:30:00+00:00,2.149278402328491
2025-11-16 01:35:00+00:00,2.1580653190612793
2025-11-16 01:40:00+00:00,
2025-11-16 01:45:00+00:00,2.059087038040161
2025-11-16 01:50:00+00:00,2.331339597702026
2025-11-16 01:55:00+00:00,2.131511926651001
2025-11-16 02:00:00+00:00,2.1030638217926025
2025-11-16 02:05:00+00:00,2.07730770111084
2025-11-16 02:10:00+00:00,
2025-11-16 02:15:00+00:00,
2025-11-16 02:20:00+00:00,
2025-11-16 02:25:00+00:00,
2025-11-16 02:30:00+00:00,
2025-11-16 02:35:00+00:00,
2025-11-16 02:40:00+00:00,
2025-11-16 02:45:00+00:00,
2025-11-16 02:50:00+00:00,
2025-11-16 02:55:00+00:00,
2025-11-16 03:00:00+00:00,
2025-11-16 03:05:00+00:00,2.643855929374695
2025-11-16 03:10:00+00:00,2.1178276538848877
2025-11-16 03:15:00+00:00,3.1558480262756348
2025-11-16 03:20:00+00:00,2.19903826713562
2025-11-16 03:25:00+00:00,
2025-11-16 03:30:00+00:00,4.1616902351379395
2025-11-16 03:35:00+00:00,3.109346628189087
2025-11-16 03:40:00+00:00,3.155886650085449
2025-11-16 03:45:00+00:00,3.2158303260803223
2025-11-16 03:50:00+00:00,3.3296937942504887
2025-11-16 03:55:00+00:00,
2025-11-16 04:00:00+00:00,3.1179081201553345
2025-11-16 04:05:00+00:00,3.193787097930908
2025-11-16 04:10:00+00:00,
2025-11-16 04:15:00+00:00,
2025-11-16 04:20:00+00:00,
2025-11-16 04:25:00+00:00,
2025-11-16 04:30:00+00:00,
2025-11-16 04:35:00+00:00,
2025-11-16 04:40:00+00:00,
2025-11-16 04:45:00+00:00,
2025-11-16 04:50:00+00:00,
2025-11-16 04:55:00+00:00,
2025-11-16 05:00:00+00:00,
2025-11-16 05:05:00+00:00,2.1492412090301514
2025-11-16 05:10:00+00:00,2.2400121688842773
2025-11-16 05:15:00+00:00,2.1978769302368164
2025-11-16 05:20:00+00:00,3.1495933532714844
2025-11-16 05:25:00+00:00,
2025-11-16 05:30:00+00:00,2.1447038650512695
2025-11-16 05:35:00+00:00,2.0634677410125732
2025-11-16 05:40:00+00:00,2.2448103427886963
2025-11-16 05:45:00+00:00,3.1825156211853027
2025-11-16 05:50:00+00:00,2.1208341121673584
2025-11-16 05:55:00+00:00,
2025-11-16 06:00:00+00:00,3.225430965423584
2025-11-16 06:05:00+00:00,5.435222148895264
2025-11-16 06:10:00+00:00,
2025-11-16 06:15:00+00:00,
2025-11-16 06:20:00+00:00,
2025-11-16 06:25:00+00:00,
2025-11-16 06:30:00+00:00,
2025-11-16 06:35:00+00:00,
2025-11-16 06:40:00+00:00,
2025-11-16 06:45:00+00:00,
2025-11-16 06:50:00+00:00,
2025-11-16 06:55:00+00:00,
2025-11-16 07:00:00+00:00,
2025-11-16 07:05:00+00:00,2.638907790184021
2025-11-16 07:10:00+00:00,4.209011077880859
2025-11-16 07:15:00+00:00,3.194977045059204
2025-11-16 07:20:00+00:00,4.114371299743652
2025-11-16 07:25:00+00:00,
2025-11-16 07:30:00+00:00,3.161432981491089
2025-11-16 07:35:00+00:00,2.069683313369751
2025-11-16 07:40:00+00:00,2.1301767826080322
2025-11-16 07:45:00+00:00,2.1538197994232178
2025-11-16 07:50:00+00:00,2.1958670616149902
2025-11-16 07:55:00+00:00,
2025-11-16 08:00:00+00:00,3.181117057800293
2025-11-16 08:05:00+00:00,3.2445034980773926
2025-11-16 08:10:00+00:00,
2025-11-16 08:15:00+00:00,
2025-11-16 08:20:00+00:00,
2025-11-16 08:25:00+00:00,
2025-11-16 08:30:00+00:00,
2025-11-16 08:35:00+00:00,
2025-11-16 08:40:00+00:00,
2025-11-16 08:45:00+00:00,
2025-11-16 08:50:00+00:00,
2025-11-16 08:55:00+00:00,
2025-11-16 09:00:00+00:00,
2025-11-16 09:05:00+00:00,4.147399663925171
2025-11-16 09:10:00+00:00,4.214076995849609
2025-11-16 09:15:00+00:00,3.149909019470215
2025-11-16 09:20:00+00:00,3.286224842071533
2025-11-16 09:25:00+00:00,3.140047550201416
2025-11-16 09:30:00+00:00,3.2441372871398926
2025-11-16 09:35:00+00:00,3.191936492919922
2025-11-16 09:40:00+00:00,
2025-11-16 09:45:00+00:00,2.114607810974121
2025-11-16 09:50:00+00:00,2.2941949367523193
2025-11-16 09:55:00+00:00,2.190457582473755
2025-11-16 10:00:00+00:00,2.3865849971771245
2025-11-16 10:05:00+00:00,5.464378118515015
2025-11-16 10:10:00+00:00,
2025-11-16 10:15:00+00:00,
2025-11-16 10:20:00+00:00,
2025-11-16 10:25:00+00:00,
2025-11-16 10:30:00+00:00,
2025-11-16 10:35:00+00:00,
2025-11-16 10:40:00+00:00,
2025-11-16 10:45:00+00:00,
2025-11-16 10:50:00+00:00,
2025-11-16 10:55:00+00:00,
2025-11-16 11:00:00+00:00,
2025-11-16 11:05:00+00:00,3.3293925523757935
2025-11-16 11:10:00+00:00,2.2410681247711177
2025-11-16 11:15:00+00:00,3.163281679153442
2025-11-16 11:20:00+00:00,3.2811100482940674
2025-11-16 11:25:00+00:00,
2025-11-16 11:30:00+00:00,2.1203105449676514
2025-11-16 11:35:00+00:00,2.177014112472534
2025-11-16 11:40:00+00:00,2.0731735229492188
2025-11-16 11:45:00+00:00,2.156367778778076
2025-11-16 11:50:00+00:00,2.275002956390381
2025-11-16 11:55:00+00:00,
2025-11-16 12:00:00+00:00,2.1019070148468018
2025-11-16 12:05:00+00:00,3.1573706865310665
2025-11-16 12:10:00+00:00,
2025-11-16 12:15:00+00:00,
2025-11-16 12:20:00+00:00,
2025-11-16 12:25:00+00:00,
2025-11-16 12:30:00+00:00,
2025-11-16 12:35:00+00:00,
2025-11-16 12:40:00+00:00,
2025-11-16 12:45:00+00:00,
2025-11-16 12:50:00+00:00,
2025-11-16 12:55:00+00:00,
2025-11-16 13:00:00+00:00,
2025-11-16 13:05:00+00:00,4.205000400543213
2025-11-16 13:10:00+00:00,3.157010078430176
2025-11-16 13:15:00+00:00,2.1612117290496826
2025-11-16 13:20:00+00:00,2.229947328567505
2025-11-16 13:25:00+00:00,3.2377281188964844
2025-11-16 13:30:00+00:00,2.1986629962921143
2025-11-16 13:35:00+00:00,2.1512105464935303
2025-11-16 13:40:00+00:00,
2025-11-16 13:45:00+00:00,3.2408790588378906
2025-11-16 13:50:00+00:00,3.125876665115356
2025-11-16 13:55:00+00:00,4.233975887298584
2025-11-16 14:00:00+00:00,3.1059844493865967
2025-11-16 14:05:00+00:00,3.278289079666138
2025-11-16 14:10:00+00:00,
2025-11-16 14:15:00+00:00,
2025-11-16 14:20:00+00:00,
2025-11-16 14:25:00+00:00,
2025-11-16 14:30:00+00:00,
2025-11-16 14:35:00+00:00,
2025-11-16 14:40:00+00:00,
2025-11-16 14:45:00+00:00,
2025-11-16 14:50:00+00:00,
2025-11-16 14:55:00+00:00,
2025-11-16 15:00:00+00:00,
2025-11-16 15:05:00+00:00,2.1769553422927856
2025-11-16 15:10:00+00:00,2.1824774742126465
2025-11-16 15:15:00+00:00,2.153068780899048
2025-11-16 15:20:00+00:00,3.2497100830078125
2025-11-16 15:25:00+00:00,
2025-11-16 15:30:00+00:00,2.1990039348602295
2025-11-16 15:35:00+00:00,2.1712822914123535
2025-11-16 15:40:00+00:00,2.0750656127929688
2025-11-16 15:45:00+00:00,2.106980085372925
2025-11-16 15:50:00+00:00,2.1857807636260986
2025-11-16 15:55:00+00:00,
2025-11-16 16:00:00+00:00,2.0655300617218018
2025-11-16 16:05:00+00:00,3.718835234642029
2025-11-16 16:10:00+00:00,
2025-11-16 16:15:00+00:00,
2025-11-16 16:20:00+00:00,
2025-11-16 16:25:00+00:00,
2025-11-16 16:30:00+00:00,
2025-11-16 16:35:00+00:00,
2025-11-16 16:40:00+00:00,
2025-11-16 16:45:00+00:00,
2025-11-16 16:50:00+00:00,
2025-11-16 16:55:00+00:00,
2025-11-16 17:00:00+00:00,
2025-11-16 17:05:00+00:00,4.239255905151367
2025-11-16 17:10:00+00:00,2.165170907974243
2025-11-16 17:15:00+00:00,2.232393741607666
2025-11-16 17:20:00+00:00,3.2972726821899414
2025-11-16 17:25:00+00:00,
2025-11-16 17:30:00+00:00,2.1573500633239746
2025-11-16 17:35:00+00:00,2.113523006439209
2025-11-16 17:40:00+00:00,2.1123054027557373
2025-11-16 17:45:00+00:00,2.2779335975646973
2025-11-16 17:50:00+00:00,2.0906870365142822
2025-11-16 17:55:00+00:00,
2025-11-16 18:00:00+00:00,3.2905101776123047
2025-11-16 18:05:00+00:00,3.2505860328674316
2025-11-16 18:10:00+00:00,
2025-11-16 18:15:00+00:00,
2025-11-16 18:20:00+00:00,
2025-11-16 18:25:00+00:00,
2025-11-16 18:30:00+00:00,
2025-11-16 18:35:00+00:00,
2025-11-16 18:40:00+00:00,
2025-11-16 18:45:00+00:00,
2025-11-16 18:50:00+00:00,
2025-11-16 18:55:00+00:00,
2025-11-16 19:00:00+00:00,
2025-11-16 19:05:00+00:00,3.700648546218872
2025-11-16 19:10:00+00:00,2.3733334541320805
2025-11-16 19:15:00+00:00,3.165477752685547
2025-11-16 19:20:00+00:00,3.1053755283355713
2025-11-16 19:25:00+00:00,
2025-11-16 19:30:00+00:00,3.1087753772735596
2025-11-16 19:35:00+00:00,2.1570799350738525
2025-11-16 19:40:00+00:00,3.3239805698394775
2025-11-16 19:45:00+00:00,2.276741981506347
2025-11-16 19:50:00+00:00,2.176579475402832
2025-11-16 19:55:00+00:00,
2025-11-16 20:00:00+00:00,2.131845712661743
2025-11-16 20:05:00+00:00,4.238442659378052
2025-11-16 20:10:00+00:00,
2025-11-16 20:15:00+00:00,
2025-11-16 20:20:00+00:00,
2025-11-16 20:25:00+00:00,
2025-11-16 20:30:00+00:00,
2025-11-16 20:35:00+00:00,
2025-11-16 20:40:00+00:00,
2025-11-16 20:45:00+00:00,
2025-11-16 20:50:00+00:00,
2025-11-16 20:55:00+00:00,
2025-11-16 21:00:00+00:00,
2025-11-16 21:05:00+00:00,2.150533437728882
2025-11-16 21:10:00+00:00,2.3193881511688232
2025-11-16 21:15:00+00:00,2.095900774002075
2025-11-16 21:20:00+00:00,2.123080015182495
2025-11-16 21:25:00+00:00,
2025-11-16 21:30:00+00:00,2.108333110809326
2025-11-16 21:35:00+00:00,2.1035404205322266
2025-11-16 21:40:00+00:00,2.056144952774048
2025-11-16 21:45:00+00:00,2.127486228942871
2025-11-16 21:50:00+00:00,2.164179563522339
2025-11-16 21:55:00+00:00,
2025-11-16 22:00:00+00:00,2.3327620029449463
2025-11-16 22:05:00+00:00,3.199713945388794
2025-11-16 22:10:00+00:00,
2025-11-16 22:15:00+00:00,
2025-11-16 22:20:00+00:00,
2025-11-16 22:25:00+00:00,
2025-11-16 22:30:00+00:00,
2025-11-16 22:35:00+00:00,
2025-11-16 22:40:00+00:00,
2025-11-16 22:45:00+00:00,
2025-11-16 22:50:00+00:00,
2025-11-16 22:55:00+00:00,
2025-11-16 23:00:00+00:00,
2025-11-16 23:05:00+00:00,4.213813781738281
2025-11-16 23:10:00+00:00,3.1499862670898438
2025-11-16 23:15:00+00:00,3.1343131065368652
2025-11-16 23:20:00+00:00,2.140441417694092
2025-11-16 23:25:00+00:00,2.243762731552124
2025-11-16 23:30:00+00:00,3.172218799591065
2025-11-16 23:35:00+00:00,3.254490613937378
2025-11-16 23:40:00+00:00,
2025-11-16 23:45:00+00:00,3.237638473510742
2025-11-16 23:50:00+00:00,4.2551634311676025
2025-11-16 23:55:00+00:00,4.22514533996582
2025-11-17 00:00:00+00:00,4.289143085479736
2025-11-17 00:05:00+00:00,4.131479263305664
2025-11-17 00:10:00+00:00,
2025-11-17 00:15:00+00:00,
2025-11-17 00:20:00+00:00,
2025-11-17 00:25:00+00:00,
2025-11-17 00:30:00+00:00,
2025-11-17 00:35:00+00:00,
2025-11-17 00:40:00+00:00,
2025-11-17 00:45:00+00:00,
2025-11-17 00:50:00+00:00,
2025-11-17 00:55:00+00:00,
2025-11-17 01:00:00+00:00,
2025-11-17 01:05:00+00:00,3.139739274978638
2025-11-17 01:10:00+00:00,2.204308032989502
2025-11-17 01:15:00+00:00,3.200190782546997
2025-11-17 01:20:00+00:00,2.1750802993774414
2025-11-17 01:25:00+00:00,
2025-11-17 01:30:00+00:00,2.080620288848877
2025-11-17 01:35:00+00:00,2.1446385383605957
2025-11-17 01:40:00+00:00,2.1144235134124756
2025-11-17 01:45:00+00:00,2.1738386154174805
2025-11-17 01:50:00+00:00,2.444722890853882
2025-11-17 01:55:00+00:00,
2025-11-17 02:00:00+00:00,3.181636095046997
2025-11-17 02:05:00+00:00,3.7334504127502446
2025-11-17 02:10:00+00:00,
2025-11-17 02:15:00+00:00,
2025-11-17 02:20:00+00:00,
2025-11-17 02:25:00+00:00,
2025-11-17 02:30:00+00:00,
2025-11-17 02:35:00+00:00,
2025-11-17 02:40:00+00:00,
2025-11-17 02:45:00+00:00,
2025-11-17 02:50:00+00:00,
2025-11-17 02:55:00+00:00,
2025-11-17 03:00:00+00:00,
2025-11-17 03:05:00+00:00,6.189277172088623
2025-11-17 03:10:00+00:00,3.2863340377807617
2025-11-17 03:15:00+00:00,4.339715242385864
2025-11-17 03:20:00+00:00,3.3740572929382324
2025-11-17 03:25:00+00:00,3.1709396839141846
2025-11-17 03:30:00+00:00,4.247084379196167
2025-11-17 03:35:00+00:00,3.1177229881286617
2025-11-17 03:40:00+00:00,
2025-11-17 03:45:00+00:00,2.076263666152954
2025-11-17 03:50:00+00:00,3.292747974395752
2025-11-17 03:55:00+00:00,4.377445459365845
2025-11-17 04:00:00+00:00,3.148273468017578
2025-11-17 04:05:00+00:00,
2025-11-17 04:10:00+00:00,
2025-11-17 04:15:00+00:00,
2025-11-17 04:20:00+00:00,
2025-11-17 04:25:00+00:00,
2025-11-17 04:30:00+00:00,
2025-11-17 04:35:00+00:00,
2025-11-17 04:40:00+00:00,
2025-11-17 04:45:00+00:00,
2025-11-17 04:50:00+00:00,
2025-11-17 04:55:00+00:00,
2025-11-17 05:00:00+00:00,
2025-11-17 05:05:00+00:00,
2025-11-17 05:10:00+00:00,
2025-11-17 05:15:00+00:00,
2025-11-17 05:20:00+00:00,
2025-11-17 05:25:00+00:00,
2025-11-17 05:30:00+00:00,
2025-11-17 05:35:00+00:00,
2025-11-17 05:40:00+00:00,
2025-11-17 05:45:00+00:00,
2025-11-17 05:50:00+00:00,
2025-11-17 05:55:00+00:00,
2025-11-17 06:00:00+00:00,
2025-11-17 06:05:00+00:00,
2025-11-17 06:10:00+00:00,
2025-11-17 06:15:00+00:00,
2025-11-17 06:20:00+00:00,
2025-11-17 06:25:00+00:00,
2025-11-17 06:30:00+00:00,
2025-11-17 06:35:00+00:00,
2025-11-17 06:40:00+00:00,
2025-11-17 06:45:00+00:00,
2025-11-17 06:50:00+00:00,
2025-11-17 06:55:00+00:00,
2025-11-17 07:00:00+00:00,
2025-11-17 07:05:00+00:00,
2025-11-17 07:10:00+00:00,
2025-11-17 07:15:00+00:00,
2025-11-17 07:20:00+00:00,
2025-11-17 07:25:00+00:00,
2025-11-17 07:30:00+00:00,
2025-11-17 07:35:00+00:00,
2025-11-17 07:40:00+00:00,
2025-11-17 07:45:00+00:00,
2025-11-17 07:50:00+00:00,
2025-11-17 07:55:00+00:00,
2025-11-17 08:00:00+00:00,
2025-11-17 08:05:00+00:00,
2025-11-17 08:10:00+00:00,
2025-11-17 08:15:00+00:00,
2025-11-17 08:20:00+00:00,
2025-11-17 08:25:00+00:00,
2025-11-17 08:30:00+00:00,
2025-11-17 08:35:00+00:00,
2025-11-17 08:40:00+00:00,
2025-11-17 08:45:00+00:00,
2025-11-17 08:50:00+00:00,
2025-11-17 08:55:00+00:00,
2025-11-17 09:00:00+00:00,
2025-11-17 09:05:00+00:00,
2025-11-17 09:10:00+00:00,
2025-11-17 09:15:00+00:00,
2025-11-17 09:20:00+00:00,
2025-11-17 09:25:00+00:00,
2025-11-17 09:30:00+00:00,
2025-11-17 09:35:00+00:00,
2025-11-17 09:40:00+00:00,
2025-11-17 09:45:00+00:00,
2025-11-17 09:50:00+00:00,
2025-11-17 09:55:00+00:00,
2025-11-17 10:00:00+00:00,
2025-11-17 10:05:00+00:00,
2025-11-17 10:10:00+00:00,
2025-11-17 10:15:00+00:00,
2025-11-17 10:20:00+00:00,
2025-11-17 10:25:00+00:00,
2025-11-17 10:30:00+00:00,
2025-11-17 10:35:00+00:00,
2025-11-17 10:40:00+00:00,
2025-11-17 10:45:00+00:00,
2025-11-17 10:50:00+00:00,
2025-11-17 10:55:00+00:00,
2025-11-17 11:00:00+00:00,
2025-11-17 11:05:00+00:00,
2025-11-17 11:10:00+00:00,
2025-11-17 11:15:00+00:00,
2025-11-17 11:20:00+00:00,
2025-11-17 11:25:00+00:00,
2025-11-17 11:30:00+00:00,
2025-11-17 11:35:00+00:00,
2025-11-17 11:40:00+00:00,
2025-11-17 11:45:00+00:00,
2025-11-17 11:50:00+00:00,
2025-11-17 11:55:00+00:00,
2025-11-17 12:00:00+00:00,
2025-11-17 12:05:00+00:00,
2025-11-17 12:10:00+00:00,
2025-11-17 12:15:00+00:00,
2025-11-17 12:20:00+00:00,
2025-11-17 12:25:00+00:00,
2025-11-17 12:30:00+00:00,
2025-11-17 12:35:00+00:00,
2025-11-17 12:40:00+00:00,
2025-11-17 12:45:00+00:00,
2025-11-17 12:50:00+00:00,
2025-11-17 12:55:00+00:00,
2025-11-17 13:00:00+00:00,
2025-11-17 13:05:00+00:00,
2025-11-17 13:10:00+00:00,
2025-11-17 13:15:00+00:00,
2025-11-17 13:20:00+00:00,
2025-11-17 13:25:00+00:00,
2025-11-17 13:30:00+00:00,
2025-11-17 13:35:00+00:00,
2025-11-17 13:40:00+00:00,
2025-11-17 13:45:00+00:00,
2025-11-17 13:50:00+00:00,
2025-11-17 13:55:00+00:00,
2025-11-17 14:00:00+00:00,
2025-11-17 14:05:00+00:00,
2025-11-17 14:10:00+00:00,
2025-11-17 14:15:00+00:00,
2025-11-17 14:20:00+00:00,
2025-11-17 14:25:00+00:00,
2025-11-17 14:30:00+00:00,
2025-11-17 14:35:00+00:00,
2025-11-17 14:40:00+00:00,
2025-11-17 14:45:00+00:00,
2025-11-17 14:50:00+00:00,
2025-11-17 14:55:00+00:00,
2025-11-17 15:00:00+00:00,
2025-11-17 15:05:00+00:00,
2025-11-17 15:10:00+00:00,
2025-11-17 15:15:00+00:00,
2025-11-17 15:20:00+00:00,
2025-11-17 15:25:00+00:00,
2025-11-17 15:30:00+00:00,
2025-11-17 15:35:00+00:00,
2025-11-17 15:40:00+00:00,
2025-11-17 15:45:00+00:00,
2025-11-17 15:50:00+00:00,
2025-11-17 15:55:00+00:00,
2025-11-17 16:00:00+00:00,
2025-11-17 16:05:00+00:00,
2025-11-17 16:10:00+00:00,
2025-11-17 16:15:00+00:00,
2025-11-17 16:20:00+00:00,
2025-11-17 16:25:00+00:00,
2025-11-17 16:30:00+00:00,
2025-11-17 16:35:00+00:00,
2025-11-17 16:40:00+00:00,
2025-11-17 16:45:00+00:00,
2025-11-17 16:50:00+00:00,
2025-11-17 16:55:00+00:00,
2025-11-17 17:00:00+00:00,
2025-11-17 17:05:00+00:00,
2025-11-17 17:10:00+00:00,
2025-11-17 17:15:00+00:00,
2025-11-17 17:20:00+00:00,
2025-11-17 17:25:00+00:00,
2025-11-17 17:30:00+00:00,
2025-11-17 17:35:00+00:00,
2025-11-17 17:40:00+00:00,
2025-11-17 17:45:00+00:00,
2025-11-17 17:50:00+00:00,
2025-11-17 17:55:00+00:00,
2025-11-17 18:00:00+00:00,
2025-11-17 18:05:00+00:00,3.3631744384765625
2025-11-17 18:10:00+00:00,
2025-11-17 18:15:00+00:00,
2025-11-17 18:20:00+00:00,
2025-11-17 18:25:00+00:00,
2025-11-17 18:30:00+00:00,
2025-11-17 18:35:00+00:00,
2025-11-17 18:40:00+00:00,
2025-11-17 18:45:00+00:00,
2025-11-17 18:50:00+00:00,
2025-11-17 18:55:00+00:00,
2025-11-17 19:00:00+00:00,
2025-11-17 19:05:00+00:00,4.329859137535095
2025-11-17 19:10:00+00:00,3.1789810657501225
2025-11-17 19:15:00+00:00,3.3133058547973633
2025-11-17 19:20:00+00:00,4.160744905471802
2025-11-17 19:25:00+00:00,
2025-11-17 19:30:00+00:00,4.154914617538452
2025-11-17 19:35:00+00:00,3.241821050643921
2025-11-17 19:40:00+00:00,3.243430614471436
2025-11-17 19:45:00+00:00,4.228210210800171
2025-11-17 19:50:00+00:00,2.1971700191497803
2025-11-17 19:55:00+00:00,
2025-11-17 20:00:00+00:00,3.2426724433898926
2025-11-17 20:05:00+00:00,4.300459146499634
2025-11-17 20:10:00+00:00,
2025-11-17 20:15:00+00:00,
2025-11-17 20:20:00+00:00,
2025-11-17 20:25:00+00:00,
2025-11-17 20:30:00+00:00,
2025-11-17 20:35:00+00:00,
2025-11-17 20:40:00+00:00,
2025-11-17 20:45:00+00:00,
2025-11-17 20:50:00+00:00,
2025-11-17 20:55:00+00:00,
2025-11-17 21:00:00+00:00,
2025-11-17 21:05:00+00:00,4.311892032623291
2025-11-17 21:10:00+00:00,2.0620386600494385
2025-11-17 21:15:00+00:00,2.08022141456604
2025-11-17 21:20:00+00:00,2.3506815433502197
2025-11-17 21:25:00+00:00,2.197162389755249
2025-11-17 21:30:00+00:00,3.2433290481567387
2025-11-17 21:35:00+00:00,3.115321159362793
2025-11-17 21:40:00+00:00,
2025-11-17 21:45:00+00:00,2.2958834171295166
2025-11-17 21:50:00+00:00,2.1476590633392334
2025-11-17 21:55:00+00:00,2.149092197418213
2025-11-17 22:00:00+00:00,2.1815388202667236
2025-11-17 22:05:00+00:00,5.182475805282593
2025-11-17 22:10:00+00:00,
2025-11-17 22:15:00+00:00,
2025-11-17 22:20:00+00:00,
2025-11-17 22:25:00+00:00,
2025-11-17 22:30:00+00:00,
2025-11-17 22:35:00+00:00,
2025-11-17 22:40:00+00:00,
2025-11-17 22:45:00+00:00,
2025-11-17 22:50:00+00:00,
2025-11-17 22:55:00+00:00,
2025-11-17 23:00:00+00:00,
2025-11-17 23:05:00+00:00,3.700289964675903
2025-11-17 23:10:00+00:00,2.113067150115967
2025-11-17 23:15:00+00:00,2.1454811096191406
2025-11-17 23:20:00+00:00,3.1487114429473877
2025-11-17 23:25:00+00:00,
2025-11-17 23:30:00+00:00,2.317840337753296
2025-11-17 23:35:00+00:00,3.2677106857299805
2025-11-17 23:40:00+00:00,3.10336971282959
2025-11-17 23:45:00+00:00,3.173722267150879
2025-11-17 23:50:00+00:00,4.157636642456055
2025-11-17 23:55:00+00:00,
2025-11-18 00:00:00+00:00,3.20805287361145
2025-11-18 00:05:00+00:00,3.1827993392944336
2025-11-18 00:10:00+00:00,
2025-11-18 00:15:00+00:00,
2025-11-18 00:20:00+00:00,
2025-11-18 00:25:00+00:00,
2025-11-18 00:30:00+00:00,
2025-11-18 00:35:00+00:00,
2025-11-18 00:40:00+00:00,
2025-11-18 00:45:00+00:00,
2025-11-18 00:50:00+00:00,
2025-11-18 00:55:00+00:00,
2025-11-18 01:00:00+00:00,
2025-11-18 01:05:00+00:00,4.196176767349243
2025-11-18 01:10:00+00:00,2.081951379776001
2025-11-18 01:15:00+00:00,2.0744707584381104
2025-11-18 01:20:00+00:00,2.1965537071228027
2025-11-18 01:25:00+00:00,2.171476125717163
2025-11-18 01:30:00+00:00,2.173513174057007
2025-11-18 01:35:00+00:00,2.133399724960327
2025-11-18 01:40:00+00:00,
2025-11-18 01:45:00+00:00,2.243027448654175
2025-11-18 01:50:00+00:00,3.15048885345459
2025-11-18 01:55:00+00:00,2.153120994567871
2025-11-18 02:00:00+00:00,3.2908606529235844
2025-11-18 02:05:00+00:00,3.5147321224212646
2025-11-18 02:10:00+00:00,
2025-11-18 02:15:00+00:00,
2025-11-18 02:20:00+00:00,
2025-11-18 02:25:00+00:00,
2025-11-18 02:30:00+00:00,
2025-11-18 02:35:00+00:00,
2025-11-18 02:40:00+00:00,
2025-11-18 02:45:00+00:00,
2025-11-18 02:50:00+00:00,
2025-11-18 02:55:00+00:00,
2025-11-18 03:00:00+00:00,
2025-11-18 03:05:00+00:00,4.18377161026001
2025-11-18 03:10:00+00:00,2.155959129333496
2025-11-18 03:15:00+00:00,2.1852760314941406
2025-11-18 03:20:00+00:00,2.1438982486724854
2025-11-18 03:25:00+00:00,3.1583385467529297
2025-11-18 03:30:00+00:00,2.1037509441375732
2025-11-18 03:35:00+00:00,2.2383270263671875
2025-11-18 03:40:00+00:00,
2025-11-18 03:45:00+00:00,2.136207103729248
2025-11-18 03:50:00+00:00,3.099219799041748
2025-11-18 03:55:00+00:00,2.1821882724761963
2025-11-18 04:00:00+00:00,2.122649908065796
2025-11-18 04:05:00+00:00,
2025-11-18 04:10:00+00:00,
2025-11-18 04:15:00+00:00,
2025-11-18 04:20:00+00:00,
2025-11-18 04:25:00+00:00,
2025-11-18 04:30:00+00:00,
2025-11-18 04:35:00+00:00,
2025-11-18 04:40:00+00:00,
2025-11-18 04:45:00+00:00,
2025-11-18 04:50:00+00:00,
2025-11-18 04:55:00+00:00,
2025-11-18 05:00:00+00:00,
2025-11-18 05:05:00+00:00,
2025-11-18 05:10:00+00:00,
2025-11-18 05:15:00+00:00,
2025-11-18 05:20:00+00:00,
2025-11-18 05:25:00+00:00,
2025-11-18 05:30:00+00:00,
2025-11-18 05:35:00+00:00,
2025-11-18 05:40:00+00:00,
2025-11-18 05:45:00+00:00,
2025-11-18 05:50:00+00:00,
2025-11-18 05:55:00+00:00,
2025-11-18 06:00:00+00:00,
2025-11-18 06:05:00+00:00,
2025-11-18 06:10:00+00:00,
2025-11-18 06:15:00+00:00,
2025-11-18 06:20:00+00:00,
2025-11-18 06:25:00+00:00,
2025-11-18 06:30:00+00:00,
2025-11-18 06:35:00+00:00,
2025-11-18 06:40:00+00:00,
2025-11-18 06:45:00+00:00,
2025-11-18 06:50:00+00:00,
2025-11-18 06:55:00+00:00,
2025-11-18 07:00:00+00:00,
2025-11-18 07:05:00+00:00,
2025-11-18 07:10:00+00:00,
2025-11-18 07:15:00+00:00,
2025-11-18 07:20:00+00:00,
2025-11-18 07:25:00+00:00,
2025-11-18 07:30:00+00:00,
2025-11-18 07:35:00+00:00,
2025-11-18 07:40:00+00:00,
2025-11-18 07:45:00+00:00,
2025-11-18 07:50:00+00:00,
2025-11-18 07:55:00+00:00,
2025-11-18 08:00:00+00:00,
2025-11-18 08:05:00+00:00,
2025-11-18 08:10:00+00:00,
2025-11-18 08:15:00+00:00,
2025-11-18 08:20:00+00:00,
2025-11-18 08:25:00+00:00,
2025-11-18 08:30:00+00:00,
2025-11-18 08:35:00+00:00,
2025-11-18 08:40:00+00:00,
2025-11-18 08:45:00+00:00,
2025-11-18 08:50:00+00:00,
2025-11-18 08:55:00+00:00,
2025-11-18 09:00:00+00:00,
2025-11-18 09:05:00+00:00,
2025-11-18 09:10:00+00:00,
2025-11-18 09:15:00+00:00,
2025-11-18 09:20:00+00:00,
2025-11-18 09:25:00+00:00,
2025-11-18 09:30:00+00:00,
2025-11-18 09:35:00+00:00,
2025-11-18 09:40:00+00:00,
2025-11-18 09:45:00+00:00,
2025-11-18 09:50:00+00:00,
2025-11-18 09:55:00+00:00,
2025-11-18 10:00:00+00:00,
2025-11-18 10:05:00+00:00,
2025-11-18 10:10:00+00:00,
2025-11-18 10:15:00+00:00,
2025-11-18 10:20:00+00:00,
2025-11-18 10:25:00+00:00,
2025-11-18 10:30:00+00:00,
2025-11-18 10:35:00+00:00,
2025-11-18 10:40:00+00:00,
2025-11-18 10:45:00+00:00,
2025-11-18 10:50:00+00:00,
2025-11-18 10:55:00+00:00,
2025-11-18 11:00:00+00:00,
2025-11-18 11:05:00+00:00,
2025-11-18 11:10:00+00:00,
2025-11-18 11:15:00+00:00,
2025-11-18 11:20:00+00:00,
2025-11-18 11:25:00+00:00,
2025-11-18 11:30:00+00:00,
2025-11-18 11:35:00+00:00,
2025-11-18 11:40:00+00:00,
2025-11-18 11:45:00+00:00,
2025-11-18 11:50:00+00:00,
2025-11-18 11:55:00+00:00,
2025-11-18 12:00:00+00:00,
2025-11-18 12:05:00+00:00,
2025-11-18 12:10:00+00:00,
2025-11-18 12:15:00+00:00,
2025-11-18 12:20:00+00:00,
2025-11-18 12:25:00+00:00,
2025-11-18 12:30:00+00:00,
2025-11-18 12:35:00+00:00,
2025-11-18 12:40:00+00:00,
2025-11-18 12:45:00+00:00,
2025-11-18 12:50:00+00:00,
2025-11-18 12:55:00+00:00,
2025-11-18 13:00:00+00:00,
2025-11-18 13:05:00+00:00,
2025-11-18 13:10:00+00:00,
2025-11-18 13:15:00+00:00,
2025-11-18 13:20:00+00:00,
2025-11-18 13:25:00+00:00,
2025-11-18 13:30:00+00:00,
2025-11-18 13:35:00+00:00,
2025-11-18 13:40:00+00:00,
2025-11-18 13:45:00+00:00,
2025-11-18 13:50:00+00:00,
2025-11-18 13:55:00+00:00,
2025-11-18 14:00:00+00:00,
2025-11-18 14:05:00+00:00,
2025-11-18 14:10:00+00:00,
2025-11-18 14:15:00+00:00,
2025-11-18 14:20:00+00:00,
2025-11-18 14:25:00+00:00,
2025-11-18 14:30:00+00:00,
2025-11-18 14:35:00+00:00,
2025-11-18 14:40:00+00:00,
2025-11-18 14:45:00+00:00,
2025-11-18 14:50:00+00:00,
2025-11-18 14:55:00+00:00,
2025-11-18 15:00:00+00:00,
2025-11-18 15:05:00+00:00,
2025-11-18 15:10:00+00:00,
2025-11-18 15:15:00+00:00,
2025-11-18 15:20:00+00:00,
2025-11-18 15:25:00+00:00,
2025-11-18 15:30:00+00:00,
2025-11-18 15:35:00+00:00,
2025-11-18 15:40:00+00:00,
2025-11-18 15:45:00+00:00,
2025-11-18 15:50:00+00:00,
2025-11-18 15:55:00+00:00,
2025-11-18 16:00:00+00:00,
2025-11-18 16:05:00+00:00,
2025-11-18 16:10:00+00:00,
2025-11-18 16:15:00+00:00,
2025-11-18 16:20:00+00:00,
2025-11-18 16:25:00+00:00,
2025-11-18 16:30:00+00:00,
2025-11-18 16:35:00+00:00,
2025-11-18 16:40:00+00:00,
2025-11-18 16:45:00+00:00,
2025-11-18 16:50:00+00:00,
2025-11-18 16:55:00+00:00,
2025-11-18 17:00:00+00:00,
2025-11-18 17:05:00+00:00,
2025-11-18 17:10:00+00:00,
2025-11-18 17:15:00+00:00,
2025-11-18 17:20:00+00:00,
2025-11-18 17:25:00+00:00,
2025-11-18 17:30:00+00:00,
2025-11-18 17:35:00+00:00,
2025-11-18 17:40:00+00:00,
2025-11-18 17:45:00+00:00,
2025-11-18 17:50:00+00:00,
2025-11-18 17:55:00+00:00,
2025-11-18 18:00:00+00:00,
2025-11-18 18:05:00+00:00,2.6199840307235718
2025-11-18 18:10:00+00:00,
2025-11-18 18:15:00+00:00,
2025-11-18 18:20:00+00:00,
2025-11-18 18:25:00+00:00,
2025-11-18 18:30:00+00:00,
2025-11-18 18:35:00+00:00,
2025-11-18 18:40:00+00:00,
2025-11-18 18:45:00+00:00,
2025-11-18 18:50:00+00:00,
2025-11-18 18:55:00+00:00,
2025-11-18 19:00:00+00:00,
2025-11-18 19:05:00+00:00,4.390830993652344
2025-11-18 19:10:00+00:00,2.17549991607666
2025-11-18 19:15:00+00:00,2.19448184967041
2025-11-18 19:20:00+00:00,2.0668203830718994
2025-11-18 19:25:00+00:00,2.091996669769287
2025-11-18 19:30:00+00:00,2.1041572093963623
2025-11-18 19:35:00+00:00,3.191115379333496
2025-11-18 19:40:00+00:00,
2025-11-18 19:45:00+00:00,2.149395704269409
2025-11-18 19:50:00+00:00,2.0885608196258545
2025-11-18 19:55:00+00:00,3.138497829437256
2025-11-18 20:00:00+00:00,3.223475933074951
2025-11-18 20:05:00+00:00,2.2181906700134277
2025-11-18 20:10:00+00:00,
2025-11-18 20:15:00+00:00,
2025-11-18 20:20:00+00:00,
2025-11-18 20:25:00+00:00,
2025-11-18 20:30:00+00:00,
2025-11-18 20:35:00+00:00,
2025-11-18 20:40:00+00:00,
2025-11-18 20:45:00+00:00,
2025-11-18 20:50:00+00:00,
2025-11-18 20:55:00+00:00,
2025-11-18 21:00:00+00:00,
2025-11-18 21:05:00+00:00,
2025-11-18 21:10:00+00:00,
2025-11-18 21:15:00+00:00,
2025-11-18 21:20:00+00:00,
2025-11-18 21:25:00+00:00,
2025-11-18 21:30:00+00:00,
2025-11-18 21:35:00+00:00,
2025-11-18 21:40:00+00:00,
2025-11-18 21:45:00+00:00,
2025-11-18 21:50:00+00:00,
2025-11-18 21:55:00+00:00,
2025-11-18 22:00:00+00:00,
2025-11-18 22:05:00+00:00,3.224766492843628
2025-11-18 22:10:00+00:00,3.331838607788086
2025-11-18 22:15:00+00:00,2.1171700954437256
2025-11-18 22:20:00+00:00,2.2092740535736084
2025-11-18 22:25:00+00:00,2.1960666179656982
2025-11-18 22:30:00+00:00,2.172243595123291
2025-11-18 22:35:00+00:00,2.120931386947632
2025-11-18 22:40:00+00:00,
2025-11-18 22:45:00+00:00,2.1498615741729736
2025-11-18 22:50:00+00:00,2.1268739700317383
2025-11-18 22:55:00+00:00,2.1972014904022217
2025-11-18 23:00:00+00:00,2.180971145629883
2025-11-18 23:05:00+00:00,4.109579086303711
2025-11-18 23:10:00+00:00,
2025-11-18 23:15:00+00:00,
2025-11-18 23:20:00+00:00,
2025-11-18 23:25:00+00:00,
2025-11-18 23:30:00+00:00,
2025-11-18 23:35:00+00:00,
2025-11-18 23:40:00+00:00,
2025-11-18 23:45:00+00:00,
2025-11-18 23:50:00+00:00,
2025-11-18 23:55:00+00:00,
2025-11-19 00:00:00+00:00,
2025-11-19 00:05:00+00:00,2.62057888507843
2025-11-19 00:10:00+00:00,2.0676984786987305
2025-11-19 00:15:00+00:00,2.17874813079834
2025-11-19 00:20:00+00:00,2.1136832237243652
2025-11-19 00:25:00+00:00,
2025-11-19 00:30:00+00:00,2.0927815437316895
2025-11-19 00:35:00+00:00,2.1088948249816895
2025-11-19 00:40:00+00:00,2.180769920349121
2025-11-19 00:45:00+00:00,2.1701390743255615
2025-11-19 00:50:00+00:00,2.095407724380493
2025-11-19 00:55:00+00:00,
2025-11-19 01:00:00+00:00,2.2027390003204346
2025-11-19 01:05:00+00:00,3.1864649057388306
2025-11-19 01:10:00+00:00,
2025-11-19 01:15:00+00:00,
2025-11-19 01:20:00+00:00,
2025-11-19 01:25:00+00:00,
2025-11-19 01:30:00+00:00,
2025-11-19 01:35:00+00:00,
2025-11-19 01:40:00+00:00,
2025-11-19 01:45:00+00:00,
2025-11-19 01:50:00+00:00,
2025-11-19 01:55:00+00:00,
2025-11-19 02:00:00+00:00,
2025-11-19 02:05:00+00:00,4.233493804931641
2025-11-19 02:10:00+00:00,2.293339490890503
2025-11-19 02:15:00+00:00,2.1426141262054443
2025-11-19 02:20:00+00:00,3.1488490104675293
2025-11-19 02:25:00+00:00,2.159451961517334
2025-11-19 02:30:00+00:00,3.1612284183502197
2025-11-19 02:35:00+00:00,3.1448144912719727
2025-11-19 02:40:00+00:00,
2025-11-19 02:45:00+00:00,3.186516523361206
2025-11-19 02:50:00+00:00,3.1919689178466797
2025-11-19 02:55:00+00:00,3.2004871368408208
2025-11-19 03:00:00+00:00,2.067284345626831
2025-11-19 03:05:00+00:00,5.527276277542115
2025-11-19 03:10:00+00:00,
2025-11-19 03:15:00+00:00,
2025-11-19 03:20:00+00:00,
2025-11-19 03:25:00+00:00,
2025-11-19 03:30:00+00:00,
2025-11-19 03:35:00+00:00,
2025-11-19 03:40:00+00:00,
2025-11-19 03:45:00+00:00,
2025-11-19 03:50:00+00:00,
2025-11-19 03:55:00+00:00,
2025-11-19 04:00:00+00:00,
2025-11-19 04:05:00+00:00,
2025-11-19 04:10:00+00:00,
2025-11-19 04:15:00+00:00,
2025-11-19 04:20:00+00:00,
2025-11-19 04:25:00+00:00,
2025-11-19 04:30:00+00:00,
2025-11-19 04:35:00+00:00,
2025-11-19 04:40:00+00:00,
2025-11-19 04:45:00+00:00,
2025-11-19 04:50:00+00:00,
2025-11-19 04:55:00+00:00,
2025-11-19 05:00:00+00:00,
2025-11-19 05:05:00+00:00,
2025-11-19 05:10:00+00:00,
2025-11-19 05:15:00+00:00,
2025-11-19 05:20:00+00:00,
2025-11-19 05:25:00+00:00,
2025-11-19 05:30:00+00:00,
2025-11-19 05:35:00+00:00,
2025-11-19 05:40:00+00:00,
2025-11-19 05:45:00+00:00,
2025-11-19 05:50:00+00:00,
2025-11-19 05:55:00+00:00,
2025-11-19 06:00:00+00:00,
2025-11-19 06:05:00+00:00,
2025-11-19 06:10:00+00:00,
2025-11-19 06:15:00+00:00,
2025-11-19 06:20:00+00:00,
2025-11-19 06:25:00+00:00,
2025-11-19 06:30:00+00:00,
2025-11-19 06:35:00+00:00,
2025-11-19 06:40:00+00:00,
2025-11-19 06:45:00+00:00,
2025-11-19 06:50:00+00:00,
2025-11-19 06:55:00+00:00,
2025-11-19 07:00:00+00:00,
2025-11-19 07:05:00+00:00,
2025-11-19 07:10:00+00:00,
2025-11-19 07:15:00+00:00,
2025-11-19 07:20:00+00:00,
2025-11-19 07:25:00+00:00,
2025-11-19 07:30:00+00:00,
2025-11-19 07:35:00+00:00,
2025-11-19 07:40:00+00:00,
2025-11-19 07:45:00+00:00,
2025-11-19 07:50:00+00:00,
2025-11-19 07:55:00+00:00,
2025-11-19 08:00:00+00:00,
2025-11-19 08:05:00+00:00,
2025-11-19 08:10:00+00:00,
2025-11-19 08:15:00+00:00,
2025-11-19 08:20:00+00:00,
2025-11-19 08:25:00+00:00,
2025-11-19 08:30:00+00:00,
2025-11-19 08:35:00+00:00,
2025-11-19 08:40:00+00:00,
2025-11-19 08:45:00+00:00,
2025-11-19 08:50:00+00:00,
2025-11-19 08:55:00+00:00,
2025-11-19 09:00:00+00:00,
2025-11-19 09:05:00+00:00,
2025-11-19 09:10:00+00:00,
2025-11-19 09:15:00+00:00,
2025-11-19 09:20:00+00:00,
2025-11-19 09:25:00+00:00,
2025-11-19 09:30:00+00:00,
2025-11-19 09:35:00+00:00,
2025-11-19 09:40:00+00:00,
2025-11-19 09:45:00+00:00,
2025-11-19 09:50:00+00:00,
2025-11-19 09:55:00+00:00,
2025-11-19 10:00:00+00:00,
2025-11-19 10:05:00+00:00,
2025-11-19 10:10:00+00:00,
2025-11-19 10:15:00+00:00,
2025-11-19 10:20:00+00:00,
2025-11-19 10:25:00+00:00,
2025-11-19 10:30:00+00:00,
2025-11-19 10:35:00+00:00,
2025-11-19 10:40:00+00:00,
2025-11-19 10:45:00+00:00,
2025-11-19 10:50:00+00:00,
2025-11-19 10:55:00+00:00,
2025-11-19 11:00:00+00:00,
2025-11-19 11:05:00+00:00,
2025-11-19 11:10:00+00:00,
2025-11-19 11:15:00+00:00,
2025-11-19 11:20:00+00:00,
2025-11-19 11:25:00+00:00,
2025-11-19 11:30:00+00:00,
2025-11-19 11:35:00+00:00,
2025-11-19 11:40:00+00:00,
2025-11-19 11:45:00+00:00,
2025-11-19 11:50:00+00:00,
2025-11-19 11:55:00+00:00,
2025-11-19 12:00:00+00:00,
2025-11-19 12:05:00+00:00,
2025-11-19 12:10:00+00:00,
2025-11-19 12:15:00+00:00,
2025-11-19 12:20:00+00:00,
2025-11-19 12:25:00+00:00,
2025-11-19 12:30:00+00:00,
2025-11-19 12:35:00+00:00,
2025-11-19 12:40:00+00:00,
2025-11-19 12:45:00+00:00,
2025-11-19 12:50:00+00:00,
2025-11-19 12:55:00+00:00,
2025-11-19 13:00:00+00:00,
2025-11-19 13:05:00+00:00,
2025-11-19 13:10:00+00:00,
2025-11-19 13:15:00+00:00,
2025-11-19 13:20:00+00:00,
2025-11-19 13:25:00+00:00,
2025-11-19 13:30:00+00:00,
2025-11-19 13:35:00+00:00,
2025-11-19 13:40:00+00:00,
2025-11-19 13:45:00+00:00,
2025-11-19 13:50:00+00:00,
2025-11-19 13:55:00+00:00,
2025-11-19 14:00:00+00:00,
2025-11-19 14:05:00+00:00,
2025-11-19 14:10:00+00:00,
2025-11-19 14:15:00+00:00,
2025-11-19 14:20:00+00:00,
2025-11-19 14:25:00+00:00,
2025-11-19 14:30:00+00:00,
2025-11-19 14:35:00+00:00,
2025-11-19 14:40:00+00:00,
2025-11-19 14:45:00+00:00,
2025-11-19 14:50:00+00:00,
2025-11-19 14:55:00+00:00,
2025-11-19 15:00:00+00:00,
2025-11-19 15:05:00+00:00,
2025-11-19 15:10:00+00:00,
2025-11-19 15:15:00+00:00,
2025-11-19 15:20:00+00:00,
2025-11-19 15:25:00+00:00,
2025-11-19 15:30:00+00:00,
2025-11-19 15:35:00+00:00,
2025-11-19 15:40:00+00:00,
2025-11-19 15:45:00+00:00,
2025-11-19 15:50:00+00:00,
2025-11-19 15:55:00+00:00,
2025-11-19 16:00:00+00:00,
2025-11-19 16:05:00+00:00,
2025-11-19 16:10:00+00:00,
2025-11-19 16:15:00+00:00,
2025-11-19 16:20:00+00:00,
2025-11-19 16:25:00+00:00,
2025-11-19 16:30:00+00:00,
2025-11-19 16:35:00+00:00,
2025-11-19 16:40:00+00:00,
2025-11-19 16:45:00+00:00,
2025-11-19 16:50:00+00:00,
2025-11-19 16:55:00+00:00,
2025-11-19 17:00:00+00:00,
2025-11-19 17:05:00+00:00,
2025-11-19 17:10:00+00:00,
2025-11-19 17:15:00+00:00,
2025-11-19 17:20:00+00:00,
2025-11-19 17:25:00+00:00,
2025-11-19 17:30:00+00:00,
2025-11-19 17:35:00+00:00,
2025-11-19 17:40:00+00:00,
2025-11-19 17:45:00+00:00,
2025-11-19 17:50:00+00:00,
2025-11-19 17:55:00+00:00,
2025-11-19 18:00:00+00:00,
2025-11-19 18:05:00+00:00,6.367697238922119
2025-11-19 18:10:00+00:00,3.924642562866211
2025-11-19 18:15:00+00:00,4.367097616195679
2025-11-19 18:20:00+00:00,2.524494171142578
2025-11-19 18:25:00+00:00,4.434383153915405
2025-11-19 18:30:00+00:00,5.778434753417969
2025-11-19 18:35:00+00:00,3.2085466384887695
2025-11-19 18:40:00+00:00,
2025-11-19 18:45:00+00:00,5.428492784500122
2025-11-19 18:50:00+00:00,4.4060728549957275
2025-11-19 18:55:00+00:00,4.3182456493377686
2025-11-19 19:00:00+00:00,8.59171748161316
2025-11-19 19:05:00+00:00,5.385301113128662
2025-11-19 19:10:00+00:00,
2025-11-19 19:15:00+00:00,
2025-11-19 19:20:00+00:00,
2025-11-19 19:25:00+00:00,
2025-11-19 19:30:00+00:00,
2025-11-19 19:35:00+00:00,
2025-11-19 19:40:00+00:00,
2025-11-19 19:45:00+00:00,
2025-11-19 19:50:00+00:00,
2025-11-19 19:55:00+00:00,
2025-11-19 20:00:00+00:00,
2025-11-19 20:05:00+00:00,
2025-11-19 20:10:00+00:00,4.006832957267761
2025-11-19 20:15:00+00:00,5.5399010181427
2025-11-19 20:20:00+00:00,8.272006034851074
2025-11-19 20:25:00+00:00,3.409184217453003
2025-11-19 20:30:00+00:00,5.853588104248047
2025-11-19 20:35:00+00:00,3.438300132751465
2025-11-19 20:40:00+00:00,
2025-11-19 20:45:00+00:00,3.367373466491699
2025-11-19 20:50:00+00:00,6.928744316101074
2025-11-19 20:55:00+00:00,8.156360149383545
2025-11-19 21:00:00+00:00,6.532504081726074
2025-11-19 21:05:00+00:00,4.724557876586914
2025-11-19 21:10:00+00:00,
2025-11-19 21:15:00+00:00,
2025-11-19 21:20:00+00:00,
2025-11-19 21:25:00+00:00,
2025-11-19 21:30:00+00:00,
2025-11-19 21:35:00+00:00,
2025-11-19 21:40:00+00:00,
2025-11-19 21:45:00+00:00,
2025-11-19 21:50:00+00:00,
2025-11-19 21:55:00+00:00,
2025-11-19 22:00:00+00:00,
2025-11-19 22:05:00+00:00,
2025-11-19 22:10:00+00:00,6.722969174385071
2025-11-19 22:15:00+00:00,8.68559718132019
2025-11-19 22:20:00+00:00,7.919922590255738
2025-11-19 22:25:00+00:00,9.735777616500854
2025-11-19 22:30:00+00:00,4.720219850540161
2025-11-19 22:35:00+00:00,5.721532344818115
2025-11-19 22:40:00+00:00,5.588981866836548
2025-11-19 22:45:00+00:00,7.63826584815979
2025-11-19 22:50:00+00:00,2.461069345474243
2025-11-19 22:55:00+00:00,3.5359017848968506
2025-11-19 23:00:00+00:00,4.292841196060181
2025-11-19 23:05:00+00:00,8.692585229873657
2025-11-19 23:10:00+00:00,
2025-11-19 23:15:00+00:00,
2025-11-19 23:20:00+00:00,
2025-11-19 23:25:00+00:00,
2025-11-19 23:30:00+00:00,
2025-11-19 23:35:00+00:00,
2025-11-19 23:40:00+00:00,
2025-11-19 23:45:00+00:00,
2025-11-19 23:50:00+00:00,
2025-11-19 23:55:00+00:00,
2025-11-20 00:00:00+00:00,
2025-11-20 00:05:00+00:00,9.720433791478476
2025-11-20 00:10:00+00:00,6.666088104248047
2025-11-20 00:15:00+00:00,10.79842472076416
2025-11-20 00:20:00+00:00,7.310143709182739
2025-11-20 00:25:00+00:00,
2025-11-20 00:30:00+00:00,7.81020975112915
2025-11-20 00:35:00+00:00,11.82144284248352
2025-11-20 00:40:00+00:00,4.4954833984375
2025-11-20 00:45:00+00:00,8.090993404388428
2025-11-20 00:50:00+00:00,3.3548426628112793
2025-11-20 00:55:00+00:00,
2025-11-20 01:00:00+00:00,5.388903856277466
2025-11-20 01:05:00+00:00,4.460781812667847
2025-11-20 01:10:00+00:00,
2025-11-20 01:15:00+00:00,
2025-11-20 01:20:00+00:00,
2025-11-20 01:25:00+00:00,
2025-11-20 01:30:00+00:00,
2025-11-20 01:35:00+00:00,
2025-11-20 01:40:00+00:00,
2025-11-20 01:45:00+00:00,
2025-11-20 01:50:00+00:00,
2025-11-20 01:55:00+00:00,
2025-11-20 02:00:00+00:00,
2025-11-20 02:05:00+00:00,6.035067200660706
2025-11-20 02:10:00+00:00,8.634589672088623
2025-11-20 02:15:00+00:00,7.797048330307007
2025-11-20 02:20:00+00:00,6.632787466049194
2025-11-20 02:25:00+00:00,
2025-11-20 02:30:00+00:00,5.674040079116821
2025-11-20 02:35:00+00:00,8.692848920822144
2025-11-20 02:40:00+00:00,8.272979736328125
2025-11-20 02:45:00+00:00,5.4874842166900635
2025-11-20 02:50:00+00:00,5.7040605545043945
2025-11-20 02:55:00+00:00,
2025-11-20 03:00:00+00:00,5.315808057785034
2025-11-20 03:05:00+00:00,4.609836578369141
2025-11-20 03:10:00+00:00,
2025-11-20 03:15:00+00:00,
2025-11-20 03:20:00+00:00,
2025-11-20 03:25:00+00:00,
2025-11-20 03:30:00+00:00,
2025-11-20 03:35:00+00:00,
2025-11-20 03:40:00+00:00,
2025-11-20 03:45:00+00:00,
2025-11-20 03:50:00+00:00,
2025-11-20 03:55:00+00:00,
2025-11-20 04:00:00+00:00,
2025-11-20 04:05:00+00:00,
2025-11-20 04:10:00+00:00,
2025-11-20 04:15:00+00:00,
2025-11-20 04:20:00+00:00,
2025-11-20 04:25:00+00:00,
2025-11-20 04:30:00+00:00,
2025-11-20 04:35:00+00:00,
2025-11-20 04:40:00+00:00,
2025-11-20 04:45:00+00:00,
2025-11-20 04:50:00+00:00,
2025-11-20 04:55:00+00:00,
2025-11-20 05:00:00+00:00,
2025-11-20 05:05:00+00:00,
2025-11-20 05:10:00+00:00,
2025-11-20 05:15:00+00:00,
2025-11-20 05:20:00+00:00,
2025-11-20 05:25:00+00:00,
2025-11-20 05:30:00+00:00,
2025-11-20 05:35:00+00:00,
2025-11-20 05:40:00+00:00,
2025-11-20 05:45:00+00:00,
2025-11-20 05:50:00+00:00,
2025-11-20 05:55:00+00:00,
2025-11-20 06:00:00+00:00,
2025-11-20 06:05:00+00:00,
2025-11-20 06:10:00+00:00,
2025-11-20 06:15:00+00:00,
2025-11-20 06:20:00+00:00,
2025-11-20 06:25:00+00:00,
2025-11-20 06:30:00+00:00,
2025-11-20 06:35:00+00:00,
2025-11-20 06:40:00+00:00,
2025-11-20 06:45:00+00:00,
2025-11-20 06:50:00+00:00,
2025-11-20 06:55:00+00:00,
2025-11-20 07:00:00+00:00,
2025-11-20 07:05:00+00:00,
2025-11-20 07:10:00+00:00,
2025-11-20 07:15:00+00:00,
2025-11-20 07:20:00+00:00,
2025-11-20 07:25:00+00:00,
2025-11-20 07:30:00+00:00,
2025-11-20 07:35:00+00:00,
2025-11-20 07:40:00+00:00,
2025-11-20 07:45:00+00:00,
2025-11-20 07:50:00+00:00,
2025-11-20 07:55:00+00:00,
2025-11-20 08:00:00+00:00,
2025-11-20 08:05:00+00:00,
2025-11-20 08:10:00+00:00,
2025-11-20 08:15:00+00:00,
2025-11-20 08:20:00+00:00,
2025-11-20 08:25:00+00:00,
2025-11-20 08:30:00+00:00,
2025-11-20 08:35:00+00:00,
2025-11-20 08:40:00+00:00,
2025-11-20 08:45:00+00:00,
2025-11-20 08:50:00+00:00,
2025-11-20 08:55:00+00:00,
2025-11-20 09:00:00+00:00,
2025-11-20 09:05:00+00:00,
2025-11-20 09:10:00+00:00,
2025-11-20 09:15:00+00:00,
2025-11-20 09:20:00+00:00,
2025-11-20 09:25:00+00:00,
2025-11-20 09:30:00+00:00,
2025-11-20 09:35:00+00:00,
2025-11-20 09:40:00+00:00,
2025-11-20 09:45:00+00:00,
2025-11-20 09:50:00+00:00,
2025-11-20 09:55:00+00:00,
2025-11-20 10:00:00+00:00,
2025-11-20 10:05:00+00:00,
2025-11-20 10:10:00+00:00,
2025-11-20 10:15:00+00:00,
2025-11-20 10:20:00+00:00,
2025-11-20 10:25:00+00:00,
2025-11-20 10:30:00+00:00,
2025-11-20 10:35:00+00:00,
2025-11-20 10:40:00+00:00,
2025-11-20 10:45:00+00:00,
2025-11-20 10:50:00+00:00,
2025-11-20 10:55:00+00:00,
2025-11-20 11:00:00+00:00,
2025-11-20 11:05:00+00:00,
2025-11-20 11:10:00+00:00,
2025-11-20 11:15:00+00:00,
2025-11-20 11:20:00+00:00,
2025-11-20 11:25:00+00:00,
2025-11-20 11:30:00+00:00,
2025-11-20 11:35:00+00:00,
2025-11-20 11:40:00+00:00,
2025-11-20 11:45:00+00:00,
2025-11-20 11:50:00+00:00,
2025-11-20 11:55:00+00:00,
2025-11-20 12:00:00+00:00,
2025-11-20 12:05:00+00:00,
2025-11-20 12:10:00+00:00,
2025-11-20 12:15:00+00:00,
2025-11-20 12:20:00+00:00,
2025-11-20 12:25:00+00:00,
2025-11-20 12:30:00+00:00,
2025-11-20 12:35:00+00:00,
2025-11-20 12:40:00+00:00,
2025-11-20 12:45:00+00:00,
2025-11-20 12:50:00+00:00,
2025-11-20 12:55:00+00:00,
2025-11-20 13:00:00+00:00,
2025-11-20 13:05:00+00:00,
2025-11-20 13:10:00+00:00,
2025-11-20 13:15:00+00:00,
2025-11-20 13:20:00+00:00,
2025-11-20 13:25:00+00:00,
2025-11-20 13:30:00+00:00,
2025-11-20 13:35:00+00:00,
2025-11-20 13:40:00+00:00,
2025-11-20 13:45:00+00:00,
2025-11-20 13:50:00+00:00,
2025-11-20 13:55:00+00:00,
2025-11-20 14:00:00+00:00,
2025-11-20 14:05:00+00:00,
2025-11-20 14:10:00+00:00,
2025-11-20 14:15:00+00:00,
2025-11-20 14:20:00+00:00,
2025-11-20 14:25:00+00:00,
2025-11-20 14:30:00+00:00,
2025-11-20 14:35:00+00:00,
2025-11-20 14:40:00+00:00,
2025-11-20 14:45:00+00:00,
2025-11-20 14:50:00+00:00,
2025-11-20 14:55:00+00:00,
2025-11-20 15:00:00+00:00,
2025-11-20 15:05:00+00:00,
2025-11-20 15:10:00+00:00,
2025-11-20 15:15:00+00:00,
2025-11-20 15:20:00+00:00,
2025-11-20 15:25:00+00:00,
2025-11-20 15:30:00+00:00,
2025-11-20 15:35:00+00:00,
2025-11-20 15:40:00+00:00,
2025-11-20 15:45:00+00:00,
2025-11-20 15:50:00+00:00,
2025-11-20 15:55:00+00:00,
2025-11-20 16:00:00+00:00,
2025-11-20 16:05:00+00:00,
2025-11-20 16:10:00+00:00,
2025-11-20 16:15:00+00:00,
2025-11-20 16:20:00+00:00,
2025-11-20 16:25:00+00:00,
2025-11-20 16:30:00+00:00,
2025-11-20 16:35:00+00:00,
2025-11-20 16:40:00+00:00,
2025-11-20 16:45:00+00:00,
2025-11-20 16:50:00+00:00,
2025-11-20 16:55:00+00:00,
2025-11-20 17:00:00+00:00,
2025-11-20 17:05:00+00:00,
2025-11-20 17:10:00+00:00,
2025-11-20 17:15:00+00:00,
2025-11-20 17:20:00+00:00,
2025-11-20 17:25:00+00:00,
2025-11-20 17:30:00+00:00,
2025-11-20 17:35:00+00:00,
2025-11-20 17:40:00+00:00,
2025-11-20 17:45:00+00:00,
2025-11-20 17:50:00+00:00,
2025-11-20 17:55:00+00:00,
2025-11-20 18:00:00+00:00,
2025-11-20 18:05:00+00:00,
2025-11-20 18:10:00+00:00,5.641526579856873
2025-11-20 18:15:00+00:00,7.681824207305907
2025-11-20 18:20:00+00:00,8.41513705253601
2025-11-20 18:25:00+00:00,5.39427924156189
2025-11-20 18:30:00+00:00,7.11358118057251
2025-11-20 18:35:00+00:00,5.755359888076782
2025-11-20 18:40:00+00:00,
2025-11-20 18:45:00+00:00,6.685847043991089
2025-11-20 18:50:00+00:00,7.058572769165039
2025-11-20 18:55:00+00:00,6.239529848098755
2025-11-20 19:00:00+00:00,7.9307265281677255
2025-11-20 19:05:00+00:00,7.917334318161011
2025-11-20 19:10:00+00:00,7.908474683761597
2025-11-20 19:15:00+00:00,
2025-11-20 19:20:00+00:00,
2025-11-20 19:25:00+00:00,
2025-11-20 19:30:00+00:00,
2025-11-20 19:35:00+00:00,
2025-11-20 19:40:00+00:00,
2025-11-20 19:45:00+00:00,
2025-11-20 19:50:00+00:00,
2025-11-20 19:55:00+00:00,
2025-11-20 20:00:00+00:00,
2025-11-20 20:05:00+00:00,6.713464140892029
2025-11-20 20:10:00+00:00,8.907990217208862
2025-11-20 20:15:00+00:00,7.846033334732056
2025-11-20 20:20:00+00:00,7.075282335281372
2025-11-20 20:25:00+00:00,
2025-11-20 20:30:00+00:00,7.970717191696167
2025-11-20 20:35:00+00:00,6.652243614196777
2025-11-20 20:40:00+00:00,5.413629055023193
2025-11-20 20:45:00+00:00,5.460083484649658
2025-11-20 20:50:00+00:00,4.397244691848755
2025-11-20 20:55:00+00:00,
2025-11-20 21:00:00+00:00,6.666743755340576
2025-11-20 21:05:00+00:00,7.811462044715881
2025-11-20 21:10:00+00:00,
2025-11-20 21:15:00+00:00,
2025-11-20 21:20:00+00:00,
2025-11-20 21:25:00+00:00,
2025-11-20 21:30:00+00:00,
2025-11-20 21:35:00+00:00,
2025-11-20 21:40:00+00:00,
2025-11-20 21:45:00+00:00,
2025-11-20 21:50:00+00:00,
2025-11-20 21:55:00+00:00,
2025-11-20 22:00:00+00:00,
2025-11-20 22:05:00+00:00,
2025-11-20 22:10:00+00:00,6.88001537322998
2025-11-20 22:15:00+00:00,9.25432312488556
2025-11-20 22:20:00+00:00,7.973198413848877
2025-11-20 22:25:00+00:00,10.857886791229248
2025-11-20 22:30:00+00:00,9.956980228424072
2025-11-20 22:35:00+00:00,7.729596376419068
2025-11-20 22:40:00+00:00,4.8444952964782715
2025-11-20 22:45:00+00:00,7.7024641036987305
2025-11-20 22:50:00+00:00,6.348841905593872
2025-11-20 22:55:00+00:00,6.506967067718506
2025-11-20 23:00:00+00:00,11.256574392318726
2025-11-20 23:05:00+00:00,9.04253101348877
2025-11-20 23:10:00+00:00,
2025-11-20 23:15:00+00:00,
2025-11-20 23:20:00+00:00,
2025-11-20 23:25:00+00:00,
2025-11-20 23:30:00+00:00,
2025-11-20 23:35:00+00:00,
2025-11-20 23:40:00+00:00,
2025-11-20 23:45:00+00:00,
2025-11-20 23:50:00+00:00,
2025-11-20 23:55:00+00:00,
2025-11-21 00:00:00+00:00,
2025-11-21 00:05:00+00:00,
2025-11-21 00:10:00+00:00,7.0719194412231445
2025-11-21 00:15:00+00:00,8.769810199737549
2025-11-21 00:20:00+00:00,5.494162321090698
2025-11-21 00:25:00+00:00,7.779388070106506
2025-11-21 00:30:00+00:00,6.521364450454712
2025-11-21 00:35:00+00:00,9.959648132324219
2025-11-21 00:40:00+00:00,
2025-11-21 00:45:00+00:00,6.6310741901397705
2025-11-21 00:50:00+00:00,6.726955890655518
2025-11-21 00:55:00+00:00,6.719847202301025
2025-11-21 01:00:00+00:00,4.5000760555267325
2025-11-21 01:05:00+00:00,6.033574104309082
2025-11-21 01:10:00+00:00,
2025-11-21 01:15:00+00:00,
2025-11-21 01:20:00+00:00,
2025-11-21 01:25:00+00:00,
2025-11-21 01:30:00+00:00,
2025-11-21 01:35:00+00:00,
2025-11-21 01:40:00+00:00,
2025-11-21 01:45:00+00:00,
2025-11-21 01:50:00+00:00,
2025-11-21 01:55:00+00:00,
2025-11-21 02:00:00+00:00,
2025-11-21 02:05:00+00:00,5.5384527047475185
2025-11-21 02:10:00+00:00,6.6651012897491455
2025-11-21 02:15:00+00:00,10.400933504104612
2025-11-21 02:20:00+00:00,9.888663530349731
2025-11-21 02:25:00+00:00,4.67647361755371
2025-11-21 02:30:00+00:00,7.4749391078948975
2025-11-21 02:35:00+00:00,8.056462526321411
2025-11-21 02:40:00+00:00,7.653675556182861
2025-11-21 02:45:00+00:00,9.904382944107056
2025-11-21 02:50:00+00:00,8.451326131820679
2025-11-21 02:55:00+00:00,
2025-11-21 03:00:00+00:00,9.71051025390625
2025-11-21 03:05:00+00:00,6.002895832061768
2025-11-21 03:10:00+00:00,
2025-11-21 03:15:00+00:00,
2025-11-21 03:20:00+00:00,
2025-11-21 03:25:00+00:00,
2025-11-21 03:30:00+00:00,
2025-11-21 03:35:00+00:00,
2025-11-21 03:40:00+00:00,
2025-11-21 03:45:00+00:00,
2025-11-21 03:50:00+00:00,
2025-11-21 03:55:00+00:00,
2025-11-21 04:00:00+00:00,
2025-11-21 04:05:00+00:00,
2025-11-21 04:10:00+00:00,
2025-11-21 04:15:00+00:00,
2025-11-21 04:20:00+00:00,
2025-11-21 04:25:00+00:00,
2025-11-21 04:30:00+00:00,
2025-11-21 04:35:00+00:00,
2025-11-21 04:40:00+00:00,
2025-11-21 04:45:00+00:00,
2025-11-21 04:50:00+00:00,
2025-11-21 04:55:00+00:00,
2025-11-21 05:00:00+00:00,
2025-11-21 05:05:00+00:00,
2025-11-21 05:10:00+00:00,
2025-11-21 05:15:00+00:00,
2025-11-21 05:20:00+00:00,
2025-11-21 05:25:00+00:00,
2025-11-21 05:30:00+00:00,
2025-11-21 05:35:00+00:00,
2025-11-21 05:40:00+00:00,
2025-11-21 05:45:00+00:00,
2025-11-21 05:50:00+00:00,
2025-11-21 05:55:00+00:00,
2025-11-21 06:00:00+00:00,
2025-11-21 06:05:00+00:00,
2025-11-21 06:10:00+00:00,
2025-11-21 06:15:00+00:00,
2025-11-21 06:20:00+00:00,
2025-11-21 06:25:00+00:00,
2025-11-21 06:30:00+00:00,
2025-11-21 06:35:00+00:00,
2025-11-21 06:40:00+00:00,
2025-11-21 06:45:00+00:00,
2025-11-21 06:50:00+00:00,
2025-11-21 06:55:00+00:00,
2025-11-21 07:00:00+00:00,
2025-11-21 07:05:00+00:00,
2025-11-21 07:10:00+00:00,
2025-11-21 07:15:00+00:00,
2025-11-21 07:20:00+00:00,
2025-11-21 07:25:00+00:00,
2025-11-21 07:30:00+00:00,
2025-11-21 07:35:00+00:00,
2025-11-21 07:40:00+00:00,
2025-11-21 07:45:00+00:00,
2025-11-21 07:50:00+00:00,
2025-11-21 07:55:00+00:00,
2025-11-21 08:00:00+00:00,
2025-11-21 08:05:00+00:00,
2025-11-21 08:10:00+00:00,
2025-11-21 08:15:00+00:00,
2025-11-21 08:20:00+00:00,
2025-11-21 08:25:00+00:00,
2025-11-21 08:30:00+00:00,
2025-11-21 08:35:00+00:00,
2025-11-21 08:40:00+00:00,
2025-11-21 08:45:00+00:00,
2025-11-21 08:50:00+00:00,
2025-11-21 08:55:00+00:00,
2025-11-21 09:00:00+00:00,
2025-11-21 09:05:00+00:00,
2025-11-21 09:10:00+00:00,
2025-11-21 09:15:00+00:00,
2025-11-21 09:20:00+00:00,
2025-11-21 09:25:00+00:00,
2025-11-21 09:30:00+00:00,
2025-11-21 09:35:00+00:00,
2025-11-21 09:40:00+00:00,
2025-11-21 09:45:00+00:00,
2025-11-21 09:50:00+00:00,
2025-11-21 09:55:00+00:00,
2025-11-21 10:00:00+00:00,
2025-11-21 10:05:00+00:00,
2025-11-21 10:10:00+00:00,
2025-11-21 10:15:00+00:00,
2025-11-21 10:20:00+00:00,
2025-11-21 10:25:00+00:00,
2025-11-21 10:30:00+00:00,
2025-11-21 10:35:00+00:00,
2025-11-21 10:40:00+00:00,
2025-11-21 10:45:00+00:00,
2025-11-21 10:50:00+00:00,
2025-11-21 10:55:00+00:00,
2025-11-21 11:00:00+00:00,
2025-11-21 11:05:00+00:00,
2025-11-21 11:10:00+00:00,
2025-11-21 11:15:00+00:00,
2025-11-21 11:20:00+00:00,
2025-11-21 11:25:00+00:00,
2025-11-21 11:30:00+00:00,
2025-11-21 11:35:00+00:00,
2025-11-21 11:40:00+00:00,
2025-11-21 11:45:00+00:00,
2025-11-21 11:50:00+00:00,
2025-11-21 11:55:00+00:00,
2025-11-21 12:00:00+00:00,
2025-11-21 12:05:00+00:00,
2025-11-21 12:10:00+00:00,
2025-11-21 12:15:00+00:00,
2025-11-21 12:20:00+00:00,
2025-11-21 12:25:00+00:00,
2025-11-21 12:30:00+00:00,
2025-11-21 12:35:00+00:00,
2025-11-21 12:40:00+00:00,
2025-11-21 12:45:00+00:00,
2025-11-21 12:50:00+00:00,
2025-11-21 12:55:00+00:00,
2025-11-21 13:00:00+00:00,
2025-11-21 13:05:00+00:00,
2025-11-21 13:10:00+00:00,
2025-11-21 13:15:00+00:00,
2025-11-21 13:20:00+00:00,
2025-11-21 13:25:00+00:00,
2025-11-21 13:30:00+00:00,
2025-11-21 13:35:00+00:00,
2025-11-21 13:40:00+00:00,
2025-11-21 13:45:00+00:00,
2025-11-21 13:50:00+00:00,
2025-11-21 13:55:00+00:00,
2025-11-21 14:00:00+00:00,
2025-11-21 14:05:00+00:00,
2025-11-21 14:10:00+00:00,
2025-11-21 14:15:00+00:00,
2025-11-21 14:20:00+00:00,
2025-11-21 14:25:00+00:00,
2025-11-21 14:30:00+00:00,
2025-11-21 14:35:00+00:00,
2025-11-21 14:40:00+00:00,
2025-11-21 14:45:00+00:00,
2025-11-21 14:50:00+00:00,
2025-11-21 14:55:00+00:00,
2025-11-21 15:00:00+00:00,
2025-11-21 15:05:00+00:00,
2025-11-21 15:10:00+00:00,
2025-11-21 15:15:00+00:00,
2025-11-21 15:20:00+00:00,
2025-11-21 15:25:00+00:00,
2025-11-21 15:30:00+00:00,
2025-11-21 15:35:00+00:00,
2025-11-21 15:40:00+00:00,
2025-11-21 15:45:00+00:00,
2025-11-21 15:50:00+00:00,
2025-11-21 15:55:00+00:00,
2025-11-21 16:00:00+00:00,
2025-11-21 16:05:00+00:00,
2025-11-21 16:10:00+00:00,
2025-11-21 16:15:00+00:00,
2025-11-21 16:20:00+00:00,
2025-11-21 16:25:00+00:00,
2025-11-21 16:30:00+00:00,
2025-11-21 16:35:00+00:00,
2025-11-21 16:40:00+00:00,
2025-11-21 16:45:00+00:00,
2025-11-21 16:50:00+00:00,
2025-11-21 16:55:00+00:00,
2025-11-21 17:00:00+00:00,
2025-11-21 17:05:00+00:00,
2025-11-21 17:10:00+00:00,
2025-11-21 17:15:00+00:00,
2025-11-21 17:20:00+00:00,
2025-11-21 17:25:00+00:00,
2025-11-21 17:30:00+00:00,
2025-11-21 17:35:00+00:00,
2025-11-21 17:40:00+00:00,
2025-11-21 17:45:00+00:00,
2025-11-21 17:50:00+00:00,
2025-11-21 17:55:00+00:00,
2025-11-21 18:00:00+00:00,
2025-11-21 18:05:00+00:00,
2025-11-21 18:10:00+00:00,6.498991131782533
2025-11-21 18:15:00+00:00,9.628138542175291
2025-11-21 18:20:00+00:00,6.416301488876343
2025-11-21 18:25:00+00:00,9.928284883499147
2025-11-21 18:30:00+00:00,14.664173364639282
2025-11-21 18:35:00+00:00,9.0374755859375
2025-11-21 18:40:00+00:00,3.6522438526153564
2025-11-21 18:45:00+00:00,8.768981218338013
2025-11-21 18:50:00+00:00,8.874479293823242
2025-11-21 18:55:00+00:00,10.937175273895264
2025-11-21 19:00:00+00:00,8.152808904647827
2025-11-21 19:05:00+00:00,4.42905855178833
2025-11-21 19:10:00+00:00,
2025-11-21 19:15:00+00:00,
2025-11-21 19:20:00+00:00,
2025-11-21 19:25:00+00:00,
2025-11-21 19:30:00+00:00,
2025-11-21 19:35:00+00:00,
2025-11-21 19:40:00+00:00,
2025-11-21 19:45:00+00:00,
2025-11-21 19:50:00+00:00,
2025-11-21 19:55:00+00:00,
2025-11-21 20:00:00+00:00,
2025-11-21 20:05:00+00:00,
2025-11-21 20:10:00+00:00,8.443823337554932
2025-11-21 20:15:00+00:00,8.215109825134277
2025-11-21 20:20:00+00:00,9.685843229293823
2025-11-21 20:25:00+00:00,10.07168197631836
2025-11-21 20:30:00+00:00,6.633060932159424
2025-11-21 20:35:00+00:00,
2025-11-21 20:40:00+00:00,
2025-11-21 20:45:00+00:00,5.919847249984741
2025-11-21 20:50:00+00:00,10.038976907730103
2025-11-21 20:55:00+00:00,5.703827738761902
2025-11-21 21:00:00+00:00,10.086316108703613
2025-11-21 21:05:00+00:00,6.5931925773620605
2025-11-21 21:10:00+00:00,
2025-11-21 21:15:00+00:00,
2025-11-21 21:20:00+00:00,
2025-11-21 21:25:00+00:00,
2025-11-21 21:30:00+00:00,
2025-11-21 21:35:00+00:00,
2025-11-21 21:40:00+00:00,
2025-11-21 21:45:00+00:00,
2025-11-21 21:50:00+00:00,
2025-11-21 21:55:00+00:00,
2025-11-21 22:00:00+00:00,
2025-11-21 22:05:00+00:00,10.86708128452301
2025-11-21 22:10:00+00:00,11.005069732666016
2025-11-21 22:15:00+00:00,10.313436031341553
2025-11-21 22:20:00+00:00,10.573817491531372
2025-11-21 22:25:00+00:00,
2025-11-21 22:30:00+00:00,12.123191833496094
2025-11-21 22:35:00+00:00,10.86694622039795
2025-11-21 22:40:00+00:00,11.16076922416687
2025-11-21 22:45:00+00:00,10.125282287597656
2025-11-21 22:50:00+00:00,10.644132614135744
2025-11-21 22:55:00+00:00,
2025-11-21 23:00:00+00:00,8.679068565368652
2025-11-21 23:05:00+00:00,10.254266500473022
2025-11-21 23:10:00+00:00,5.942068576812744
2025-11-21 23:15:00+00:00,
2025-11-21 23:20:00+00:00,
2025-11-21 23:25:00+00:00,
2025-11-21 23:30:00+00:00,
2025-11-21 23:35:00+00:00,
2025-11-21 23:40:00+00:00,
2025-11-21 23:45:00+00:00,
2025-11-21 23:50:00+00:00,
2025-11-21 23:55:00+00:00,
2025-11-22 00:00:00+00:00,
2025-11-22 00:05:00+00:00,6.319347023963928
2025-11-22 00:10:00+00:00,7.3306156396865845
2025-11-22 00:15:00+00:00,5.633671283721924
2025-11-22 00:20:00+00:00,10.081132173538208
2025-11-22 00:25:00+00:00,
2025-11-22 00:30:00+00:00,8.918676137924193
2025-11-22 00:35:00+00:00,4.7261881828308105
2025-11-22 00:40:00+00:00,5.535867929458618
2025-11-22 00:45:00+00:00,8.071000814437866
2025-11-22 00:50:00+00:00,7.638420343399048
2025-11-22 00:55:00+00:00,
2025-11-22 01:00:00+00:00,11.099483013153076
2025-11-22 01:05:00+00:00,7.049325466156006
2025-11-22 01:10:00+00:00,3.3259027004241943
2025-11-22 01:15:00+00:00,
2025-11-22 01:20:00+00:00,
2025-11-22 01:25:00+00:00,
2025-11-22 01:30:00+00:00,
2025-11-22 01:35:00+00:00,
2025-11-22 01:40:00+00:00,
2025-11-22 01:45:00+00:00,
2025-11-22 01:50:00+00:00,
2025-11-22 01:55:00+00:00,
2025-11-22 02:00:00+00:00,
2025-11-22 02:05:00+00:00,
2025-11-22 02:10:00+00:00,10.426324367523193
2025-11-22 02:15:00+00:00,10.883305788040161
2025-11-22 02:20:00+00:00,10.23770785331726
2025-11-22 02:25:00+00:00,11.894968748092651
2025-11-22 02:30:00+00:00,11.084946393966675
2025-11-22 02:35:00+00:00,8.640216827392578
2025-11-22 02:40:00+00:00,
2025-11-22 02:45:00+00:00,7.396733999252319
2025-11-22 02:50:00+00:00,12.293426513671875
2025-11-22 02:55:00+00:00,6.997244834899902
2025-11-22 03:00:00+00:00,9.675972700119019
2025-11-22 03:05:00+00:00,6.664906978607178
2025-11-22 03:10:00+00:00,
2025-11-22 03:15:00+00:00,
2025-11-22 03:20:00+00:00,
2025-11-22 03:25:00+00:00,
2025-11-22 03:30:00+00:00,
2025-11-22 03:35:00+00:00,
2025-11-22 03:40:00+00:00,
2025-11-22 03:45:00+00:00,
2025-11-22 03:50:00+00:00,
2025-11-22 03:55:00+00:00,
2025-11-22 04:00:00+00:00,
2025-11-22 04:05:00+00:00,
2025-11-22 04:10:00+00:00,6.274170398712158
2025-11-22 04:15:00+00:00,6.69172465801239
2025-11-22 04:20:00+00:00,10.13199758529663
2025-11-22 04:25:00+00:00,10.05246901512146
2025-11-22 04:30:00+00:00,10.270998477935791
2025-11-22 04:35:00+00:00,11.128153085708618
2025-11-22 04:40:00+00:00,
2025-11-22 04:45:00+00:00,9.247518062591553
2025-11-22 04:50:00+00:00,9.318968772888182
2025-11-22 04:55:00+00:00,10.795555830001831
2025-11-22 05:00:00+00:00,14.51215124130249
2025-11-22 05:05:00+00:00,5.649912357330322
2025-11-22 05:10:00+00:00,7.962734937667847
2025-11-22 05:15:00+00:00,
2025-11-22 05:20:00+00:00,
2025-11-22 05:25:00+00:00,
2025-11-22 05:30:00+00:00,
2025-11-22 05:35:00+00:00,
2025-11-22 05:40:00+00:00,
2025-11-22 05:45:00+00:00,
2025-11-22 05:50:00+00:00,
2025-11-22 05:55:00+00:00,
2025-11-22 06:00:00+00:00,
2025-11-22 06:05:00+00:00,5.951089859008789
2025-11-22 06:10:00+00:00,13.508574485778809
2025-11-22 06:15:00+00:00,15.39622187614441
2025-11-22 06:20:00+00:00,
2025-11-22 06:25:00+00:00,
2025-11-22 06:30:00+00:00,11.201895952224731
2025-11-22 06:35:00+00:00,9.0384920835495
2025-11-22 06:40:00+00:00,11.081604719161987
2025-11-22 06:45:00+00:00,7.905015707015991
2025-11-22 06:50:00+00:00,10.648188591003418
2025-11-22 06:55:00+00:00,
2025-11-22 07:00:00+00:00,5.955848217010498
2025-11-22 07:05:00+00:00,9.041358947753906
2025-11-22 07:10:00+00:00,4.493699550628662
2025-11-22 07:15:00+00:00,
2025-11-22 07:20:00+00:00,
2025-11-22 07:25:00+00:00,
2025-11-22 07:30:00+00:00,
2025-11-22 07:35:00+00:00,
2025-11-22 07:40:00+00:00,
2025-11-22 07:45:00+00:00,
2025-11-22 07:50:00+00:00,
2025-11-22 07:55:00+00:00,
2025-11-22 08:00:00+00:00,
2025-11-22 08:05:00+00:00,
2025-11-22 08:10:00+00:00,8.58756959438324
2025-11-22 08:15:00+00:00,10.8961923122406
2025-11-22 08:20:00+00:00,7.5838282108306885
2025-11-22 08:25:00+00:00,12.398823261260986
2025-11-22 08:30:00+00:00,11.250309705734251
2025-11-22 08:35:00+00:00,
2025-11-22 08:40:00+00:00,
2025-11-22 08:45:00+00:00,10.40538501739502
2025-11-22 08:50:00+00:00,11.677852392196657
2025-11-22 08:55:00+00:00,8.882067680358887
2025-11-22 09:00:00+00:00,8.981476783752441
2025-11-22 09:05:00+00:00,10.41084599494934
2025-11-22 09:10:00+00:00,
2025-11-22 09:15:00+00:00,
2025-11-22 09:20:00+00:00,
2025-11-22 09:25:00+00:00,
2025-11-22 09:30:00+00:00,
2025-11-22 09:35:00+00:00,
2025-11-22 09:40:00+00:00,
2025-11-22 09:45:00+00:00,
2025-11-22 09:50:00+00:00,
2025-11-22 09:55:00+00:00,
2025-11-22 10:00:00+00:00,
2025-11-22 10:05:00+00:00,8.888495087623596
2025-11-22 10:10:00+00:00,8.9307941198349
2025-11-22 10:15:00+00:00,11.198211669921875
2025-11-22 10:20:00+00:00,8.153597116470337
2025-11-22 10:25:00+00:00,
2025-11-22 10:30:00+00:00,10.682243108749388
2025-11-22 10:35:00+00:00,11.11501955986023
2025-11-22 10:40:00+00:00,6.485374450683594
2025-11-22 10:45:00+00:00,11.325876951217653
2025-11-22 10:50:00+00:00,
2025-11-22 10:55:00+00:00,
2025-11-22 11:00:00+00:00,7.934609889984131
2025-11-22 11:05:00+00:00,9.830589294433594
2025-11-22 11:10:00+00:00,5.910616397857666
2025-11-22 11:15:00+00:00,
2025-11-22 11:20:00+00:00,
2025-11-22 11:25:00+00:00,
2025-11-22 11:30:00+00:00,
2025-11-22 11:35:00+00:00,
2025-11-22 11:40:00+00:00,
2025-11-22 11:45:00+00:00,
2025-11-22 11:50:00+00:00,
2025-11-22 11:55:00+00:00,
2025-11-22 12:00:00+00:00,
2025-11-22 12:05:00+00:00,7.3572815259297695
2025-11-22 12:10:00+00:00,14.619065999984741
2025-11-22 12:15:00+00:00,9.129008769989014
2025-11-22 12:20:00+00:00,9.047683954238892
2025-11-22 12:25:00+00:00,
2025-11-22 12:30:00+00:00,14.373905420303345
2025-11-22 12:35:00+00:00,12.111082553863525
2025-11-22 12:40:00+00:00,11.019190788269043
2025-11-22 12:45:00+00:00,11.204354524612427
2025-11-22 12:50:00+00:00,9.667726039886475
2025-11-22 12:55:00+00:00,
2025-11-22 13:00:00+00:00,8.951448440551758
2025-11-22 13:05:00+00:00,4.953646540641785
2025-11-22 13:10:00+00:00,
2025-11-22 13:15:00+00:00,
2025-11-22 13:20:00+00:00,
2025-11-22 13:25:00+00:00,
2025-11-22 13:30:00+00:00,
2025-11-22 13:35:00+00:00,
2025-11-22 13:40:00+00:00,
2025-11-22 13:45:00+00:00,
2025-11-22 13:50:00+00:00,
2025-11-22 13:55:00+00:00,
2025-11-22 14:00:00+00:00,
2025-11-22 14:05:00+00:00,
2025-11-22 14:10:00+00:00,10.522610664367676
2025-11-22 14:15:00+00:00,9.72012209892273
2025-11-22 14:20:00+00:00,13.912652015686037
2025-11-22 14:25:00+00:00,12.02061653137207
2025-11-22 14:30:00+00:00,10.639079332351685
2025-11-22 14:35:00+00:00,
2025-11-22 14:40:00+00:00,
2025-11-22 14:45:00+00:00,8.992297649383545
2025-11-22 14:50:00+00:00,7.5688475370407104
2025-11-22 14:55:00+00:00,7.735357999801636
2025-11-22 15:00:00+00:00,7.981227993965149
2025-11-22 15:05:00+00:00,4.8005051612854
2025-11-22 15:10:00+00:00,7.785345077514648
2025-11-22 15:15:00+00:00,
2025-11-22 15:20:00+00:00,
2025-11-22 15:25:00+00:00,
2025-11-22 15:30:00+00:00,
2025-11-22 15:35:00+00:00,
2025-11-22 15:40:00+00:00,
2025-11-22 15:45:00+00:00,
2025-11-22 15:50:00+00:00,
2025-11-22 15:55:00+00:00,
2025-11-22 16:00:00+00:00,
2025-11-22 16:05:00+00:00,7.444969415664673
2025-11-22 16:10:00+00:00,9.213305234909056
2025-11-22 16:15:00+00:00,5.993970632553101
2025-11-22 16:20:00+00:00,10.147135019302368
2025-11-22 16:25:00+00:00,
2025-11-22 16:30:00+00:00,15.134227752685547
2025-11-22 16:35:00+00:00,9.858764410018921
2025-11-22 16:40:00+00:00,10.401070356369017
2025-11-22 16:45:00+00:00,11.437557220458984
2025-11-22 16:50:00+00:00,7.629666566848755
2025-11-22 16:55:00+00:00,
2025-11-22 17:00:00+00:00,9.013481616973877
2025-11-22 17:05:00+00:00,6.1905505657196045
2025-11-22 17:10:00+00:00,
2025-11-22 17:15:00+00:00,
2025-11-22 17:20:00+00:00,
2025-11-22 17:25:00+00:00,
2025-11-22 17:30:00+00:00,
2025-11-22 17:35:00+00:00,
2025-11-22 17:40:00+00:00,
2025-11-22 17:45:00+00:00,
2025-11-22 17:50:00+00:00,
2025-11-22 17:55:00+00:00,
2025-11-22 18:00:00+00:00,
2025-11-22 18:05:00+00:00,
2025-11-22 18:10:00+00:00,5.422489404678345
2025-11-22 18:15:00+00:00,6.494425296783447
2025-11-22 18:20:00+00:00,7.9001781940460205
2025-11-22 18:25:00+00:00,6.596135854721069
2025-11-22 18:30:00+00:00,8.867398023605347
2025-11-22 18:35:00+00:00,
2025-11-22 18:40:00+00:00,
2025-11-22 18:45:00+00:00,10.856593608856201
2025-11-22 18:50:00+00:00,9.716708183288574
2025-11-22 18:55:00+00:00,9.89479947090149
2025-11-22 19:00:00+00:00,9.979674339294434
2025-11-22 19:05:00+00:00,3.538191080093384
2025-11-22 19:10:00+00:00,
2025-11-22 19:15:00+00:00,
2025-11-22 19:20:00+00:00,
2025-11-22 19:25:00+00:00,
2025-11-22 19:30:00+00:00,
2025-11-22 19:35:00+00:00,
2025-11-22 19:40:00+00:00,
2025-11-22 19:45:00+00:00,
2025-11-22 19:50:00+00:00,
2025-11-22 19:55:00+00:00,
2025-11-22 20:00:00+00:00,
2025-11-22 20:05:00+00:00,6.003789265950521
2025-11-22 20:10:00+00:00,9.03821873664856
2025-11-22 20:15:00+00:00,9.592085361480713
2025-11-22 20:20:00+00:00,9.153791904449463
2025-11-22 20:25:00+00:00,
2025-11-22 20:30:00+00:00,11.244897842407227
2025-11-22 20:35:00+00:00,8.6184241771698
2025-11-22 20:40:00+00:00,8.80717396736145
2025-11-22 20:45:00+00:00,11.843116283416748
2025-11-22 20:50:00+00:00,6.723355054855347
2025-11-22 20:55:00+00:00,8.372388482093811
2025-11-22 21:00:00+00:00,12.467835187911989
2025-11-22 21:05:00+00:00,6.329393625259399
2025-11-22 21:10:00+00:00,
2025-11-22 21:15:00+00:00,
2025-11-22 21:20:00+00:00,
2025-11-22 21:25:00+00:00,
2025-11-22 21:30:00+00:00,
2025-11-22 21:35:00+00:00,
2025-11-22 21:40:00+00:00,
2025-11-22 21:45:00+00:00,
2025-11-22 21:50:00+00:00,
2025-11-22 21:55:00+00:00,
2025-11-22 22:00:00+00:00,
2025-11-22 22:05:00+00:00,5.58819842338562
2025-11-22 22:10:00+00:00,7.66239607334137
2025-11-22 22:15:00+00:00,11.660841464996338
2025-11-22 22:20:00+00:00,
2025-11-22 22:25:00+00:00,9.265111207962036
2025-11-22 22:30:00+00:00,11.437209367752075
2025-11-22 22:35:00+00:00,9.669710397720337
2025-11-22 22:40:00+00:00,10.924083709716799
2025-11-22 22:45:00+00:00,8.964845895767212
2025-11-22 22:50:00+00:00,
2025-11-22 22:55:00+00:00,12.075778007507324
2025-11-22 23:00:00+00:00,10.121363162994385
2025-11-22 23:05:00+00:00,7.302308559417725
2025-11-22 23:10:00+00:00,6.733318328857422
2025-11-22 23:15:00+00:00,
2025-11-22 23:20:00+00:00,
2025-11-22 23:25:00+00:00,
2025-11-22 23:30:00+00:00,
2025-11-22 23:35:00+00:00,
2025-11-22 23:40:00+00:00,
2025-11-22 23:45:00+00:00,
2025-11-22 23:50:00+00:00,
2025-11-22 23:55:00+00:00,
2025-11-23 00:00:00+00:00,
2025-11-23 00:05:00+00:00,9.301544785499573
2025-11-23 00:10:00+00:00,9.238260269165039
2025-11-23 00:15:00+00:00,8.321974992752075
2025-11-23 00:20:00+00:00,
2025-11-23 00:25:00+00:00,8.345452547073364
2025-11-23 00:30:00+00:00,11.387545585632324
2025-11-23 00:35:00+00:00,13.451740503311155
2025-11-23 00:40:00+00:00,12.816885471343992
2025-11-23 00:45:00+00:00,10.235966682434082
2025-11-23 00:50:00+00:00,
2025-11-23 00:55:00+00:00,10.692574977874756
2025-11-23 01:00:00+00:00,9.107061386108398
2025-11-23 01:05:00+00:00,9.415766954421997
2025-11-23 01:10:00+00:00,
2025-11-23 01:15:00+00:00,
2025-11-23 01:20:00+00:00,
2025-11-23 01:25:00+00:00,
2025-11-23 01:30:00+00:00,
2025-11-23 01:35:00+00:00,
2025-11-23 01:40:00+00:00,
2025-11-23 01:45:00+00:00,
2025-11-23 01:50:00+00:00,
2025-11-23 01:55:00+00:00,
2025-11-23 02:00:00+00:00,
2025-11-23 02:05:00+00:00,
2025-11-23 02:10:00+00:00,8.44930624961853
2025-11-23 02:15:00+00:00,10.281113862991333
2025-11-23 02:20:00+00:00,7.058657407760619
2025-11-23 02:25:00+00:00,12.497241973876953
2025-11-23 02:30:00+00:00,11.31266736984253
2025-11-23 02:35:00+00:00,
2025-11-23 02:40:00+00:00,10.923957824707031
2025-11-23 02:45:00+00:00,13.631115198135376
2025-11-23 02:50:00+00:00,10.34522008895874
2025-11-23 02:55:00+00:00,14.53828740119934
2025-11-23 03:00:00+00:00,8.887365102767944
2025-11-23 03:05:00+00:00,7.748334169387817
2025-11-23 03:10:00+00:00,
2025-11-23 03:15:00+00:00,
2025-11-23 03:20:00+00:00,
2025-11-23 03:25:00+00:00,
2025-11-23 03:30:00+00:00,
2025-11-23 03:35:00+00:00,
2025-11-23 03:40:00+00:00,
2025-11-23 03:45:00+00:00,
2025-11-23 03:50:00+00:00,
2025-11-23 03:55:00+00:00,
2025-11-23 04:00:00+00:00,
2025-11-23 04:05:00+00:00,
2025-11-23 04:10:00+00:00,13.002190947532654
2025-11-23 04:15:00+00:00,11.065996885299683
2025-11-23 04:20:00+00:00,12.374553442001343
2025-11-23 04:25:00+00:00,10.949715375900269
2025-11-23 04:30:00+00:00,10.292577266693115
2025-11-23 04:35:00+00:00,
2025-11-23 04:40:00+00:00,11.584230184555054
2025-11-23 04:45:00+00:00,12.560463190078735
2025-11-23 04:50:00+00:00,13.025725364685059
2025-11-23 04:55:00+00:00,12.444222450256348
2025-11-23 05:00:00+00:00,13.138623237609863
2025-11-23 05:05:00+00:00,
2025-11-23 05:10:00+00:00,7.006473898887634
2025-11-23 05:15:00+00:00,
2025-11-23 05:20:00+00:00,
2025-11-23 05:25:00+00:00,
2025-11-23 05:30:00+00:00,
2025-11-23 05:35:00+00:00,
2025-11-23 05:40:00+00:00,
2025-11-23 05:45:00+00:00,
2025-11-23 05:50:00+00:00,
2025-11-23 05:55:00+00:00,
2025-11-23 06:00:00+00:00,
2025-11-23 06:05:00+00:00,9.078365445137024
2025-11-23 06:10:00+00:00,15.355993270874023
2025-11-23 06:15:00+00:00,12.249868392944336
2025-11-23 06:20:00+00:00,
2025-11-23 06:25:00+00:00,12.88354229927063
2025-11-23 06:30:00+00:00,6.534824728965759
2025-11-23 06:35:00+00:00,8.722731113433838
2025-11-23 06:40:00+00:00,9.821105241775513
2025-11-23 06:45:00+00:00,12.138875246047974
2025-11-23 06:50:00+00:00,
2025-11-23 06:55:00+00:00,10.121259689331055
2025-11-23 07:00:00+00:00,7.4015748500823975
2025-11-23 07:05:00+00:00,9.948337197303772
2025-11-23 07:10:00+00:00,
2025-11-23 07:15:00+00:00,
2025-11-23 07:20:00+00:00,
2025-11-23 07:25:00+00:00,
2025-11-23 07:30:00+00:00,
2025-11-23 07:35:00+00:00,
2025-11-23 07:40:00+00:00,
2025-11-23 07:45:00+00:00,
2025-11-23 07:50:00+00:00,
2025-11-23 07:55:00+00:00,
2025-11-23 08:00:00+00:00,
2025-11-23 08:05:00+00:00,6.111769676208496
2025-11-23 08:10:00+00:00,10.863623857498169
2025-11-23 08:15:00+00:00,10.1720290184021
2025-11-23 08:20:00+00:00,
2025-11-23 08:25:00+00:00,10.902958631515503
2025-11-23 08:30:00+00:00,12.242127656936646
2025-11-23 08:35:00+00:00,10.169881582260132
2025-11-23 08:40:00+00:00,10.240705251693724
2025-11-23 08:45:00+00:00,20.911407709121704
2025-11-23 08:50:00+00:00,
2025-11-23 08:55:00+00:00,11.306108713150024
2025-11-23 09:00:00+00:00,10.251585006713867
2025-11-23 09:05:00+00:00,7.0021504163742065
2025-11-23 09:10:00+00:00,
2025-11-23 09:15:00+00:00,
2025-11-23 09:20:00+00:00,
2025-11-23 09:25:00+00:00,
2025-11-23 09:30:00+00:00,
2025-11-23 09:35:00+00:00,
2025-11-23 09:40:00+00:00,
2025-11-23 09:45:00+00:00,
2025-11-23 09:50:00+00:00,
2025-11-23 09:55:00+00:00,
2025-11-23 10:00:00+00:00,
2025-11-23 10:05:00+00:00,
2025-11-23 10:10:00+00:00,8.901059985160828
2025-11-23 10:15:00+00:00,9.413806438446045
2025-11-23 10:20:00+00:00,11.313636779785156
2025-11-23 10:25:00+00:00,13.285324573516846
2025-11-23 10:30:00+00:00,11.289145231246948
2025-11-23 10:35:00+00:00,
2025-11-23 10:40:00+00:00,12.403425216674805
2025-11-23 10:45:00+00:00,9.94766116142273
2025-11-23 10:50:00+00:00,10.153091192245483
2025-11-23 10:55:00+00:00,9.94762921333313
2025-11-23 11:00:00+00:00,10.72662091255188
2025-11-23 11:05:00+00:00,
2025-11-23 11:10:00+00:00,5.816464781761169
2025-11-23 11:15:00+00:00,
2025-11-23 11:20:00+00:00,
2025-11-23 11:25:00+00:00,
2025-11-23 11:30:00+00:00,
2025-11-23 11:35:00+00:00,
2025-11-23 11:40:00+00:00,
2025-11-23 11:45:00+00:00,
2025-11-23 11:50:00+00:00,
2025-11-23 11:55:00+00:00,
2025-11-23 12:00:00+00:00,
2025-11-23 12:05:00+00:00,
2025-11-23 12:10:00+00:00,10.816798329353333
2025-11-23 12:15:00+00:00,13.289947748184204
2025-11-23 12:20:00+00:00,9.364849328994751
2025-11-23 12:25:00+00:00,12.422122240066528
2025-11-23 12:30:00+00:00,12.4308762550354
2025-11-23 12:35:00+00:00,
2025-11-23 12:40:00+00:00,10.873227596282959
2025-11-23 12:45:00+00:00,10.143227338790894
2025-11-23 12:50:00+00:00,9.130677938461302
2025-11-23 12:55:00+00:00,11.311168432235718
2025-11-23 13:00:00+00:00,9.904201745986938
2025-11-23 13:05:00+00:00,4.399670600891113
2025-11-23 13:10:00+00:00,
2025-11-23 13:15:00+00:00,
2025-11-23 13:20:00+00:00,
2025-11-23 13:25:00+00:00,
2025-11-23 13:30:00+00:00,
2025-11-23 13:35:00+00:00,
2025-11-23 13:40:00+00:00,
2025-11-23 13:45:00+00:00,
2025-11-23 13:50:00+00:00,
2025-11-23 13:55:00+00:00,
2025-11-23 14:00:00+00:00,
2025-11-23 14:05:00+00:00,
2025-11-23 14:10:00+00:00,9.031676173210144
2025-11-23 14:15:00+00:00,9.122748613357544
2025-11-23 14:20:00+00:00,11.363767623901367
2025-11-23 14:25:00+00:00,10.836750984191895
2025-11-23 14:30:00+00:00,11.194212675094604
2025-11-23 14:35:00+00:00,
2025-11-23 14:40:00+00:00,8.930870294570923
2025-11-23 14:45:00+00:00,8.91055154800415
2025-11-23 14:50:00+00:00,8.541243076324463
2025-11-23 14:55:00+00:00,11.614369869232178
2025-11-23 15:00:00+00:00,9.925076723098755
2025-11-23 15:05:00+00:00,8.827436685562134
2025-11-23 15:10:00+00:00,
2025-11-23 15:15:00+00:00,
2025-11-23 15:20:00+00:00,
2025-11-23 15:25:00+00:00,
2025-11-23 15:30:00+00:00,
2025-11-23 15:35:00+00:00,
2025-11-23 15:40:00+00:00,
2025-11-23 15:45:00+00:00,
2025-11-23 15:50:00+00:00,
2025-11-23 15:55:00+00:00,
2025-11-23 16:00:00+00:00,
2025-11-23 16:05:00+00:00,8.351129412651062
2025-11-23 16:10:00+00:00,12.096630334854126
2025-11-23 16:15:00+00:00,11.295017480850218
2025-11-23 16:20:00+00:00,
2025-11-23 16:25:00+00:00,11.839392900466919
2025-11-23 16:30:00+00:00,10.089893102645874
2025-11-23 16:35:00+00:00,10.715030431747437
2025-11-23 16:40:00+00:00,11.249225616455078
2025-11-23 16:45:00+00:00,9.964411973953247
2025-11-23 16:50:00+00:00,
2025-11-23 16:55:00+00:00,11.172091960906982
2025-11-23 17:00:00+00:00,9.914599180221558
2025-11-23 17:05:00+00:00,9.856085062026978
2025-11-23 17:10:00+00:00,5.842840671539307
2025-11-23 17:15:00+00:00,
2025-11-23 17:20:00+00:00,
2025-11-23 17:25:00+00:00,
2025-11-23 17:30:00+00:00,
2025-11-23 17:35:00+00:00,
2025-11-23 17:40:00+00:00,
2025-11-23 17:45:00+00:00,
2025-11-23 17:50:00+00:00,
2025-11-23 17:55:00+00:00,
2025-11-23 18:00:00+00:00,
2025-11-23 18:05:00+00:00,8.006178617477417
2025-11-23 18:10:00+00:00,10.16909718513489
2025-11-23 18:15:00+00:00,10.95057201385498
2025-11-23 18:20:00+00:00,
2025-11-23 18:25:00+00:00,13.02609395980835
2025-11-23 18:30:00+00:00,14.932512521743776
2025-11-23 18:35:00+00:00,10.39293098449707
2025-11-23 18:40:00+00:00,9.19571876525879
2025-11-23 18:45:00+00:00,11.236486673355103
2025-11-23 18:50:00+00:00,
2025-11-23 18:55:00+00:00,10.30300498008728
2025-11-23 19:00:00+00:00,11.376674890518188
